Timestamps, W/m2 Solar Radiation, mm Precipitation, Lightning Activity, km Lightning Distance, degrees Wind Direction, m/s Wind Speed, m/s Gust Speed, degree_C Air Temperature, kPa Vapor Pressure, kPa Atmospheric Pressure, degrees X-axis Level, degrees Y-axis Level, mm/h Max Precip Rate, degree_C RH Sensor Temp, kPa VPD, m3/m3 Water Content, degree_C Soil Temperature, mS/cm Saturation Extract EC, m3/m3 Water Content, degree_C Soil Temperature, mS/cm Saturation Extract EC, kPa Matric Potential, degree_C Soil Temperature, degree_C 5 cm Soil Temperature 1, degree_C 10 cm Soil Temperature 2, degree_C 20 cm Soil Temperature 3, degree_C 30 cm Soil Temperature 4, degree_C 50 cm Soil Temperature 5, degree_C 100 cm Soil Temperature 6,% Battery Percent, mV Battery Voltage, kPa Reference Pressure, degree_C Logger Temperature
04/26/2025 12:05:00 PM,171.4,0,0,0,45,2.85,4.79,7.8,0.488,93.56,-0.8,1,0,12.7,0.57,0.298,12.9,0.831,0.358,9.1,1.061,-36542.3,15.4,24.92,21.16,18.51,20.65,19.69,7.72,100,8080,93.52,15
04/26/2025 12:10:00 PM,734.6,0,0,0,44,3.15,5.38,8.4,0.464,93.54,-1.4,0.8,0,12.2,0.64,0.298,12.2,0.848,0.358,9,1.066,-34111.1,14,23.56,19.72,17.75,16.48,13.27,5.2,100,8796,93.5,14.6
04/26/2025 12:15:00 PM,851.6,0,0,0,35,2.87,3.77,8.6,0.46,93.53,-1.8,1.2,0,12.5,0.66,0.298,12.1,0.852,0.358,9,1.07,-32292,15.1,20.47,17.97,18.88,14.56,9.83,4.41,100,8241,93.49,16.9
04/26/2025 12:20:00 PM,906.6,0,0,0,357,2.88,5.1,8.8,0.462,93.53,-1.2,1.4,0,12.9,0.67,0.299,12.3,0.847,0.359,9,1.073,-29167.3,16.5,19.9,19.16,21.95,14.47,8.86,4.28,100,8254,93.52,17.4
04/26/2025 12:25:00 PM,906.6,0,0,0,56,2.82,5.96,8.9,0.468,93.53,-0.6,1.6,0,13.4,0.67,0.298,12.7,0.84,0.359,9,1.076,-24232.3,17.9,21.79,19.8,22.81,15,8.42,4.21,100,8248,93.53,18
04/26/2025 12:30:00 PM,305.8,0,0,0,49,2.54,5.62,8.3,0.454,93.55,-1.2,1.5,0,13,0.64,0.298,12.7,0.838,0.359,9,1.081,-21781.9,18.2,19.44,17.74,20.09,15.48,8.18,4.17,100,8170,93.53,17.5
04/26/2025 12:35:00 PM,770.8,0,0,0,23,2.6,5.48,8.9,0.456,93.54,-1,1.5,0,12.7,0.69,0.298,12.5,0.847,0.359,9,1.088,-22029,16.6,18.56,17.51,20.24,15.26,8.06,4.16,100,8282,93.54,16.8
04/26/2025 12:40:00 PM,723.8,0,0,0,26,2.45,3.93,9.2,0.45,93.54,-0.8,1.4,0,12.9,0.71,0.298,12.6,0.846,0.359,9,1.088,-21776.9,16.4,19.85,18.47,21.91,15.37,7.96,4.16,100,8285,93.54,16.8
04/26/2025 12:45:00 PM,583.2,0,0,0,16,2.26,3.68,9.2,0.44,93.55,-1,1.3,0,13.1,0.73,0.298,12.7,0.846,0.359,9,1.09,-19746.7,16.5,19.89,18.68,22.05,15.69,7.89,4.14,100,8186,93.54,16.8
04/26/2025 12:50:00 PM,885.6,0,0,0,26,2.79,5.16,9.4,0.452,93.54,-0.8,1.9,0,13.5,0.73,0.298,12.7,0.846,0.359,9.1,1.087,-20026.1,16.6,20.68,19.07,22.62,15.88,7.85,4.15,100,8356,93.53,16.6
04/26/2025 12:55:00 PM,830.6,0,0,0,31,3.17,4.82,9.7,0.438,93.54,-0.8,1.6,0,13.6,0.76,0.298,12.8,0.846,0.359,9.1,1.092,-19015,17.3,21.58,19.42,22.79,16.25,7.81,4.14,100,8376,93.53,16.6
04/26/2025 01:00:00 PM,645,0,0,0,9,2.65,5.32,9.2,0.422,93.55,-0.8,1.4,0,13.6,0.74,0.295,12.9,0.852,0.359,9.2,1.094,-17680.5,17.7,20.99,19.98,23.55,16.58,7.79,4.13,100,8393,93.53,16.8
04/26/2025 01:05:00 PM,470.2,0,0,0,347,2.39,4.71,9.2,0.424,93.54,-1.1,1.5,0,13.4,0.74,0.294,13.4,0.831,0.359,9.3,1.059,-17103.9,17.5,19.16,19.07,22.01,16.67,7.77,4.14,100,8233,93.53,16.8
04/26/2025 01:10:00 PM,293.4,0,0,0,6,2.26,3.99,8.9,0.422,93.55,-0.7,1.3,0,12.8,0.72,0.294,13.5,0.835,0.359,9.3,1.089,-16356.7,16.6,16.45,16.32,18.55,16.29,7.76,4.13,100,8234,93.53,16.3
04/26/2025 01:15:00 PM,293.8,0,0,0,10,3.23,4.78,8.5,0.418,93.56,-0.7,1.5,0,12.2,0.69,0.294,13.1,0.846,0.359,9.3,1.087,-16024.9,15.4,14.85,14.47,16.15,15.61,7.73,4.13,100,8371,93.54,15.6
04/26/2025 01:20:00 PM,921.8,0,0,0,17,2.8,5.23,9.8,0.434,93.55,-1.1,1,0,12.3,0.78,0.294,13.2,0.843,0.359,9.3,1.082,-16737.7,15.3,18,16.41,18.78,15.09,7.73,4.13,100,8456,93.54,15.3
04/26/2025 01:25:00 PM,338.8,0,0,0,339,2.41,3.47,9.1,0.41,93.57,-1,1.5,0,12.5,0.74,0.294,14.2,0.819,0.359,9.4,1.059,-15135.5,16.4,17.45,17.69,19.96,15.37,7.73,4.14,100,8251,93.55,15.7
04/26/2025 01:30:00 PM,422.4,0,0,0,22,3.15,5.18,8.7,0.398,93.57,-0.4,1.6,0,12.2,0.73,0.294,14.1,0.83,0.359,9.4,1.059,-14784.1,15.8,15.95,15.73,17.39,15.28,7.72,4.14,100,8266,93.55,15.3
04/26/2025 01:35:00 PM,311,0,0,0,24,3.1,4.13,8.7,0.388,93.57,-1.5,0.9,0,11.8,0.73,0.296,13.9,0.835,0.359,9.4,1.096,-14174.1,15,15.37,14.84,16.2,14.96,7.71,4.14,100,8257,93.55,14.8
04/26/2025 01:40:00 PM,341.2,0,0,0,350,2.19,3.7,8.6,0.394,93.57,-0.8,1.6,0,11.5,0.73,0.296,13.6,0.846,0.359,9.4,1.106,-14397.8,13.9,14.15,14.44,15.77,14.59,7.71,4.14,100,8263,93.56,14.5
04/26/2025 01:45:00 PM,304.2,0,0,0,36,1.98,4.31,8.7,0.4,93.58,-1.1,1.5,0,11.4,0.72,0.297,13.4,0.851,0.36,9.5,1.099,-13816.4,13.2,14.39,14.12,15.47,14.3,7.72,4.14,100,8261,93.56,14.2
04/26/2025 01:50:00 PM,240.6,0,0,0,23,3,5.54,8.5,0.41,93.58,-1,1.7,0,11.2,0.7,0.296,13.2,0.855,0.359,9.5,1.105,-13648.8,12.8,13.69,13.25,14.47,14.07,7.72,4.14,100,8247,93.56,13.8
04/26/2025 01:55:00 PM,232,0,0,0,14,2.6,4.16,8.4,0.396,93.58,-1.4,1.7,0,10.8,0.71,0.296,12.9,0.863,0.359,9.5,1.102,-13573.6,12.5,12.93,12.72,13.85,13.75,7.71,4.14,100,8254,93.57,13.3
04/26/2025 02:00:00 PM,278.8,0,0,0,19,2.55,4.23,8.4,0.402,93.59,-1.2,2.1,0,10.7,0.7,0.296,12.6,0.867,0.359,9.5,1.105,-13896.2,12.2,12.95,12.74,13.73,13.43,7.71,4.13,100,8267,93.57,13
04/26/2025 02:05:00 PM,320,0,0,0,27,2.63,3.87,8.4,0.404,93.58,-1.1,1.2,0,10.5,0.7,0.296,12.6,0.867,0.359,9.5,1.107,-13347.4,12,13.4,12.91,13.92,13.24,7.72,4.14,100,8289,93.57,12.8
04/26/2025 02:10:00 PM,387.4,0,0,0,16,2.82,4.32,8.4,0.418,93.58,-1.3,1.2,0,10.6,0.68,0.299,12.7,0.867,0.359,9.5,1.105,-13835.5,11.9,14.4,13.68,14.85,13.17,7.73,4.15,100,8317,93.57,12.7
04/26/2025 02:15:00 PM,266.2,0,0,0,8,2.74,4.3,8.1,0.422,93.58,-1.3,1.8,0,10.6,0.65,0.299,12.5,0.873,0.36,9.6,1.106,-14021.5,11.9,14.03,13.67,15,13.26,7.73,4.15,100,8282,93.57,12.6
04/26/2025 02:20:00 PM,213.4,0,0,0,333,2.34,5.39,8,0.42,93.58,-0.9,1.4,0,10.4,0.65,0.298,12.3,0.882,0.36,9.6,1.106,-13845.1,11.8,12.92,12.94,14.11,13.17,7.73,4.14,100,8284,93.57,12.3
04/26/2025 02:25:00 PM,241.4,0,0,0,16,2.2,3.97,8.3,0.424,93.58,-1.5,1.3,0,10.2,0.67,0.298,12,0.888,0.359,9.6,1.079,-14315.1,11.6,13.23,12.69,13.79,12.97,7.73,4.14,100,8301,93.57,12
04/26/2025 02:30:00 PM,298.6,0,0,0,26,2.43,3.73,8.4,0.428,93.58,-1.5,1.5,0,10.2,0.68,0.298,12,0.883,0.36,9.6,1.093,-14092.7,11.5,13.64,12.79,13.71,12.8,7.76,4.14,100,8320,93.57,11.9
04/26/2025 02:35:00 PM,350.2,0,0,0,345,2.52,3.91,8.3,0.442,93.58,-1.4,1.7,0,10.3,0.65,0.298,12.3,0.876,0.36,9.6,1.106,-14414.4,11.4,13.57,13.24,14.28,12.73,7.77,4.15,100,8349,93.57,12
04/26/2025 02:40:00 PM,362.6,0,0,0,4,4.46,9.81,8.5,0.442,93.58,-1.5,1.3,0,10.5,0.67,0.298,12.6,0.873,0.359,9.6,1.104,-14272.4,11.4,13.62,13.21,14.27,12.75,7.77,4.15,100,8334,93.57,12.1
04/26/2025 02:45:00 PM,339.2,0,0,0,20,2.69,4.38,8.7,0.442,93.59,-1.2,0.9,0,10.5,0.68,0.298,12.8,0.868,0.359,9.6,1.107,-14621.6,11.4,13.95,13.27,14.42,12.74,7.78,4.16,100,8339,93.58,12.1
04/26/2025 02:50:00 PM,371.2,0,0,0,2,2.64,4.03,8.7,0.452,93.59,-1,1.3,0,10.7,0.67,0.298,12.9,0.861,0.359,9.6,1.104,-14138.2,11.5,14.21,13.9,15.08,12.8,7.8,4.16,100,8343,93.58,12.2
04/26/2025 02:55:00 PM,374.2,0,0,0,6,2.91,4.01,8.3,0.452,93.59,-1.2,0.5,0,10.7,0.64,0.309,13.1,0.902,0.36,9.6,1.108,-14047.4,11.5,14.25,13.82,15.18,12.89,7.8,4.16,100,8364,93.58,12.3
04/26/2025 03:00:00 PM,415.4,0,0,0,356,2.23,3.28,8.7,0.456,93.59,-1.1,1.4,0,10.8,0.67,0.311,13.2,0.902,0.361,9.6,1.116,-13458.5,11.6,14.68,14.48,16,12.99,7.82,4.16,100,8370,93.57,12.4
04/26/2025 03:05:00 PM,405.4,0,0,0,20,2.4,3.7,8.4,0.454,93.59,-1.4,1.5,0,11,0.65,0.311,13.4,0.903,0.361,9.6,1.121,-12962.7,11.7,15.11,14.34,15.98,13.14,7.83,4.16,100,8381,93.57,12.5
04/26/2025 03:10:00 PM,779,0,0,0,11,2.87,4.86,9.3,0.448,93.57,-1.2,1.3,0,11.3,0.72,0.311,13.8,0.893,0.361,9.6,1.095,-12656,11.8,17.73,15.65,17.54,13.33,7.84,4.16,100,8764,93.57,12.8
04/26/2025 03:15:00 PM,801.2,0,0,0,11,2.85,4.34,9.8,0.442,93.57,-1,1.9,0,12,0.77,0.311,15.1,0.862,0.361,9.7,1.077,-12178.5,12.1,20.99,18.05,20.52,13.91,7.85,4.17,100,8311,93.4,15.9
04/26/2025 03:15:00 PM,754,0,0,0,19,5.01,5,9.5,0.45,93.57,-1.8,2.2,0,12.3,0.74,0.31,15.6,0.856,0.36,9.7,1.081,-12396.4,12.3,21.69,18.27,20.63,14.27,7.84,4.14,100,8612,93.54,16.8
04/26/2025 03:20:00 PM,709.8,0,0,0,29,3.07,3.53,9.7,0.45,93.57,-0.9,1.4,0,12.4,0.75,0.31,15.6,0.861,0.361,9.7,1.077,-11901.3,12.5,21.45,18.46,20.4,14.66,7.86,4.16,100,8998,93.37,17.7
04/26/2025 03:25:00 PM,545,0,0,0,35,2.47,4.39,9.4,0.446,93.58,-1.3,1.3,0,12.5,0.73,0.311,15,0.883,0.361,9.8,1.076,-12209.4,12.7,21.19,18.31,20.08,15.04,7.87,4.16,100,8874,93.42,18.3
04/26/2025 03:30:00 PM,516.8,0,0,0,23,2.89,5.28,9.6,0.46,93.58,-1,1.6,0,12.7,0.74,0.31,14.3,0.901,0.361,9.8,1.094,-11794.9,12.4,20.67,18.12,19.87,15.21,7.87,4.16,100,8800,93.43,18.5
04/26/2025 03:35:00 PM,241.6,0,0,0,43,2.07,3.13,9.3,0.446,93.59,-0.9,1.6,0,12.4,0.72,0.31,13.7,0.92,0.361,9.8,1.117,-12305.4,12.1,17.86,16.43,17.95,15.19,7.91,4.16,100,8404,93.53,16.9
04/26/2025 03:40:00 PM,448.2,0,0,0,57,2.42,5.32,9,0.434,93.58,-0.9,1.5,0,12,0.71,0.31,13.2,0.931,0.361,9.8,1.12,-11898.6,11.8,16.72,14.51,15.5,14.77,7.91,4.17,100,8513,93.44,15.6
04/26/2025 03:45:00 PM,754.8,0,0,0,24,2.6,4.29,10.1,0.442,93.57,-1.1,1.3,0,12.3,0.8,0.31,12.8,0.939,0.361,9.9,1.117,-12229.1,11.6,21.11,17.28,18.77,14.53,7.92,4.17,100,8495,93.36,18.5
04/26/2025 03:50:00 PM,734.2,0,0,0,22,3.04,5.06,10.2,0.444,93.57,-0.5,1.8,0,12.7,0.8,0.311,12.5,0.948,0.361,9.9,1.122,-11822.1,11.5,22.7,19,20.95,14.99,7.92,4.17,100,8458,93.38,19.4
04/26/2025 03:55:00 PM,536.6,0,0,0,31,2.64,4.04,9.8,0.442,93.58,-1.4,1.4,0,12.9,0.77,0.311,12.3,0.949,0.361,10,1.121,-11587.7,11.6,22.51,19.02,20.91,15.45,7.94,4.16,100,8403,93.45,19
04/26/2025 04:00:00 PM,381.4,0,0,0,12,1.71,2.55,9,0.428,93.59,-1.3,1.9,0,12.6,0.72,0.31,12.2,0.952,0.361,10,1.121,-11357.8,11.5,18.97,17.67,19.57,15.58,7.94,4.18,100,8501,93.48,17.4
04/26/2025 04:05:00 PM,564.8,0,0,0,51,1.77,2.99,9.5,0.432,93.58,-1.1,1.3,0,12.6,0.76,0.311,12,0.953,0.361,10,1.074,-11590.3,11.4,21.23,17.7,18.96,15.4,7.95,4.17,100,8485,93.43,18.1
04/26/2025 04:10:00 PM,493.6,0,0,0,50,1.4,2.3,10.2,0.434,93.58,-1,1.4,0,12.8,0.81,0.311,11.8,0.947,0.361,10.1,1.075,-11336.9,11.5,22.99,19.57,20.88,15.48,7.97,4.18,100,8450,93.45,19.2
04/26/2025 04:15:00 PM,339.2,0,0,0,64,2.79,5.79,9.4,0.422,93.59,-0.8,1.5,0,12.9,0.76,0.311,11.7,0.96,0.361,10.1,1.073,-11028,11.6,21.45,18.57,19.27,15.63,7.97,4.18,100,8399,93.48,18
04/26/2025 04:20:00 PM,138.2,0,0,0,26,3.14,4.03,8.7,0.41,93.59,-0.9,2.6,0,12.3,0.71,0.311,11.6,0.954,0.361,10.1,1.08,-10725,11.6,16.15,15.09,16.32,15.38,7.99,4.18,100,8381,93.55,14.3
04/26/2025 04:25:00 PM,322.8,0,0,0,53,1.7,3.6,9,0.402,93.6,-1.1,1.6,0,11.8,0.75,0.311,11.4,0.964,0.36,10.1,1.076,-10841.7,11.4,15.66,13.98,14.72,14.73,8.01,4.19,100,8415,93.52,13.6
04/26/2025 04:30:00 PM,240.2,0,0,0,66,1.7,3.39,8.9,0.398,93.59,-1.2,1.4,0,11.5,0.74,0.311,11.2,0.962,0.361,10.1,1.081,-10678.1,11.2,16.2,14.64,15.21,14.31,8.01,4.19,100,8545,93.53,14.3
04/26/2025 04:35:00 PM,575,0,0,0,34,2.17,3.57,10.1,0.412,93.58,-1.1,1.2,0,11.8,0.82,0.311,11.1,0.964,0.361,10.1,1.083,-10444.7,11.2,19.42,16.13,16.84,14.16,8.02,4.17,100,8560,93.53,15.2
04/26/2025 04:40:00 PM,574.8,0,0,0,6,2.1,4.13,10.2,0.41,93.58,-1.1,1.5,0,12.2,0.83,0.311,11.1,0.963,0.361,10.1,1.081,-9990.7,11.4,21.47,18.37,19.61,14.37,8.04,4.18,100,8533,93.57,15.3
04/26/2025 04:45:00 PM,330.2,0,0,0,22,1.74,3.02,9.9,0.4,93.59,-1.2,1.2,0,12.5,0.82,0.311,11.1,0.965,0.36,10.1,1.079,-9849.1,11.8,20.48,18.53,19.94,14.74,8.04,4.18,100,8456,93.57,15.4
04/26/2025 04:50:00 PM,278.8,0,0,0,41,2.11,5.64,9.5,0.408,93.6,-1,1.5,0,12.4,0.78,0.311,11,0.971,0.36,10.1,1.081,-9871.8,12,17.73,16.33,17.71,14.81,8.07,4.18,100,8449,93.58,15
04/26/2025 04:55:00 PM,253,0,0,0,71,1.48,3.62,9.4,0.41,93.6,-1.2,1.7,0,12.2,0.77,0.311,11,0.969,0.36,10.1,1.083,-9754.3,12,15.85,14.99,15.83,14.54,8.08,4.18,100,8453,93.58,14.6
04/26/2025 05:00:00 PM,213.6,0,0,0,104,2.06,5.74,9.2,0.41,93.6,-1.2,1.6,0,11.9,0.75,0.311,11,0.967,0.36,10.1,1.083,-9700.5,11.9,15.06,14.25,14.65,14.23,8.08,4.19,100,8431,93.58,14.1
04/26/2025 05:05:00 PM,181.8,0,0,0,84,1.15,2.88,9.3,0.412,93.6,-1.2,1.5,0,11.6,0.76,0.311,11,0.969,0.36,10.1,1.086,-9455.7,11.8,14.46,13.63,14.07,13.92,8.1,4.19,100,8434,93.58,13.7
04/26/2025 05:10:00 PM,183.8,0,0,0,70,2.03,3.34,9.1,0.402,93.6,-1.3,1.4,0,11.3,0.75,0.311,10.9,0.972,0.361,10.1,1.081,-9700.5,11.6,14.17,12.97,13.31,13.62,8.11,4.19,100,8472,93.58,13.2
04/26/2025 05:15:00 PM,229.4,0,0,0,72,1.66,2.7,9.2,0.402,93.6,-1.2,1.6,0,11.1,0.76,0.311,10.8,0.972,0.36,10.1,1.081,-9713.9,11.4,14.92,13.25,13.44,13.38,8.12,4.19,100,8432,93.58,12.9
04/26/2025 05:20:00 PM,194.4,0,0,0,77,1.55,4.1,9.2,0.398,93.6,-1.2,1.4,0,10.9,0.76,0.311,10.7,0.975,0.36,10.1,1.078,-9901.4,11.3,14.64,13.37,13.51,13.17,8.13,4.19,100,8426,93.58,12.7
04/26/2025 05:25:00 PM,177.6,0,0,0,52,1.9,3.26,8.9,0.392,93.6,-1.4,1.5,0,10.8,0.75,0.311,10.6,0.975,0.36,10.1,1.081,-10101.7,11.2,13.89,12.73,13.06,13,8.14,4.19,100,8459,93.58,12.4
04/26/2025 05:30:00 PM,110,0,0,0,61,1.83,4.5,8.8,0.39,93.6,-1.1,1.6,0,10.5,0.74,0.311,10.5,0.976,0.36,10.1,1.083,-9905.9,11.1,12.92,12.02,12.23,12.77,8.15,4.19,100,8393,93.58,12.1
04/26/2025 05:35:00 PM,133.4,0,0,0,65,1.88,3.19,8.6,0.388,93.61,-1.4,1.6,0,10.2,0.73,0.311,10.4,0.976,0.36,10.1,1.081,-9649.3,10.9,11.94,11.12,11.23,12.46,8.17,4.19,100,8420,93.59,11.6
04/26/2025 05:40:00 PM,149.8,0,0,0,85,1.22,3.22,8.6,0.382,93.61,-1.4,1.5,0,10,0.74,0.311,10.3,0.979,0.36,10,1.086,-9840,10.7,12.13,11.39,11.34,12.15,8.18,4.19,100,8417,93.59,11.3
04/26/2025 05:45:00 PM,192.4,0,0,0,68,1.39,2.49,8.5,0.384,93.61,-1.3,1.4,0,9.8,0.73,0.311,10.2,0.981,0.36,10,1.076,-10011.4,10.6,12.59,11.61,11.69,12.01,8.19,4.19,100,8435,93.59,11.1
04/26/2025 05:50:00 PM,183,0,0,0,86,1.42,2.66,8.8,0.39,93.6,-1.4,1.3,0,9.8,0.74,0.311,10.2,0.979,0.36,10,1.076,-9676,10.6,13.04,12.14,12.1,11.97,8.21,4.21,100,8438,93.59,11
04/26/2025 05:55:00 PM,169.6,0,0,0,82,1.97,3.9,8.8,0.392,93.61,-1.3,1.6,0,9.9,0.74,0.311,10.2,0.977,0.36,10,1.079,-9743.1,10.5,12.94,12.2,12.21,11.95,8.2,4.2,100,8440,93.59,10.9
04/26/2025 06:00:00 PM,173.2,0,0,0,46,2.15,3.79,8.9,0.388,93.61,-1.4,1.3,0,9.9,0.75,0.311,10.2,0.977,0.36,10,1.086,-9752,10.5,12.58,11.82,12.12,11.93,8.24,4.2,100,8434,93.59,10.9
04/26/2025 06:05:00 PM,165.8,0,0,0,42,2.48,3.82,8.7,0.39,93.61,-1.2,1.6,0,9.8,0.74,0.311,10.2,0.977,0.361,10,1.083,-9554.2,10.5,12.09,11.42,11.82,11.84,8.24,4.21,100,8434,93.59,10.8
04/26/2025 06:10:00 PM,165.2,0,0,0,51,1.98,3.12,8.8,0.384,93.61,-1.2,1.4,0,9.7,0.75,0.311,10.1,0.977,0.36,10,1.077,-9709.5,10.5,11.99,11.36,11.69,11.74,8.26,4.21,100,8431,93.59,10.7
04/26/2025 06:15:00 PM,151.4,0,0,0,51,2.12,3.59,8.7,0.386,93.61,-0.8,1.6,0,9.8,0.74,0.311,10.1,0.979,0.361,9.9,1.081,-9438.3,10.4,12.05,11.34,11.65,11.68,8.27,4.22,100,8438,93.6,10.6
04/26/2025 06:20:00 PM,218.4,0,0,0,80,1.64,3.53,8.8,0.39,93.62,-1.3,1.4,0,9.8,0.74,0.311,10.1,0.973,0.361,9.9,1.082,-9397.1,10.4,13.34,11.96,11.82,11.6,8.28,4.22,100,8484,93.6,10.5
04/26/2025 06:25:00 PM,255.8,0,0,0,57,2.58,5.17,8.8,0.392,93.62,-0.9,1.8,0,10,0.74,0.311,10.1,0.973,0.36,9.9,1.077,-9111.6,10.4,15.16,13.16,12.97,11.67,8.28,4.21,100,8496,93.6,10.6
04/26/2025 06:30:00 PM,273,0,0,0,71,1.65,2.54,9.2,0.394,93.61,-1.3,1.2,0,10.3,0.77,0.311,10.1,0.97,0.361,9.9,1.082,-9032.2,10.4,17.13,14.49,14.07,11.82,8.31,4.23,100,8511,93.6,10.8
04/26/2025 06:35:00 PM,179.6,0,0,0,49,2.2,3.41,9.1,0.394,93.61,-1.1,1.7,0,10.4,0.76,0.311,10.1,0.975,0.361,9.9,1.079,-8851.1,10.6,16.52,14.4,14.44,12.03,8.31,4.23,100,8446,93.6,11
04/26/2025 06:40:00 PM,206.6,0,0,0,46,2.53,5.42,9,0.392,93.62,-1.1,1.2,0,10.5,0.76,0.311,10,0.975,0.361,9.9,1.077,-8767.9,10.6,16.26,14,13.93,12.04,8.32,4.25,100,8439,93.6,11
04/26/2025 06:45:00 PM,155.6,0,0,0,55,2.4,4.25,8.7,0.38,93.63,-1.4,1.1,0,10.3,0.74,0.311,10,0.975,0.361,9.9,1.079,-8871.5,10.5,14.52,12.82,12.84,11.98,8.33,4.25,100,8427,93.61,10.9
04/26/2025 06:50:00 PM,203.8,0,0,0,70,2.41,5.79,8.7,0.38,93.63,-1.1,1.4,0,10.2,0.75,0.311,9.9,0.971,0.361,9.8,1.079,-8790.1,10.4,15.76,13.27,12.77,11.8,8.34,4.22,100,8463,93.62,10.7
04/26/2025 06:55:00 PM,163.2,0,0,0,59,2.14,4.67,8.6,0.386,93.65,-1.1,1.5,0,10.1,0.73,0.311,9.8,0.974,0.36,9.8,1.075,-8816.5,10.3,14.93,13,12.66,11.71,8.35,4.25,100,8467,93.63,10.6
04/26/2025 07:00:00 PM,156.8,0,0,0,70,2.1,5.34,8.6,0.39,93.65,-1.2,1.7,0,10,0.73,0.311,9.8,0.979,0.361,9.8,1.077,-8778,10.3,15.38,13.42,12.93,11.61,8.36,4.24,100,8406,93.64,10.6
04/26/2025 07:05:00 PM,81.6,0,0,0,62,1.62,3.35,8.3,0.39,93.66,-1.3,1.4,0,9.8,0.7,0.311,9.7,0.979,0.361,9.8,1.072,-9149.5,10.2,12.47,11.74,11.71,11.51,8.37,4.25,100,8390,93.64,10.4
04/26/2025 07:10:00 PM,75.6,0,0,0,57,1.85,3.36,8,0.39,93.67,-1.2,1.7,0,9.5,0.69,0.311,9.6,0.979,0.361,9.8,1.074,-9162.1,10,10.74,10.31,10.35,11.2,8.38,4.24,100,8382,93.65,10.1
04/26/2025 07:15:00 PM,75.2,0,0,0,60,2.08,5.84,7.9,0.39,93.67,-1.2,1.3,0,9.2,0.68,0.311,9.6,0.983,0.361,9.8,1.077,-8687.5,9.9,9.98,9.46,9.47,10.91,8.41,4.24,100,8378,93.65,9.7
04/26/2025 07:20:00 PM,70,0,0,0,64,2.34,5.56,7.8,0.384,93.68,-0.9,1.7,0,8.8,0.67,0.311,9.5,0.986,0.361,9.7,1.072,-8749.7,9.7,9.4,8.95,8.96,10.67,8.41,4.23,100,8354,93.65,9.4
04/26/2025 07:25:00 PM,78.6,0,0,0,62,2.16,4.02,7.7,0.386,93.67,-1.6,1,0,8.5,0.66,0.311,9.4,0.989,0.361,9.7,1.077,-8849,9.6,9.6,8.85,8.65,10.47,8.43,4.26,100,8368,93.65,9.1
04/26/2025 07:30:00 PM,43.6,0,0,0,67,2.16,3.57,7.5,0.388,93.68,-1.3,1.4,0,8.3,0.65,0.311,9.3,0.989,0.361,9.7,1.077,-8499.5,9.4,9.13,8.6,8.49,10.29,8.44,4.25,100,8346,93.66,8.8
04/26/2025 07:35:00 PM,34.8,0,0,0,57,2.29,4.47,7.2,0.382,93.68,-1.4,1.3,0,8,0.63,0.311,9.2,0.992,0.361,9.7,1.077,-8402.2,9.3,7.96,7.69,7.65,10.07,8.45,4.25,100,8339,93.66,8.4
04/26/2025 07:40:00 PM,31.6,0,0,0,63,1.9,2.49,6.9,0.386,93.68,-1.5,1.6,0,7.7,0.61,0.311,9.1,0.993,0.361,9.6,1.082,-8845,9.1,7.28,7.04,6.96,9.79,8.47,4.24,100,8336,93.66,8.1
04/26/2025 07:45:00 PM,31.2,0,0,0,54,2.29,4.07,6.9,0.386,93.68,-1.3,1.6,0,7.3,0.61,0.311,8.9,0.993,0.361,9.6,1.08,-8683.5,8.9,6.95,6.7,6.54,9.56,8.47,4.25,100,8334,93.67,7.7
04/26/2025 07:50:00 PM,27.4,0,0,0,57,1.98,3.65,6.6,0.388,93.69,-1.2,1.8,0,7.1,0.59,0.312,8.8,0.993,0.361,9.6,1.078,-8406.1,8.7,6.59,6.35,6.19,9.31,8.47,4.26,100,8332,93.67,7.4
04/26/2025 07:55:00 PM,29.6,0,0,0,52,2.4,3.18,6.4,0.386,93.7,-1.6,1.6,0,6.8,0.58,0.312,8.7,0.998,0.361,9.5,1.08,-8507.4,8.6,6.47,6.17,5.98,9.13,8.49,4.24,100,8330,93.68,7
04/26/2025 08:00:00 PM,21,0,0,0,56,2.32,3.62,6.4,0.39,93.7,-1.4,1.4,0,6.6,0.57,0.312,8.6,1.004,0.361,9.5,1.082,-7983.5,8.4,6.09,5.88,5.72,8.94,8.49,4.26,100,8329,93.68,6.8
04/26/2025 08:05:00 PM,18,0,0,0,52,2.3,3.47,6.3,0.38,93.7,-1.6,1.4,0,6.4,0.57,0.312,8.5,0.999,0.361,9.4,1.08,-8001.9,8.3,5.79,5.65,5.42,8.75,8.49,4.26,100,8326,93.68,6.5
04/26/2025 08:10:00 PM,16.6,0,0,0,58,2.06,2.89,6,0.38,93.71,-1.2,1.8,0,6.2,0.56,0.312,8.4,1.004,0.361,9.4,1.076,-8169.5,8.1,5.43,5.31,5.06,8.59,8.5,4.26,100,8323,93.69,6.2
04/26/2025 08:15:00 PM,13.8,0,0,0,65,1.89,3.38,5.8,0.38,93.71,-1.6,1.5,0,6,0.54,0.312,8.2,1.009,0.361,9.4,1.073,-7895.8,8,5.03,4.91,4.67,8.42,8.5,4.26,100,8321,93.69,5.9
04/26/2025 08:20:00 PM,10.6,0,0,0,69,1.63,2.66,5.9,0.378,93.71,-1.7,1.3,0,5.8,0.55,0.312,8.1,1.01,0.361,9.3,1.073,-7766,7.8,4.8,4.68,4.41,8.23,8.51,4.27,100,8320,93.69,5.6
04/26/2025 08:25:00 PM,7.4,0,0,0,93,1.09,2.26,5.3,0.38,93.72,-1.6,1.5,0,5.6,0.51,0.312,8,1.01,0.361,9.3,1.071,-7701.9,7.7,4.21,3.93,3.66,8.07,8.52,4.26,100,8319,93.7,5.3
04/26/2025 08:30:00 PM,4.8,0,0,0,95,1.05,1.77,4.9,0.38,93.73,-1.6,1.5,0,5.2,0.48,0.312,7.9,1.013,0.361,9.3,1.081,-7488.5,7.5,3.29,2.9,2.56,7.85,8.52,4.27,100,8317,93.71,4.8
04/26/2025 08:35:00 PM,3.2,0,0,0,102,1.05,1.63,4.4,0.38,93.74,-1.6,1.5,0,4.9,0.46,0.312,7.7,1.018,0.361,9.2,1.081,-7269.3,7.4,2.64,2.3,2.14,7.64,8.52,4.27,100,8313,93.71,4.4
04/26/2025 08:40:00 PM,2.2,0,0,0,103,0.92,1.26,4.2,0.38,93.74,-1.6,1.5,0,4.6,0.44,0.312,7.6,1.019,0.361,9.2,1.078,-7421.6,7.3,2.31,2.07,1.99,7.45,8.52,4.28,100,8313,93.72,4
04/26/2025 08:45:00 PM,1,0,0,0,84,0.96,1.46,4.6,0.38,93.74,-1.6,1.6,0,4.3,0.47,0.312,7.6,1.016,0.361,9.1,1.082,-7209.3,7.3,2.23,2.13,2.05,7.35,8.53,4.27,100,8311,93.72,3.8
04/26/2025 08:50:00 PM,0.4,0,0,0,75,1,1.63,4.7,0.38,93.74,-1.6,1.5,0,4.2,0.48,0.312,7.5,1.012,0.361,9.1,1.081,-7008,7.2,2.33,2.24,2.13,7.26,8.54,4.28,100,8311,93.72,3.7
04/26/2025 08:55:00 PM,0,0,0,0,54,1.1,1.49,4.7,0.38,93.74,-1.6,1.5,0,4.2,0.48,0.312,7.4,1.014,0.361,9,1.079,-6760.8,7.1,2.45,2.32,2.14,7.17,8.54,4.27,100,8310,93.72,3.5
04/26/2025 09:00:00 PM,0,0,0,0,44,1.39,1.86,4.1,0.382,93.74,-1.7,1.5,0,4.1,0.44,0.312,7.4,1.012,0.361,9,1.079,-6559.9,7,2.42,2.21,2.02,7.08,8.54,4.26,100,8310,93.72,3.4
04/26/2025 09:05:00 PM,0,0,0,0,47,1.3,1.96,4.3,0.38,93.75,-1.7,1.4,0,3.9,0.45,0.312,7.3,1.019,0.361,8.9,1.079,-6423.9,6.9,2.19,1.97,1.81,6.98,8.53,4.27,100,8308,93.72,3.1
04/26/2025 09:10:00 PM,0,0,0,0,49,1.25,1.65,4.2,0.38,93.75,-1.7,1.5,0,3.8,0.44,0.312,7.2,1.022,0.361,8.9,1.079,-6327,6.8,1.97,1.74,1.58,6.86,8.54,4.27,100,8307,93.73,2.9
04/26/2025 09:15:00 PM,0,0,0,0,41,1.32,1.5,4,0.38,93.76,-1.6,1.5,0,3.7,0.43,0.312,7.1,1.018,0.361,8.9,1.077,-6013.1,6.7,1.68,1.49,1.35,6.76,8.54,4.28,100,8304,93.74,2.7
04/26/2025 09:20:00 PM,0,0,0,0,80,0.98,1.4,4.1,0.38,93.77,-1.6,1.5,0,3.6,0.44,0.312,7,1.023,0.361,8.8,1.077,-6146,6.6,1.56,1.38,1.28,6.65,8.55,4.27,100,8302,93.74,2.5
04/26/2025 09:25:00 PM,0,0,0,0,133,0.91,1.48,3.5,0.38,93.77,-1.7,1.5,0,3.6,0.4,0.312,7,1.025,0.361,8.8,1.077,-5841.1,6.6,1.56,1.42,1.39,6.59,8.54,4.28,100,8303,93.74,2.4
04/26/2025 09:30:00 PM,0,0,0,0,104,0.3,0.7,3.7,0.38,93.77,-1.7,1.5,0,3.5,0.41,0.312,6.9,1.021,0.361,8.7,1.08,-5601.4,6.6,1.74,1.58,1.59,6.54,8.55,4.29,100,8302,93.74,2.4
04/26/2025 09:35:00 PM,0,0,0,0,42,0.94,1.4,3.5,0.38,93.77,-1.6,1.4,0,3.4,0.4,0.312,6.9,1.023,0.361,8.7,1.077,-5500.4,6.6,1.82,1.67,1.76,6.56,8.55,4.29,100,8301,93.75,2.4
04/26/2025 09:40:00 PM,0,0,0,0,56,1.37,2.69,3,0.392,93.77,-1.7,1.5,0,3.3,0.36,0.312,6.9,1.018,0.361,8.7,1.077,-5285.6,6.6,1.83,1.74,1.89,6.53,8.55,4.28,100,8299,93.75,2.3
04/26/2025 09:45:00 PM,0,0,0,0,48,0.71,1.16,3.5,0.4,93.77,-1.7,1.4,0,3.1,0.38,0.312,6.9,1.018,0.361,8.6,1.077,-5134.5,6.6,2.1,2,2.17,6.58,8.55,4.28,100,8300,93.75,2.3
04/26/2025 09:50:00 PM,0,0,0,0,31,0.98,1.26,3.5,0.406,93.78,-1.7,1.5,0,3.2,0.38,0.312,6.9,1.018,0.361,8.6,1.075,-4935.1,6.6,2.49,2.33,2.5,6.61,8.55,4.28,100,8299,93.76,2.4
04/26/2025 09:55:00 PM,0,0,0,0,27,0.98,1.17,3.1,0.416,93.78,-1.7,1.5,0,3.2,0.35,0.312,7,1.018,0.362,8.6,1.077,-4810.6,6.6,2.6,2.45,2.62,6.63,8.57,4.28,100,8300,93.76,2.5
04/26/2025 10:00:00 PM,0,0,0,0,38,1.34,1.68,3.1,0.424,93.79,-1.6,1.5,0,3.2,0.34,0.312,7,1.018,0.362,8.5,1.075,-4604.6,6.6,2.65,2.6,2.71,6.66,8.56,4.27,100,8299,93.77,2.5
04/26/2025 10:05:00 PM,0,0,0,0,35,1.34,1.58,3,0.426,93.8,-1.7,1.5,0,3.1,0.33,0.312,7,1.015,0.362,8.5,1.075,-4631.2,6.6,2.7,2.63,2.77,6.66,8.54,4.28,100,8296,93.78,2.6
04/26/2025 10:10:00 PM,0,0,0,0,43,1.08,1.27,3.4,0.424,93.8,-1.8,1.5,0,3.1,0.36,0.312,7,1.011,0.362,8.5,1.075,-4489.5,6.5,2.8,2.76,2.88,6.65,8.55,4.29,100,8296,93.78,2.6
04/26/2025 10:15:00 PM,0,0,0,0,42,1.28,1.72,3.5,0.424,93.8,-1.6,1.5,0,3.1,0.36,0.312,7,1.011,0.362,8.4,1.075,-4394.4,6.5,2.97,2.91,3.01,6.66,8.54,4.3,100,8295,93.78,2.7
04/26/2025 10:20:00 PM,0,0,0,0,53,1.19,1.48,3.8,0.42,93.8,-1.7,1.6,0,3.2,0.38,0.312,7,1.008,0.362,8.4,1.073,-4272.6,6.5,3.12,3.09,3.17,6.66,8.54,4.29,100,8293,93.78,2.8
04/26/2025 10:25:00 PM,0,0,0,0,54,1.15,1.5,3.9,0.426,93.8,-1.7,1.5,0,3.3,0.38,0.312,7,1.011,0.362,8.4,1.075,-4075.6,6.5,3.27,3.21,3.3,6.67,8.55,4.3,100,8293,93.78,2.9
04/26/2025 10:30:00 PM,0,0,0,0,60,1.28,1.7,4.1,0.43,93.8,-1.6,1.4,0,3.5,0.39,0.312,6.9,1.009,0.362,8.3,1.075,-3995.7,6.5,3.32,3.31,3.36,6.65,8.54,4.29,100,8292,93.79,3
04/26/2025 10:35:00 PM,0,0,0,0,55,1.42,1.82,4.2,0.43,93.81,-1.7,1.6,0,3.6,0.39,0.313,6.9,1.001,0.362,8.3,1.07,-3839.7,6.4,3.4,3.36,3.36,6.63,8.53,4.3,100,8290,93.79,3
04/26/2025 10:40:00 PM,0,0,0,0,50,1.09,1.54,4.1,0.43,93.81,-1.6,1.5,0,3.7,0.39,0.313,6.9,1.011,0.362,8.3,1.07,-3741.1,6.4,3.35,3.25,3.23,6.6,8.53,4.3,100,8293,93.79,3.1
04/26/2025 10:45:00 PM,0,0,0,0,57,1.1,1.66,4.2,0.42,93.81,-1.6,1.5,0,3.7,0.4,0.312,6.9,1.006,0.362,8.2,1.073,-3627.4,6.4,3.25,3.17,3.1,6.52,8.53,4.3,100,8292,93.79,3.1
04/26/2025 10:50:00 PM,0,0,0,0,39,1.04,1.45,3.8,0.42,93.82,-1.6,1.5,0,3.7,0.38,0.313,6.8,1.006,0.362,8.2,1.076,-3629.9,6.3,3.1,2.96,2.92,6.47,8.52,4.3,100,8294,93.8,3
04/26/2025 10:55:00 PM,0,0,0,0,45,1.1,1.57,3.6,0.42,93.82,-1.7,1.5,0,3.6,0.37,0.312,6.8,1.011,0.362,8.2,1.075,-3514.8,6.3,2.91,2.79,2.77,6.41,8.52,4.3,100,8292,93.8,3
04/26/2025 11:00:00 PM,0,0,0,0,50,1.09,1.54,3.6,0.42,93.82,-1.6,1.5,0,3.5,0.37,0.313,6.7,1.014,0.362,8.2,1.071,-3311.3,6.2,2.72,2.6,2.6,6.36,8.52,4.29,100,8289,93.81,2.8
04/26/2025 11:05:00 PM,0,0,0,0,49,0.97,1.3,3.5,0.424,93.83,-1.6,1.5,0,3.4,0.36,0.312,6.7,1.012,0.362,8.1,1.078,-3345.8,6.1,2.56,2.43,2.43,6.3,8.51,4.29,100,8289,93.81,2.8
04/26/2025 11:10:00 PM,0,0,0,0,62,0.97,1.3,3.6,0.422,93.83,-1.6,1.5,0,3.3,0.37,0.313,6.6,1.014,0.362,8.1,1.076,-3265.1,6.1,2.37,2.26,2.19,6.24,8.51,4.3,100,8291,93.81,2.6
04/26/2025 11:15:00 PM,0,0,0,0,46,1.15,1.54,3.6,0.42,93.83,-1.7,1.5,0,3.3,0.37,0.313,6.6,1.014,0.362,8.1,1.076,-3122.5,6,2.19,2.06,1.9,6.16,8.51,4.31,100,8289,93.82,2.5
04/26/2025 11:20:00 PM,0,0,0,0,42,1.13,1.55,3.1,0.42,93.84,-1.7,1.4,0,3.2,0.34,0.313,6.5,1.015,0.362,8,1.076,-3093.8,5.9,1.92,1.79,1.67,6.04,8.5,4.3,100,8288,93.82,2.4
04/26/2025 11:25:00 PM,0,0,0,0,51,1.22,1.46,3.2,0.422,93.84,-1.6,1.6,0,3,0.34,0.313,6.5,1.017,0.362,8,1.071,-3076.8,5.9,1.71,1.62,1.5,5.92,8.49,4.3,100,8286,93.82,2.2
04/26/2025 11:30:00 PM,0,0,0,0,53,1.15,1.53,3.2,0.426,93.83,-1.7,1.5,0,2.9,0.34,0.313,6.4,1.015,0.362,8,1.071,-2974.4,5.8,1.59,1.49,1.31,5.82,8.5,4.31,100,8286,93.82,2.1
04/26/2025 11:35:00 PM,0,0,0,0,58,1.43,2.24,3.3,0.426,93.83,-1.8,1.4,0,2.9,0.35,0.313,6.3,1.018,0.362,8,1.071,-2855.6,5.7,1.64,1.64,1.45,5.74,8.47,4.31,100,8287,93.82,2
04/26/2025 11:40:00 PM,0,0,0,0,68,1.23,1.93,3.6,0.42,93.83,-1.8,1.5,0,2.8,0.37,0.313,6.3,1.018,0.362,7.9,1.071,-2824.9,5.7,1.93,1.98,1.8,5.69,8.48,4.31,100,8286,93.81,2
04/26/2025 11:45:00 PM,0,0,0,0,112,0.95,1.38,3.4,0.42,93.83,-1.7,1.5,0,2.9,0.36,0.313,6.3,1.015,0.362,7.9,1.069,-2737.1,5.6,1.99,1.92,1.83,5.67,8.49,4.32,100,8286,93.81,2.1
04/26/2025 11:50:00 PM,0,0,0,0,120,1.14,1.78,3.1,0.42,93.83,-1.7,1.5,0,2.9,0.34,0.313,6.3,1.015,0.362,7.9,1.069,-2679.8,5.6,1.89,1.82,1.78,5.67,8.47,4.31,100,8284,93.82,2
04/26/2025 11:55:00 PM,0,0,0,0,121,0.76,1.08,2.9,0.42,93.84,-1.6,1.5,0,2.8,0.33,0.313,6.3,1.018,0.362,7.8,1.069,-2626.6,5.6,1.54,1.37,1.29,5.63,8.46,4.31,100,8282,93.82,1.9
04/27/2025 12:00:00 AM,0,0,0,0,74,0.35,0.8,2.6,0.418,93.85,-1.6,1.5,0,2.6,0.32,0.313,6.2,1.016,0.362,7.8,1.069,-2550.3,5.5,1.13,0.88,0.61,5.52,8.45,4.31,100,8286,93.83,1.6
04/27/2025 12:05:00 AM,0,0,0,0,32,0.82,1.04,2.1,0.404,93.84,-1.7,1.5,0,2.4,0.31,0.313,6.1,1.021,0.362,7.8,1.077,-2474,5.4,0.63,0.29,-0.08,5.37,8.44,4.32,100,8282,93.84,1.3
04/27/2025 12:10:00 AM,0,0,0,0,36,1.01,1.31,1.3,0.4,93.86,-1.7,1.5,0,2,0.27,0.313,5.9,1.024,0.362,7.7,1.067,-2458.1,5.3,0.09,-0.25,-0.54,5.22,8.43,4.31,100,8273,93.84,1
04/27/2025 12:15:00 AM,0,0,0,0,26,1.32,1.75,1,0.396,93.86,-1.7,1.5,0,1.6,0.26,0.313,5.8,1.022,0.362,7.7,1.069,-2401,5.2,-0.14,-0.39,-0.51,5.07,8.43,4.31,100,8273,93.85,0.7
04/27/2025 12:20:00 AM,0,0,0,0,24,1.03,1.44,1.1,0.4,93.87,-1.9,1.5,0,1.4,0.26,0.313,5.8,1.022,0.362,7.7,1.069,-2307.8,5.2,-0.11,-0.37,-0.38,5,8.39,4.32,100,8274,93.85,0.6
04/27/2025 12:25:00 AM,0,0,0,0,33,1.12,1.54,1.7,0.408,93.87,-1.8,1.5,0,1.3,0.28,0.313,5.8,1.022,0.362,7.7,1.069,-2298.2,5.2,0.05,-0.13,-0.09,5,8.4,4.32,100,8275,93.85,0.5
04/27/2025 12:30:00 AM,0,0,0,0,28,1.02,1.34,1.7,0.414,93.87,-1.8,1.4,0,1.3,0.28,0.313,5.8,1.015,0.362,7.6,1.067,-2259.9,5.2,0.35,0.09,0.18,5.02,8.4,4.31,100,8274,93.85,0.5
04/27/2025 12:35:00 AM,0,0,0,0,8,1.05,1.38,1.6,0.424,93.88,-1.9,1.5,0,1.2,0.26,0.313,5.8,1.022,0.362,7.6,1.067,-2220.7,5.2,0.38,0.14,0.31,5.03,8.37,4.33,100,8273,93.86,0.4
04/27/2025 12:40:00 AM,0,0,0,0,19,0.95,1.35,1.4,0.43,93.88,-1.7,1.4,0,1.3,0.25,0.313,5.8,1.015,0.362,7.6,1.064,-2160.2,5.2,0.4,0.2,0.36,5.05,8.36,4.33,100,8270,93.87,0.4
04/27/2025 12:45:00 AM,0,0,0,0,24,0.77,0.94,1.4,0.43,93.88,-1.7,1.5,0,1.2,0.25,0.313,5.8,1.012,0.362,7.5,1.065,-2073,5.2,0.32,0.18,0.31,5.03,8.36,4.32,100,8273,93.87,0.4
04/27/2025 12:50:00 AM,0,0,0,0,5,0.26,0.69,1.4,0.432,93.88,-1.8,1.5,0,1.2,0.24,0.313,5.7,1.015,0.362,7.5,1.067,-2070.6,5.2,0.34,0.18,0.3,5.01,8.35,4.33,100,8272,93.87,0.3
04/27/2025 12:55:00 AM,0,0,0,0,339,0.55,1.23,1.6,0.434,93.88,-1.8,1.5,0,1.1,0.25,0.313,5.7,1.017,0.362,7.5,1.06,-2007.2,5.1,0.45,0.19,0.34,5.01,8.35,4.33,100,8270,93.87,0.3
04/27/2025 01:00:00 AM,0,0,0,0,342,0.99,1.23,2,0.43,93.89,-1.8,1.5,0,1.1,0.28,0.313,5.7,1.01,0.363,7.4,1.065,-1959.7,5.1,0.49,0.27,0.39,5,8.33,4.35,100,8269,93.87,0.3
04/27/2025 01:05:00 AM,0,0,0,0,344,0.89,1.5,1.9,0.434,93.89,-1.9,1.4,0,1.3,0.27,0.313,5.6,1.011,0.363,7.4,1.067,-1935.1,5.1,0.53,0.32,0.43,4.97,8.32,4.35,100,8272,93.87,0.3
04/27/2025 01:10:00 AM,0,0,0,0,359,0.94,1.22,2,0.432,93.88,-1.9,1.4,0,1.3,0.27,0.313,5.6,1.01,0.363,7.4,1.065,-1927.5,5,0.57,0.38,0.46,4.95,8.32,4.34,100,8270,93.87,0.4
04/27/2025 01:15:00 AM,0,0,0,0,10,1.19,1.44,1.7,0.43,93.88,-1.7,1.4,0,1.4,0.26,0.313,5.6,1.015,0.363,7.4,1.058,-1891.5,5,0.52,0.37,0.45,4.94,8.3,4.33,100,8271,93.87,0.5
04/27/2025 01:20:00 AM,0,0,0,0,9,1.66,2.55,1.8,0.43,93.88,-1.8,1.4,0,1.3,0.27,0.313,5.6,1.015,0.363,7.3,1.067,-1855.2,5,0.58,0.39,0.44,4.9,8.3,4.33,100,8270,93.87,0.5
04/27/2025 01:25:00 AM,0,0,0,0,15,1.58,1.93,2,0.43,93.88,-1.7,1.5,0,1.4,0.27,0.313,5.6,1.01,0.363,7.3,1.065,-1804.2,4.9,0.8,0.68,0.61,4.86,8.27,4.33,100,8272,93.87,0.6
04/27/2025 01:30:00 AM,0,0,0,0,19,1.51,2.03,1.7,0.43,93.88,-1.8,1.4,0,1.5,0.26,0.313,5.5,1.02,0.363,7.3,1.065,-1787.3,4.9,0.88,0.75,0.68,4.84,8.28,4.35,100,8270,93.87,0.6
04/27/2025 01:35:00 AM,0,0,0,0,31,1.19,1.74,0.8,0.438,93.88,-1.8,1.4,0,1.4,0.21,0.313,5.5,1.018,0.363,7.3,1.065,-1757.9,4.9,0.63,0.42,0.46,4.83,8.27,4.35,100,8268,93.87,0.6
04/27/2025 01:40:00 AM,0,0,0,0,26,1.43,2.12,1,0.432,93.87,-1.7,1.5,0,1.1,0.22,0.313,5.5,1.018,0.363,7.2,1.053,-1717.9,4.9,0.33,0.21,0.28,4.78,8.27,4.35,100,8269,93.86,0.5
04/27/2025 01:45:00 AM,0,0,0,0,22,1.62,2.46,1.5,0.44,93.87,-1.8,1.5,0,1.1,0.24,0.313,5.5,1.018,0.363,7.2,1.058,-1679.2,4.8,0.54,0.42,0.45,4.76,8.25,4.35,100,8267,93.86,0.4
04/27/2025 01:50:00 AM,0,0,0,0,22,2.57,3.65,1.9,0.448,93.87,-2.1,1.2,0,1.2,0.25,0.313,5.5,1.02,0.363,7.2,1.055,-1653.8,4.8,0.94,0.85,0.8,4.75,8.25,4.35,100,8268,93.86,0.6
04/27/2025 01:55:00 AM,0,0,0,0,21,2.79,3.93,2,0.454,93.87,-2,1.2,0,1.3,0.25,0.313,5.5,1.018,0.363,7.2,1.068,-1646.2,4.8,1.39,1.3,1.24,4.77,8.23,4.35,100,8267,93.86,0.8
04/27/2025 02:00:00 AM,0,0,0,0,21,2.5,3.97,2.1,0.464,93.87,-2,1.4,0,1.5,0.25,0.313,5.5,1.015,0.363,7.1,1.056,-1625.5,4.8,1.63,1.54,1.5,4.8,8.23,4.35,100,8266,93.86,1
04/27/2025 02:05:00 AM,0,0,0,0,17,2.11,4.05,2,0.47,93.87,-1.6,1.5,0,1.6,0.23,0.313,5.5,1.015,0.363,7.1,1.065,-1594.8,4.8,1.65,1.53,1.5,4.83,8.21,4.34,100,8267,93.86,1.1
04/27/2025 02:10:00 AM,0,0,0,0,354,1.62,2.78,1.7,0.468,93.88,-1.9,1.1,0,1.7,0.22,0.313,5.5,1.013,0.363,7.1,1.063,-1559.2,4.8,1.5,1.35,1.37,4.84,8.2,4.35,100,8266,93.87,1.1
04/27/2025 02:15:00 AM,0,0,0,0,338,1.42,2.13,1.4,0.462,93.89,-1.7,1.5,0,1.6,0.22,0.313,5.5,1.013,0.363,7.1,1.068,-1533.5,4.8,1.17,1,1.07,4.81,8.2,4.36,100,8267,93.88,1.1
04/27/2025 02:20:00 AM,0,0,0,0,311,1.51,2.29,1.2,0.46,93.89,-1.7,1.5,0,1.5,0.21,0.313,5.4,1.016,0.363,7,1.066,-1531.1,4.7,0.86,0.7,0.74,4.77,8.18,4.35,100,8265,93.88,0.9
04/27/2025 02:25:00 AM,0,0,0,0,310,1.53,2.47,1.1,0.46,93.89,-1.8,1.5,0,1.3,0.2,0.313,5.4,1.013,0.363,7,1.056,-1502.8,4.7,0.74,0.57,0.62,4.71,8.18,4.36,100,8266,93.88,0.8
04/27/2025 02:30:00 AM,0,0,0,0,310,1.99,2.7,0.9,0.458,93.9,-1.6,1.3,0,1.2,0.19,0.313,5.4,1.015,0.363,7,1.063,-1465.2,4.6,0.62,0.44,0.53,4.63,8.16,4.35,100,8264,93.89,0.7
04/27/2025 02:35:00 AM,0,0,0,0,314,2.44,3.51,0.8,0.458,93.9,-1.6,1.5,0,1.1,0.19,0.313,5.3,1.015,0.363,7,1.061,-1446.4,4.6,0.57,0.38,0.49,4.59,8.16,4.35,100,8265,93.89,0.7
04/27/2025 02:40:00 AM,0,0,0,0,317,2.86,4.57,0.7,0.458,93.9,-2,1.5,0,0.9,0.18,0.313,5.3,1.016,0.363,6.9,1.066,-1433.5,4.6,0.48,0.32,0.42,4.56,8.14,4.36,100,8263,93.9,0.6
04/27/2025 02:45:00 AM,0,0,0,0,322,2.24,3.72,0.6,0.45,93.9,-1.8,1.3,0,0.8,0.19,0.313,5.3,1.014,0.363,6.9,1.066,-1406.4,4.5,0.39,0.21,0.32,4.51,8.13,4.36,100,8263,93.9,0.5
04/27/2025 02:50:00 AM,0,0,0,0,346,1.61,2.64,0.5,0.45,93.91,-1.8,1.5,0,0.7,0.18,0.313,5.3,1.016,0.363,6.9,1.063,-1383.9,4.5,0.18,0.02,0.13,4.46,8.13,4.37,100,8263,93.91,0.4
04/27/2025 02:55:00 AM,0,0,0,0,357,2.09,3.25,0.4,0.446,93.91,-1.8,1.5,0,0.6,0.18,0.313,5.2,1.019,0.363,6.9,1.066,-1362.7,4.4,-0.01,-0.19,-0.11,4.41,8.12,4.36,100,8263,93.9,0.3
04/27/2025 03:00:00 AM,0,0,0,0,14,2.6,5.1,0.3,0.432,93.91,-1.5,1.7,0,0.4,0.19,0.313,5.1,1.022,0.363,6.8,1.066,-1366.8,4.4,-0.13,-0.3,-0.24,4.36,8.11,4.37,100,8263,93.9,0.2
04/27/2025 03:05:00 AM,0,0,0,0,27,2.92,4.23,0.1,0.43,93.9,-1.8,1.8,0,0.4,0.18,0.313,5.1,1.022,0.363,6.8,1.064,-1348,4.3,-0.27,-0.38,-0.38,4.27,8.1,4.36,100,8263,93.9,0.1
04/27/2025 03:10:00 AM,0,0,0,0,30,3.05,4.67,-0.1,0.43,93.9,-1.9,1.3,0,0.2,0.18,0.313,5,1.022,0.363,6.8,1.066,-1314.6,4.2,-0.44,-0.52,-0.54,4.17,8.08,4.37,100,8262,93.89,-0.1
04/27/2025 03:15:00 AM,0,0,0,0,36,3.1,5.25,-0.2,0.428,93.9,-1.6,1.7,0,0,0.17,0.313,4.9,1.022,0.363,6.8,1.066,-1309.8,4.2,-0.58,-0.66,-0.7,4.08,8.09,4.36,100,8262,93.89,-0.2
04/27/2025 03:20:00 AM,0,0,0,0,42,3.38,5.11,-0.4,0.424,93.9,-2,1.5,0,-0.2,0.17,0.313,4.9,1.025,0.363,6.7,1.064,-1319.5,4.1,-0.71,-0.78,-0.84,3.99,8.08,4.36,100,8260,93.89,-0.3
04/27/2025 03:25:00 AM,0,0,0,0,41,3.16,5.37,-0.5,0.42,93.89,-1.8,1.4,0,-0.3,0.17,0.313,4.8,1.025,0.363,6.7,1.061,-1292.1,4,-0.88,-0.99,-1.01,3.91,8.06,4.36,100,8262,93.89,-0.5
04/27/2025 03:30:00 AM,0,0,0,0,39,3.14,5.09,-0.7,0.42,93.9,-1.5,1.8,0,-0.5,0.16,0.313,4.7,1.025,0.363,6.7,1.061,-1270.9,3.9,-1.08,-1.17,-1.21,3.84,8.04,4.38,100,8261,93.9,-0.6
04/27/2025 03:35:00 AM,0,0,0,0,32,2.96,4.25,-0.8,0.42,93.9,-1.9,1.8,0,-0.6,0.16,0.313,4.6,1.025,0.363,6.6,1.066,-1258.6,3.9,-1.25,-1.36,-1.42,3.73,8.03,4.38,100,8262,93.9,-0.8
04/27/2025 03:40:00 AM,0,0,0,0,37,2.83,4.41,-1,0.42,93.9,-1.5,1.7,0,-0.8,0.15,0.313,4.5,1.028,0.363,6.6,1.064,-1241.1,3.8,-1.43,-1.53,-1.64,3.63,8.03,4.38,100,8257,93.9,-1
04/27/2025 03:45:00 AM,0,0,0,0,39,3.32,5.25,-1,0.418,93.9,-2.1,1.4,0,-1,0.15,0.313,4.5,1.033,0.363,6.6,1.066,-1216.5,3.7,-1.55,-1.66,-1.74,3.54,8.01,4.37,100,8259,93.9,-1.2
04/27/2025 03:50:00 AM,0,0,0,0,25,3.22,4.84,-1.2,0.42,93.9,-2,1.1,0,-1.1,0.14,0.313,4.4,1.034,0.363,6.5,1.064,-1207.8,3.6,-1.64,-1.78,-1.88,3.45,8.01,4.37,100,8259,93.9,-1.4
04/27/2025 03:55:00 AM,0,0,0,0,25,3.34,6.03,-1.2,0.42,93.9,-1.6,1.3,0,-1.2,0.14,0.313,4.3,1.034,0.363,6.5,1.064,-1201.1,3.5,-1.79,-1.88,-2.01,3.37,8.01,4.38,100,8259,93.9,-1.5
04/27/2025 04:00:00 AM,0,0,0,0,31,3.04,5.57,-1.3,0.414,93.91,-1.5,1.8,0,-1.3,0.14,0.313,4.3,1.034,0.363,6.5,1.062,-1177.6,3.5,-1.87,-1.98,-2.09,3.3,7.98,4.37,100,8257,93.91,-1.6
04/27/2025 04:05:00 AM,0,0,0,0,39,2.95,4.25,-1.4,0.418,93.92,-1.9,1.3,0,-1.4,0.14,0.314,4.2,1.034,0.363,6.5,1.064,-1166.3,3.4,-2,-2.07,-2.18,3.19,7.99,4.37,100,8259,93.91,-1.8
04/27/2025 04:10:00 AM,0,0,0,0,41,3.27,4.91,-1.3,0.416,93.91,-1.1,1.6,0,-1.5,0.14,0.314,4.1,1.034,0.363,6.4,1.059,-1143.7,3.3,-2.03,-2.09,-2.21,3.13,7.95,4.38,100,8256,93.91,-1.8
04/27/2025 04:15:00 AM,0,0,0,0,49,2.99,5.26,-1.3,0.42,93.92,-1.9,1.5,0,-1.6,0.14,0.314,4.1,1.03,0.363,6.4,1.062,-1134.7,3.2,-2,-2.05,-2.17,3.05,7.96,4.37,100,8254,93.92,-1.9
04/27/2025 04:20:00 AM,0,0,0,0,48,3.31,5.27,-1.3,0.42,93.93,-2.4,1.4,0,-1.6,0.13,0.314,4,1.035,0.363,6.4,1.062,-1123.8,3.2,-1.92,-1.98,-2.09,3.01,7.95,4.38,100,8254,93.93,-2
04/27/2025 04:25:00 AM,0,0,0,0,48,3.55,5.41,-1.3,0.42,93.93,-1.8,1.4,0,-1.6,0.14,0.314,4,1.032,0.363,6.3,1.065,-1107.9,3.1,-1.81,-1.89,-1.97,2.98,7.94,4.38,100,8254,93.93,-2
04/27/2025 04:30:00 AM,0,0,0,0,41,3.32,4.88,-1.5,0.418,93.93,-2.1,1.6,0,-1.6,0.13,0.314,3.9,1.028,0.364,6.3,1.06,-1107.4,3.1,-1.89,-2.01,-2.05,2.96,7.93,4.39,100,8251,93.93,-2
04/27/2025 04:35:00 AM,0,0,0,0,39,3.63,5.62,-1.7,0.416,93.93,-2.4,1.4,0,-1.7,0.12,0.314,3.9,1.03,0.364,6.3,1.06,-1097.7,3.1,-2.11,-2.2,-2.26,2.93,7.91,4.4,100,8251,93.92,-2.1
04/27/2025 04:40:00 AM,0,0,0,0,44,3.08,6.13,-1.8,0.414,93.93,-2.4,1.3,0,-1.8,0.12,0.314,3.8,1.026,0.364,6.2,1.06,-1086.2,3,-2.34,-2.44,-2.52,2.86,7.91,4.4,100,8251,93.92,-2.3
04/27/2025 04:45:00 AM,0,0,0,0,41,3.41,5.11,-1.9,0.41,93.93,-2,1.5,0,-1.9,0.12,0.314,3.8,1.026,0.364,6.2,1.06,-1073.2,2.9,-2.52,-2.59,-2.72,2.79,7.91,4.39,100,8252,93.93,-2.4
04/27/2025 04:50:00 AM,0,0,0,0,33,3.19,4.7,-2,0.412,93.93,-1.9,1.4,0,-2,0.11,0.314,3.7,1.036,0.364,6.2,1.057,-1063.6,2.9,-2.65,-2.74,-2.86,2.68,7.88,4.38,100,8251,93.93,-2.5
04/27/2025 04:55:00 AM,0,0,0,0,44,3.28,5.24,-2,0.41,93.93,-2.3,1.5,0,-2.1,0.12,0.314,3.7,1.041,0.364,6.1,1.06,-1054.6,2.8,-2.76,-2.82,-2.95,2.62,7.87,4.38,100,8251,93.93,-2.6
04/27/2025 05:00:00 AM,0,0,0,0,42,3.61,5.58,-2,0.412,93.93,-2.6,0.7,0,-2.2,0.12,0.314,3.6,1.041,0.364,6.1,1.058,-1036.1,2.8,-2.71,-2.75,-2.89,2.55,7.85,4.38,100,8249,93.93,-2.7
04/27/2025 05:05:00 AM,0,0,0,0,46,3.56,5.33,-2.1,0.414,93.94,-2,1.4,0,-2.2,0.11,0.314,3.6,1.044,0.364,6.1,1.06,-1029.9,2.7,-2.72,-2.78,-2.92,2.49,7.84,4.39,100,8249,93.94,-2.8
04/27/2025 05:10:00 AM,0.2,0,0,0,52,3.71,6.4,-2,0.414,93.94,-1.8,0.9,0,-2.3,0.11,0.314,3.5,1.046,0.364,6,1.06,-1020.7,2.6,-2.69,-2.72,-2.86,2.45,7.84,4.38,100,8250,93.94,-2.8
04/27/2025 05:15:00 AM,1,0,0,0,46,3.75,6.59,-2.1,0.41,93.94,-1.8,1.5,0,-2.3,0.11,0.314,3.5,1.046,0.364,6,1.058,-1006.7,2.6,-2.68,-2.75,-2.89,2.41,7.84,4.4,100,8249,93.94,-2.8
04/27/2025 05:20:00 AM,2.2,0,0,0,41,2.9,4.99,-2.3,0.412,93.95,-3,1.3,0,-2.3,0.1,0.314,3.4,1.046,0.364,6,1.058,-1006.7,2.6,-2.83,-2.95,-3.05,2.38,7.82,4.4,100,8247,93.94,-2.9
04/27/2025 05:25:00 AM,3.6,0,0,0,47,3.89,6.18,-2.2,0.412,93.95,-2.1,1.8,0,-2.4,0.11,0.314,3.4,1.046,0.364,5.9,1.058,-1013.7,2.5,-2.86,-2.94,-3.06,2.32,7.8,4.4,100,8248,93.95,-3
04/27/2025 05:30:00 AM,5.4,0,0,0,37,3.14,5.61,-2.3,0.41,93.95,-2.1,1.3,0,-2.5,0.1,0.314,3.3,1.044,0.364,5.9,1.053,-993.1,2.5,-2.9,-3.01,-3.11,2.26,7.8,4.39,100,8245,93.95,-3
04/27/2025 05:35:00 AM,7,0,0,0,42,2.68,3.85,-2.4,0.41,93.95,-1.6,1.8,0,-2.5,0.1,0.314,3.3,1.042,0.364,5.9,1.051,-984.7,2.4,-2.99,-3.11,-3.18,2.21,7.79,4.4,100,8247,93.95,-3.1
04/27/2025 05:40:00 AM,9,0,0,0,35,2.61,4.72,-2.5,0.412,93.96,-2.2,1.2,0,-2.5,0.1,0.314,3.3,1.044,0.364,5.8,1.054,-971.8,2.4,-3,-3.14,-3.22,2.18,7.78,4.41,100,8245,93.96,-3.2
04/27/2025 05:45:00 AM,11,0,0,0,34,2.2,3.41,-2.6,0.414,93.96,-2.2,1.2,0,-2.6,0.09,0.314,3.2,1.042,0.364,5.8,1.059,-953.4,2.3,-3.06,-3.24,-3.3,2.15,7.77,4.4,100,8246,93.96,-3.3
04/27/2025 05:50:00 AM,14,0,0,0,30,2.66,4.26,-2.5,0.41,93.97,-2.3,1.3,0,-2.7,0.1,0.314,3.2,1.044,0.364,5.8,1.056,-951.5,2.3,-3.02,-3.13,-3.23,2.11,7.75,4.41,100,8245,93.97,-3.4
04/27/2025 05:55:00 AM,15.8,0,0,0,38,2.28,3.05,-2.5,0.412,93.97,-2.4,1.4,0,-2.7,0.1,0.314,3.2,1.042,0.364,5.7,1.054,-933.9,2.3,-2.96,-3.06,-3.12,2.08,7.74,4.42,100,8244,93.98,-3.4
04/27/2025 06:00:00 AM,16.6,0,0,0,28,2.44,4.75,-2.5,0.412,93.98,-1.9,1.4,0,-2.7,0.1,0.314,3.1,1.042,0.364,5.7,1.051,-916,2.3,-2.9,-3.02,-3.06,2.06,7.72,4.4,100,8242,93.98,-3.4
04/27/2025 06:05:00 AM,18.8,0,0,0,31,2.78,4.37,-2.4,0.418,93.98,-1.9,1.6,0,-2.7,0.09,0.314,3.1,1.042,0.364,5.7,1.056,-909.5,2.2,-2.75,-2.85,-2.9,2.05,7.71,4.41,100,8243,93.98,-3.4
04/27/2025 06:10:00 AM,21.4,0,0,0,38,2.53,3.6,-2.4,0.42,93.98,-1.8,1.4,0,-2.6,0.09,0.314,3.1,1.04,0.364,5.6,1.056,-905.1,2.2,-2.71,-2.8,-2.87,2.03,7.69,4.4,100,8241,93.99,-3.4
04/27/2025 06:15:00 AM,26.6,0,0,0,45,2.28,3.87,-2.4,0.418,93.98,-2,1.5,0,-2.6,0.09,0.314,3.1,1.04,0.364,5.6,1.056,-903.8,2.2,-2.65,-2.71,-2.7,2.02,7.68,4.43,100,8243,93.99,-3.4
04/27/2025 06:20:00 AM,33.4,0,0,0,46,2.58,3.75,-2.4,0.42,93.99,-2,1.5,0,-2.4,0.09,0.314,3.1,1.04,0.364,5.6,1.051,-902.4,2.2,-2.41,-2.34,-2.16,2.02,7.68,4.42,100,8241,93.99,-3.2
04/27/2025 06:25:00 AM,32.2,0,0,0,45,3.32,5.23,-2.3,0.42,93.99,-1.7,1.9,0,-2.4,0.09,0.314,3.1,1.037,0.364,5.6,1.059,-894.7,2.1,-2.14,-2.1,-1.87,2.02,7.66,4.42,100,8241,94,-3.1
04/27/2025 06:30:00 AM,29.4,0,0,0,47,3.21,6.96,-2.4,0.414,94,-1.8,1.4,0,-2.3,0.1,0.314,3,1.038,0.364,5.5,1.056,-882.5,2.1,-2.06,-2.11,-1.96,2.04,7.66,4.42,100,8242,94,-3
04/27/2025 06:35:00 AM,36.8,0,0,0,47,3.06,4.89,-2.5,0.412,93.99,-1.8,1.7,0,-2.3,0.1,0.314,3,1.038,0.364,5.5,1.059,-874,2.1,-2.01,-2,-1.66,2.05,7.65,4.42,100,8222,94,-3
04/27/2025 06:40:00 AM,72.8,0,0,0,53,2.89,4.78,-2.4,0.414,93.99,-1.7,1.5,0,-2.2,0.1,0.314,3,1.037,0.364,5.5,1.059,-856.8,2.1,-1.9,-1.92,-1.56,2.07,7.63,4.43,100,8248,94,-2.9
04/27/2025 06:45:00 AM,108.6,0,0,0,46,2.48,4.09,-2.2,0.422,93.99,-1.8,1.3,0,-1.5,0.1,0.314,3,1.035,0.364,5.4,1.059,-856,2.1,-1.54,-1.27,-0.44,2.08,7.62,4.42,100,8251,94.01,-2.8
04/27/2025 06:50:00 AM,118,0,0,0,47,2.25,3.78,-2.1,0.428,94,-1.4,1.7,0,-0.8,0.1,0.314,3,1.03,0.364,5.4,1.059,-853.3,2.1,-0.06,0.95,3.23,2.18,7.61,4.43,100,8255,94.02,-2.1
04/27/2025 06:55:00 AM,127.4,0,0,0,46,1.49,3.2,-1.9,0.43,94.02,-1.6,1.6,0,-0.3,0.1,0.314,3.1,1.03,0.364,5.4,1.059,-842.4,2.1,1.62,2.88,5.58,2.46,7.6,4.43,100,8258,94.04,-1.3
04/27/2025 07:00:00 AM,137,0,0,0,31,0.86,1.48,-1.8,0.436,94.02,-1.6,1.6,0,0.4,0.1,0.314,3.1,1.03,0.364,5.4,1.056,-837.9,2.2,3.39,5.33,8.56,2.81,7.6,4.43,100,8257,94.05,-0.4
04/27/2025 07:05:00 AM,148,0,0,0,58,1.58,3.8,-1.6,0.432,94.03,-1.6,1.6,0,0.9,0.11,0.314,3.2,1.027,0.364,5.4,1.059,-831,2.2,4.62,5.65,8.62,3.2,7.58,4.43,100,8263,94.06,0.2
04/27/2025 07:10:00 AM,158,0,0,0,50,1.77,2.57,-1.4,0.432,94.04,-1.6,1.5,0,1.4,0.12,0.314,3.2,1.025,0.364,5.4,1.054,-821.3,2.3,4.89,5.99,9.39,3.52,7.57,4.43,100,8260,94.06,0.6
04/27/2025 07:15:00 AM,169,0,0,0,55,1.49,2.45,-1.2,0.434,94.04,-1.6,1.6,0,1.7,0.13,0.314,3.3,1.024,0.364,5.3,1.059,-817.1,2.4,5.5,6.44,9.92,3.77,7.55,4.43,100,8263,94.07,1
04/27/2025 07:20:00 AM,180,0,0,0,45,1.9,2.82,-1.1,0.432,94.05,-1.4,1.6,0,2.1,0.13,0.314,3.3,1.022,0.364,5.3,1.054,-811,2.5,5.59,6.19,9.86,3.97,7.53,4.44,100,8266,94.07,1.3
04/27/2025 07:25:00 AM,191.6,0,0,0,48,2.26,3.26,-0.9,0.43,94.05,-1.6,1.5,0,2.3,0.14,0.314,3.4,1.02,0.364,5.3,1.052,-797.6,2.7,5.48,6.05,9.64,4.16,7.53,4.43,100,8271,94.08,1.6
04/27/2025 07:30:00 AM,202.6,0,0,0,50,1.67,2.8,-0.6,0.432,94.05,-1.4,1.5,0,2.6,0.15,0.314,3.5,1.014,0.364,5.3,1.054,-794.5,2.8,5.75,6.59,10.49,4.33,7.51,4.44,100,8276,94.08,1.8
04/27/2025 07:35:00 AM,214.2,0,0,0,42,1.5,2.57,-0.4,0.44,94.06,-1.6,1.6,0,3,0.15,0.314,3.7,1.009,0.364,5.3,1.056,-788.7,2.9,6.46,7.46,11.63,4.53,7.49,4.43,100,8248,94.09,2.2
04/27/2025 07:40:00 AM,226,0,0,0,37,1.66,3.08,-0.1,0.44,94.06,-1.4,1.5,0,3.4,0.16,0.314,4,0.998,0.364,5.3,1.056,-785.8,3,7.23,8.11,12.42,4.8,7.48,4.43,100,8273,94.09,2.6
04/27/2025 07:45:00 AM,238.4,0,0,0,44,1.92,2.68,0,0.44,94.06,-1.4,1.5,0,3.7,0.17,0.314,4.3,0.99,0.364,5.3,1.054,-782.2,3,7.52,8.03,12.24,5.05,7.47,4.43,100,8280,94.09,2.9
04/27/2025 07:50:00 AM,251.2,0,0,0,46,1.73,2.96,0.3,0.44,94.07,-1.4,1.8,0,4.1,0.18,0.314,4.5,0.983,0.365,5.3,1.054,-779.1,3,7.9,8.84,12.89,5.29,7.45,4.43,100,8282,94.09,3.2
04/27/2025 07:55:00 AM,263.2,0,0,0,45,1.61,2.56,0.5,0.438,94.07,-1.3,1.7,0,4.4,0.19,0.314,4.8,0.978,0.365,5.3,1.054,-775.3,3,8.17,9.24,13.51,5.54,7.44,4.44,100,8285,94.1,3.4
04/27/2025 08:00:00 AM,276,0,0,0,93,1.63,2.57,0.9,0.442,94.07,-1.3,1.6,0,4.8,0.21,0.314,5,0.973,0.364,5.3,1.054,-772,3.1,8.94,10.16,13.98,5.78,7.41,4.44,100,8288,94.1,3.7
04/27/2025 08:05:00 AM,289.6,0,0,0,126,1.69,4.59,1.3,0.438,94.07,-1.4,1.6,0,5.3,0.23,0.314,5.2,0.965,0.365,5.3,1.054,-762.9,3.2,9.6,10.94,13.74,6.04,7.4,4.44,100,8261,94.1,4
04/27/2025 08:10:00 AM,301.8,0,0,0,103,1.29,2.44,1.7,0.446,94.07,-1.2,1.8,0,5.8,0.24,0.314,5.5,0.962,0.365,5.3,1.054,-762.9,3.5,10.36,11.65,15.38,6.29,7.37,4.43,100,8290,94.1,4.5
04/27/2025 08:15:00 AM,315,0,0,0,84,2.02,3.74,1.4,0.442,94.07,-1.2,1.4,0,6.1,0.23,0.314,5.8,0.952,0.365,5.3,1.054,-757.3,3.8,10.4,11.29,14.89,6.61,7.36,4.44,100,8296,94.1,4.8
04/27/2025 08:20:00 AM,328.2,0,0,0,89,1.67,3.09,1.6,0.44,94.07,-1.3,1.5,0,6.5,0.25,0.314,6,0.949,0.365,5.3,1.054,-751.1,4.1,10.72,11.13,14.95,6.84,7.34,4.43,100,8300,94.1,5
04/27/2025 08:25:00 AM,342.4,0,0,0,122,2.01,3.44,1.7,0.44,94.08,-1.2,1.4,0,6.7,0.25,0.313,6.1,0.944,0.364,5.3,1.054,-741.6,4.4,10.69,11.71,14.43,7.06,7.33,4.44,100,8306,94.1,5.1
04/27/2025 08:30:00 AM,354.2,0,0,0,164,1.01,2.46,2.1,0.44,94.08,-1.2,1.7,0,7,0.27,0.313,6.4,0.937,0.364,5.3,1.052,-741,4.6,10.73,13,16.19,7.27,7.32,4.44,100,8317,94.1,5.4
04/27/2025 08:35:00 AM,367,0,0,0,119,1.39,4.12,2.5,0.448,94.08,-1.2,1.4,0,7.4,0.28,0.313,6.6,0.93,0.365,5.3,1.051,-739.4,4.9,12.21,13.4,16.82,7.53,7.3,4.45,100,8346,94.11,5.9
04/27/2025 08:40:00 AM,380.4,0,0,0,119,1.96,3.8,2.4,0.442,94.08,-1.1,1.7,0,7.8,0.29,0.313,6.9,0.918,0.364,5.4,1.051,-739.3,5.1,12.53,13.02,16.35,7.83,7.29,4.44,100,8363,94.11,6.1
04/27/2025 08:45:00 AM,393.2,0,0,0,130,2.88,4.05,2.4,0.436,94.08,-1.4,1.2,0,7.9,0.29,0.313,7.1,0.92,0.364,5.4,1.054,-749,5.4,11.56,12.36,14.74,8.08,7.28,4.45,100,8373,94.1,6.2
04/27/2025 08:50:00 AM,406.4,0,0,0,132,2.67,3.82,2.6,0.432,94.08,-1,1.3,0,7.8,0.3,0.313,7.2,0.922,0.364,5.4,1.051,-741,5.6,10.92,11.78,14.28,8.19,7.27,4.45,100,8384,94.11,6.1
04/27/2025 08:55:00 AM,419,0,0,0,133,2.25,4.02,2.8,0.43,94.08,-1.3,1.6,0,7.9,0.32,0.313,7.3,0.924,0.364,5.4,1.054,-733.5,5.8,11.11,12.01,14.66,8.28,7.26,4.45,100,8397,94.1,6.2
04/27/2025 09:00:00 AM,430.8,0,0,0,138,1.55,3.47,2.9,0.432,94.08,-1.2,1.6,0,8.1,0.32,0.313,7.5,0.921,0.364,5.5,1.048,-732,6,11.89,13.04,16.36,8.46,7.25,4.45,100,8412,94.1,6.4
04/27/2025 09:05:00 AM,443.8,0,0,0,140,2.06,4.19,3.1,0.438,94.08,-1.2,1.6,0,8.5,0.33,0.313,7.8,0.914,0.364,5.5,1.051,-731.6,6.3,12.75,13.62,17.06,8.74,7.24,4.46,100,8429,94.11,6.7
04/27/2025 09:10:00 AM,456.6,0,0,0,114,1.85,3.68,3.1,0.436,94.08,-1.3,1.7,0,8.6,0.33,0.313,8,0.911,0.364,5.6,1.053,-727.3,6.5,12.86,13.68,16.75,9.06,7.22,4.45,100,8449,94.11,6.9
04/27/2025 09:15:00 AM,468.2,0,0,0,172,1.74,3.2,3,0.432,94.09,-1.1,1.6,0,8.8,0.32,0.313,8.2,0.908,0.364,5.6,1.053,-732,6.8,12.37,14.26,17.61,9.28,7.21,4.47,100,8467,94.11,7.1
04/27/2025 09:20:00 AM,480.8,0,0,0,134,2.12,3.62,3.3,0.434,94.09,-1,1.5,0,9,0.34,0.312,8.5,0.897,0.364,5.6,1.053,-729.1,7,12.61,13.81,16.52,9.42,7.21,4.46,100,8489,94.11,7.4
04/27/2025 09:25:00 AM,493,0,0,0,126,1.37,3.19,3.7,0.436,94.09,-1,1.7,0,9.1,0.36,0.312,8.8,0.896,0.364,5.7,1.055,-719.6,7.3,12.83,13.07,15.45,9.5,7.2,4.47,100,8508,94.11,7.6
04/27/2025 09:30:00 AM,514.4,0,0,0,158,1.91,4.27,4.1,0.444,94.09,-1.3,1.5,0,9.6,0.37,0.312,9,0.893,0.364,5.7,1.053,-720.6,7.5,13.12,14.06,16.42,9.5,7.19,4.47,100,8542,94.12,7.9
04/27/2025 09:35:00 AM,607.4,0,0,0,170,2.01,4.18,3.7,0.44,94.09,-1.2,1.7,0,9.8,0.36,0.312,9.3,0.888,0.364,5.8,1.055,-719.6,7.8,14.16,15.79,18.74,9.66,7.18,4.47,100,8297,94.12,8.3
04/27/2025 09:40:00 AM,640.2,0,0,0,141,1.67,2.84,4.4,0.442,94.09,-1,1.6,0,10,0.39,0.312,9.8,0.881,0.364,5.9,1.057,-722.3,8.1,15.12,15.93,18.08,10.03,7.16,4.47,100,8532,94.12,8.8
04/27/2025 09:45:00 AM,650.2,0,0,0,37,1.63,3.56,4.3,0.448,94.1,-0.9,1.8,0,10.2,0.38,0.312,10.1,0.875,0.364,5.9,1.057,-719.6,8.6,15.44,16.02,20.5,10.49,7.16,4.47,100,8566,94.12,9.3
04/27/2025 09:50:00 AM,478.8,0,0,0,57,2.14,3.64,3.6,0.436,94.11,-1.2,1.4,0,9.7,0.35,0.312,10.4,0.873,0.364,6,1.081,-714.5,9,13.8,13.53,16.93,10.94,7.16,4.46,100,8624,94.12,9.2
04/27/2025 09:55:00 AM,464.4,0,0,0,221,2.14,3.63,3.9,0.434,94.12,-1.1,1.4,0,9.5,0.37,0.311,10.4,0.875,0.364,6,1.057,-719.4,9.2,12.57,14.63,17.12,11.01,7.14,4.47,100,8741,94.12,9.2
04/27/2025 10:00:00 AM,437.8,0,0,0,196,2.37,4.69,3.9,0.43,94.11,-1.4,1.7,0,9.3,0.38,0.31,10.5,0.88,0.364,6.1,1.056,-716.5,9.3,12.15,13.64,15.3,10.95,7.14,4.47,100,8499,94.12,9.3
04/27/2025 10:05:00 AM,550.2,0,0,0,169,1.96,4.1,4.4,0.43,94.1,-1.2,1.5,0,8.8,0.41,0.31,10.5,0.887,0.364,6.2,1.056,-722.6,9.3,11.39,12.57,14.49,10.8,7.12,4.46,100,8795,94.12,9.1
04/27/2025 10:10:00 AM,490.3,0,0,0,136,1.88,2.62,4.5,0.439,94.1,-1.1,1.7,0,9.5,0.4,0.31,10.6,0.885,0.364,6.3,1.054,-717.8,9.4,13.81,14.09,16.65,10.95,7.12,4.47,100,9220,94.1,9.7
04/27/2025 10:15:00 AM,684.2,0,0,0,103,1.44,2.88,4.7,0.438,94.08,-0.9,1.6,0,9.9,0.41,0.309,10.8,0.882,0.364,6.3,1.063,-713.5,9.7,14.56,14.45,18.4,11.24,7.13,4.49,100,8913,94.1,10.8
04/27/2025 10:20:00 AM,670,0,0,0,236,1.58,4.54,5,0.45,94.09,-1.2,1.6,0,10.6,0.42,0.31,11,0.877,0.364,6.4,1.085,-708.1,9.9,15.11,16.73,21.09,11.67,7.12,4.49,100,8877,94.11,11.7
04/27/2025 10:30:00 AM,682.4,0,0,0,219,1.86,4.63,5.1,0.448,94.09,-1.1,1.5,0,11.2,0.43,0.31,11.5,0.868,0.364,6.5,1.084,-693.6,10.4,15.35,17.28,20.84,12.24,7.12,4.49,100,8754,94.11,11.9
04/27/2025 10:35:00 AM,643,0,0,0,245,1.82,3.3,5,0.45,94.09,-0.8,1.8,0,11.4,0.42,0.308,11.6,0.85,0.364,6.6,1.081,-692.8,10.6,14.35,17.15,21.15,12.62,7.09,4.49,100,8792,94.11,12.2
04/27/2025 10:40:00 AM,674,0,0,0,188,1.45,4.14,5.4,0.45,94.09,-1.1,1.7,0,11.6,0.45,0.308,11.7,0.854,0.364,6.7,1.081,-684.9,10.7,15.34,17.39,20.84,12.81,7.1,4.49,100,8764,94.12,12.4
04/27/2025 10:45:00 AM,674,0,0,0,133,1.6,3.04,5.6,0.45,94.09,-1.1,1.5,0,11.9,0.46,0.308,12.1,0.847,0.364,6.8,1.083,-671.3,10.9,16.78,16.93,20.04,13.05,7.09,4.49,100,8747,94.11,12.7
04/27/2025 10:50:00 AM,676.8,0,0,0,283,1.21,2.77,5.8,0.454,94.09,-0.9,1.7,0,12,0.47,0.308,12.6,0.842,0.364,6.8,1.083,-664.3,11.1,15.91,17.9,22.32,13.34,7.08,4.49,100,8739,94.11,12.9
04/27/2025 10:55:00 AM,684.4,0,0,0,296,1.92,3.69,5.6,0.45,94.09,-1,1.6,0,12.1,0.46,0.309,12.8,0.831,0.364,6.9,1.088,-658.3,11.3,15.56,17.84,22.19,13.57,7.1,4.49,100,8733,94.11,13.2
04/27/2025 11:00:00 AM,692.6,0,0,0,326,1.82,3.32,5.5,0.452,94.09,-1,1.7,0,12,0.45,0.31,13.1,0.818,0.364,7,1.093,-654.8,11.5,15.34,17.15,21.86,13.7,7.08,4.49,100,8715,94.1,13.3
04/27/2025 11:05:00 AM,698.6,0,0,0,293,1.39,3.44,6.2,0.45,94.08,-0.9,1.6,0,12.1,0.5,0.31,13.5,0.82,0.364,7.1,1.06,-655.8,11.5,16.86,18.01,22.68,13.88,7.09,4.49,100,8719,94.1,13.4
04/27/2025 11:10:00 AM,705.4,0,0,0,357,1.54,3.55,6.1,0.45,94.08,-1,1.7,0,12.2,0.49,0.31,14,0.812,0.364,7.1,1.065,-644.8,11.7,15.87,17.25,22.03,14.14,7.09,4.49,100,8713,94.1,13.7
04/27/2025 11:15:00 AM,713.4,0,0,0,105,1.6,3.16,6.2,0.45,94.08,-1,1.6,0,12.4,0.5,0.308,14.6,0.812,0.365,7.2,1.072,-654.3,13.2,16.28,15.82,20.44,14.39,7.08,4.5,100,8709,94.09,13.9
04/27/2025 11:20:00 AM,721,0,0,0,126,1.95,4.12,6.2,0.45,94.07,-0.7,1.5,0,12.4,0.5,0.309,14.7,0.81,0.365,7.3,1.074,-685.6,13.8,16.29,15.86,19.78,14.54,7.08,4.49,100,8705,94.09,14
04/27/2025 11:25:00 AM,729.4,0,0,0,204,1.91,3.57,6.6,0.45,94.06,-0.8,1.7,0,12.2,0.52,0.31,14.7,0.812,0.365,7.4,1.081,-716.1,13.9,16.11,17.15,20.56,14.57,7.09,4.5,100,8706,94.08,14.1
04/27/2025 11:30:00 AM,734.6,0,0,0,352,1.3,2.03,6.2,0.45,94.07,-0.9,1.6,0,12.4,0.5,0.309,14.9,0.811,0.365,7.4,1.081,-741.3,14.3,15.66,16.4,21.19,14.66,7.09,4.49,100,8680,94.08,14.3
04/27/2025 11:35:00 AM,745.4,0,0,0,337,1.74,3.04,6.7,0.456,94.07,-0.8,1.4,0,12.4,0.52,0.308,15.4,0.804,0.364,7.5,1.081,-771.1,14.6,15.91,16.21,21.26,14.81,7.09,4.49,100,8701,94.08,14.3
04/27/2025 11:40:00 AM,763,0,0,0,351,1.41,2.75,6.7,0.452,94.07,-1,1.5,0,12.5,0.53,0.308,15.8,0.797,0.364,7.6,1.073,-800.4,14.8,16.39,16.44,20.52,14.92,7.1,4.5,100,8706,94.08,14.4
04/27/2025 11:45:00 AM,787,0,0,0,192,1.22,2.07,7,0.452,94.07,-0.9,1.6,0,12.8,0.55,0.308,16.3,0.794,0.364,7.7,1.076,-827.6,15.1,17.38,17.66,20.41,15.18,7.1,4.51,100,8707,94.08,14.6
04/27/2025 11:50:00 AM,714.8,0,0,0,136,2.19,3.93,6.6,0.452,94.07,-0.9,1.6,0,12.9,0.52,0.308,16.6,0.791,0.364,7.7,1.078,-857.2,15.4,17.23,16.3,17.88,15.38,7.1,4.52,100,8695,94.07,14.9
04/27/2025 11:55:00 AM,789.2,0,0,0,88,1.15,2.23,7.6,0.454,94.06,-0.9,1.5,0,12.7,0.59,0.307,16.8,0.789,0.364,7.8,1.083,-897,15.5,17.53,16.44,19.37,15.31,7.11,4.51,100,8675,94.07,15
04/27/2025 12:00:00 PM,734.2,0,0,0,335,1.46,3.67,7.5,0.452,94.07,-0.9,1.7,0,12.9,0.58,0.307,17.3,0.778,0.364,7.9,1.085,-923.6,15.9,17.49,17.43,21.4,15.53,7.12,4.51,100,8686,94.06,15.2
04/27/2025 12:05:00 PM,784.6,0,0,0,283,2.38,3.52,7.5,0.454,94.05,-1,1.9,0,13,0.59,0.307,17.6,0.778,0.364,8,1.083,-955,16.1,16.68,18.2,21.59,15.74,7.12,4.51,100,8689,94.06,15.5
04/27/2025 12:10:00 PM,782,0,0,0,213,2.12,4.11,7.3,0.456,94.05,-0.9,1.8,0,13,0.57,0.309,17.6,0.786,0.364,8,1.082,-985.6,16.3,17.3,18.38,21.03,15.87,7.12,4.51,100,8665,94.05,15.6
04/27/2025 12:15:00 PM,597.8,0,0,0,352,1.69,4.42,7.4,0.448,94.06,-0.6,1.8,0,12.8,0.58,0.31,16.8,0.798,0.364,8.1,1.085,-1015.3,16.2,17.89,17.47,20.17,16.12,7.13,4.51,100,8681,94.05,15.6
04/27/2025 12:20:00 PM,696.4,0,0,0,329,2.31,4.79,7.3,0.45,94.04,-1,1.7,0,12.7,0.57,0.31,15.6,0.826,0.364,8.2,1.085,-1068.8,15.4,16.2,16.47,20.06,16.11,7.14,4.51,100,8498,94.04,15.5
04/27/2025 12:25:00 PM,99.2,0,0,0,3,1.34,4.07,6.9,0.434,94.06,-1.2,1.6,0,11.5,0.56,0.31,14.5,0.849,0.364,8.3,1.095,-1113.3,14.6,13.62,13.77,15.89,15.73,7.15,4.52,100,8456,94.04,14.9
04/27/2025 12:30:00 PM,703.6,0,0,0,10,1.74,4.76,7.7,0.444,94.04,-1.1,1.3,0,11.3,0.61,0.31,13.6,0.868,0.363,8.3,1.131,-1162.2,13.6,14.84,13.88,15.97,14.99,7.16,4.52,100,8609,94.04,14.3
04/27/2025 12:35:00 PM,639.6,0,0,0,347,2.48,4.75,7.4,0.442,94.04,-1.1,2,0,11.3,0.59,0.31,12.9,0.885,0.363,8.4,1.133,-1196.7,12.8,15.11,14.78,17.91,15,7.17,4.52,100,8654,94.03,14.3
04/27/2025 12:40:00 PM,340.2,0,0,0,13,1.31,2.59,7.2,0.438,94.05,-1.1,1.6,0,10.9,0.57,0.31,12.4,0.895,0.364,8.4,1.135,-1230.5,12.4,14.3,13.68,16.34,15,7.18,4.51,100,8736,94.03,14
04/27/2025 12:45:00 PM,567,0,0,0,12,1.33,3.48,7.5,0.444,94.03,-1,1.4,0,11.2,0.6,0.309,12,0.905,0.363,8.5,1.097,-1249.1,12.1,15.8,14.64,17.29,14.85,7.19,4.52,100,8507,94.03,13.9
04/27/2025 12:50:00 PM,273.6,0,0,0,332,1.88,3.83,7.1,0.438,94.04,-0.8,1.6,0,10.6,0.57,0.307,11.7,0.91,0.363,8.6,1.092,-1272.3,11.8,13.2,13.39,15.43,14.82,7.2,4.52,100,8743,94.03,13.7
04/27/2025 12:55:00 PM,552.4,0,0,0,4,1.29,3.09,7.2,0.44,94.03,-1,1.5,0,10.6,0.58,0.307,12,0.905,0.363,8.6,1.117,-1270.3,11.8,14.32,13.41,15.87,14.44,7.21,4.52,100,8689,94.02,13.4
04/27/2025 01:00:00 PM,240,0,0,0,307,1.19,2.09,7.2,0.442,94.04,-1,1.6,0,10.5,0.57,0.307,12.8,0.879,0.363,8.7,1.128,-1274.1,12.4,13.49,13.74,15.58,14.44,7.21,4.53,100,8482,94.02,13.3
04/27/2025 01:05:00 PM,459,0,0,0,133,0.98,1.78,7.4,0.438,94.03,-1.2,1.5,0,10.3,0.59,0.307,12.8,0.881,0.363,8.7,1.128,-1285.9,12.6,13.29,12.83,14.18,14.14,7.23,4.52,100,8848,94.02,13
04/27/2025 01:10:00 PM,358,0,0,0,302,1.33,2.53,7.6,0.436,94.02,-0.9,1.6,0,10.6,0.6,0.307,13.3,0.869,0.363,8.7,1.133,-1294.2,12.8,14.14,14.07,15.83,14.11,7.25,4.52,100,8493,94.01,13.1
04/27/2025 01:15:00 PM,344,0,0,0,23,1.18,2.79,7.5,0.434,94.02,-0.9,1.5,0,10.5,0.6,0.307,13.6,0.866,0.363,8.8,1.133,-1322.5,13.1,13.92,13.14,14.71,14.13,7.27,4.52,100,8494,94.01,12.9
04/27/2025 01:20:00 PM,304.2,0,0,0,15,0.94,2.33,7.7,0.432,94.02,-1,1.4,0,10.3,0.62,0.307,13.7,0.864,0.363,8.8,1.133,-1361.1,13.2,13.42,12.77,13.95,13.98,7.28,4.52,100,8823,94,12.6
04/27/2025 01:25:00 PM,928.4,0,0,0,312,1.37,2.89,8.5,0.446,93.99,-0.9,1.6,0,10.9,0.66,0.307,13.9,0.861,0.363,8.9,1.096,-1373.7,13.2,16.39,15.25,17.78,13.99,7.28,4.53,100,8849,93.99,12.9
04/27/2025 01:30:00 PM,542.2,0,0,0,93,1.82,3,8.2,0.45,93.99,-1.2,1.4,0,11.5,0.64,0.307,15.2,0.827,0.363,8.9,1.084,-1350.2,14.2,18.29,16.36,18.32,14.83,7.3,4.53,100,8531,93.98,13.6
04/27/2025 01:35:00 PM,182,0,0,0,9,1.57,3.32,8.1,0.44,94,-1.1,1.4,0,11.2,0.64,0.307,15.8,0.82,0.363,9,1.086,-1357.7,14.9,14.91,14.77,16.41,15.12,7.31,4.52,100,8469,93.98,13.5
04/27/2025 01:40:00 PM,439.8,0,0,0,333,1.31,2.55,8.4,0.434,93.99,-1.2,1.6,0,11.1,0.66,0.307,15.3,0.835,0.363,9,1.076,-1388,14.5,13.99,13.65,15.41,14.65,7.32,4.53,100,8532,93.98,13.2
04/27/2025 01:45:00 PM,189,0,0,0,20,0.98,2.59,8.2,0.43,93.99,-1.2,1.6,0,10.9,0.66,0.307,15.1,0.842,0.363,9,1.089,-1433.2,14.3,13.79,13.28,15,14.42,7.34,4.54,100,8473,93.97,13
04/27/2025 01:50:00 PM,163.2,0,0,0,19,1.44,2.73,8.1,0.412,93.99,-1.2,1.5,0,10.5,0.67,0.307,14.7,0.851,0.363,9.1,1.079,-1465.5,13.9,12.54,11.93,13.31,14.06,7.36,4.53,100,8463,93.97,12.6
04/27/2025 01:55:00 PM,209.4,0,0,0,31,1.03,1.73,8,0.392,93.98,-1.1,1.6,0,10.2,0.68,0.307,14.1,0.867,0.363,9.1,1.114,-1504.2,13.4,11.98,11.25,12.3,13.53,7.39,4.53,100,8498,93.97,12.2
04/27/2025 02:00:00 PM,438.2,0,0,0,46,1.19,1.95,8.1,0.402,93.97,-1.2,1.4,0,10.2,0.68,0.307,13.8,0.874,0.363,9.1,1.132,-1489.3,12.9,13.14,11.78,12.82,13.21,7.41,4.53,100,8750,93.96,11.9
04/27/2025 02:05:00 PM,858.6,0,0,0,3,1.08,2.83,8.9,0.416,93.97,-1,1.5,0,10.7,0.73,0.307,14.4,0.86,0.363,9.2,1.089,-1512.2,13.1,17.39,15.06,17.14,13.51,7.44,4.53,100,8776,93.96,12.3
04/27/2025 02:10:00 PM,823.8,0,0,0,66,1.56,2.97,9.2,0.42,93.96,-1.1,1.3,0,11.6,0.74,0.307,16,0.825,0.363,9.2,1.088,-1489.7,14.3,20.58,17.45,19.22,14.54,7.46,4.54,100,8773,93.96,13.2
04/27/2025 02:15:00 PM,811,0,0,0,81,1.31,3.11,9.9,0.434,93.97,-0.9,1.4,0,12.3,0.78,0.307,17.2,0.804,0.363,9.3,1.078,-1479.4,15.5,21.63,18.67,20.23,15.41,7.48,4.54,100,8738,93.95,14.1
04/27/2025 02:20:00 PM,798.4,0,0,0,34,1.47,2.55,10.2,0.434,93.96,-0.9,1.4,0,13,0.81,0.307,18.1,0.79,0.363,9.3,1.076,-1467.2,16.3,22.53,19.48,21.7,15.96,7.49,4.53,100,8716,93.95,15
04/27/2025 02:25:00 PM,804.4,0,0,0,334,1.47,2.84,10,0.436,93.96,-1,1.4,0,13.6,0.79,0.307,19,0.777,0.362,9.4,1.076,-1494.5,17,22.55,20.78,22.79,16.53,7.5,4.54,100,8705,93.95,15.7
04/27/2025 02:30:00 PM,809.2,0,0,0,263,1.56,2.82,10,0.434,93.97,-0.9,1.4,0,13.9,0.79,0.306,19.6,0.774,0.363,9.4,1.088,-1493.1,17.7,21.89,20.82,22.73,16.94,7.53,4.54,100,8673,93.95,16.2
04/27/2025 02:35:00 PM,800.2,0,0,0,55,1.71,3.13,10.2,0.432,93.96,-0.7,1.4,0,14.2,0.81,0.306,19.3,0.777,0.362,9.5,1.082,-1513.5,17.9,23.76,19.36,21.24,17.02,7.54,4.53,100,8649,93.94,16.5
04/27/2025 02:40:00 PM,794.6,0,0,0,68,1.36,2.88,10.5,0.43,93.95,-0.9,1.2,0,14.4,0.84,0.307,18.2,0.799,0.362,9.6,1.09,-1542,17.8,24.6,20.46,22.4,17.12,7.56,4.54,100,8633,93.93,16.8
04/27/2025 02:45:00 PM,791,0,0,0,55,2.05,3.75,10.7,0.434,93.95,-0.9,1.1,0,14.6,0.85,0.307,17.1,0.823,0.362,9.6,1.085,-1553.8,18,24.57,20.48,22.78,17.54,7.57,4.54,100,8637,93.92,17.2
04/27/2025 02:50:00 PM,797.2,0,0,0,53,1.95,3.37,10.4,0.426,93.95,-0.7,1.5,0,14.6,0.84,0.307,16.3,0.843,0.362,9.7,1.087,-1560.3,18.3,24.47,20.41,22.78,17.88,7.58,4.55,100,8627,93.92,17.4
04/27/2025 02:55:00 PM,772.8,0,0,0,49,1.77,2.91,10.6,0.422,93.94,-0.7,1.2,0,14.7,0.86,0.307,15.6,0.858,0.362,9.8,1.082,-1564.2,18.5,24.24,20.39,23.1,18.15,7.61,4.54,100,8620,93.92,17.6
04/27/2025 03:00:00 PM,771.6,0,0,0,143,1.23,2.61,10.6,0.418,93.94,-1,1.5,0,14.8,0.86,0.308,15,0.87,0.362,9.8,1.087,-1601.4,18.2,25.53,22.03,23.27,18.34,7.62,4.54,100,8609,93.91,17.8
04/27/2025 03:05:00 PM,779.8,0,0,0,290,2.69,5.98,10.7,0.414,93.94,-0.5,1.5,0,15.1,0.87,0.307,14.6,0.878,0.362,9.9,1.091,-1630.8,18.1,23.13,22.25,23.67,18.55,7.63,4.53,100,8603,93.91,18.2
04/27/2025 03:10:00 PM,770.2,0,0,0,333,3.03,5.27,10.6,0.408,93.93,-0.8,1.7,0,14.8,0.87,0.308,14.3,0.884,0.362,10,1.116,-1675.3,17.7,21.3,20.3,22.82,18.49,7.65,4.55,100,8601,93.9,18.1
04/27/2025 03:15:00 PM,782.2,0,0,0,349,2.05,3.4,11.1,0.41,93.93,-0.9,1.8,0,14.6,0.91,0.308,14,0.889,0.362,10.1,1.135,-1697.1,17.3,22.19,20.25,23.12,18.44,7.67,4.55,100,8584,93.9,17.9
04/27/2025 03:20:00 PM,795.8,0,0,0,197,1.25,2.87,11.6,0.41,93.92,-0.8,1.4,0,14.8,0.95,0.308,13.8,0.892,0.362,10.1,1.135,-1751,17,25.03,22.32,23.97,18.69,7.68,4.55,100,8595,93.89,18.1
04/27/2025 03:25:00 PM,790,0,0,0,215,1.76,3.4,11.4,0.402,93.92,-1,1.4,0,15.1,0.94,0.308,13.7,0.893,0.362,10.2,1.126,-1770.5,17,24.7,23.83,24.59,19.03,7.7,4.54,100,8589,93.89,18.5
04/27/2025 03:30:00 PM,738.8,0,0,0,171,1.42,2.45,11.3,0.396,93.92,-0.9,1.5,0,15.4,0.94,0.308,13.6,0.893,0.362,10.3,1.131,-1811.7,16.7,25.89,23.73,23.85,19.24,7.71,4.55,100,8576,93.88,18.8
04/27/2025 03:35:00 PM,713.6,0,0,0,197,1.65,4.1,11.2,0.382,93.91,-1.1,1.2,0,15.4,0.94,0.308,13.5,0.896,0.362,10.4,1.133,-1839.1,16.4,25.58,23.41,23.54,19.36,7.72,4.55,100,8568,93.88,18.8
04/27/2025 03:40:00 PM,706.8,0,0,0,207,1.7,3.49,11.4,0.376,93.91,-0.8,1.5,0,15.5,0.97,0.308,13.3,0.896,0.362,10.5,1.134,-1932.4,15.7,25.71,23.7,23.91,19.42,7.75,4.55,100,8564,93.87,18.8
04/27/2025 03:45:00 PM,696.6,0,0,0,232,1.26,3.11,11.6,0.378,93.91,-0.9,1.6,0,15.6,0.99,0.308,13.2,0.896,0.362,10.6,1.133,-1940.9,15.2,25.61,23.95,24.38,19.48,7.76,4.55,100,8558,93.87,19
04/27/2025 03:50:00 PM,698.6,0,0,0,276,3.09,4.9,11.3,0.378,93.9,-1.1,1.3,0,15.7,0.96,0.308,13,0.89,0.362,10.7,1.133,-1973.3,14.7,23.11,23.01,24.15,19.5,7.77,4.55,100,8552,93.87,19
04/27/2025 03:55:00 PM,687.6,0,0,0,304,3.54,5.49,11.4,0.378,93.9,-1.2,1.6,0,15.4,0.97,0.308,13,0.901,0.361,10.7,1.136,-2000.8,14.2,21.82,21.34,23.07,19.27,7.8,4.55,100,8552,93.87,18.7
04/27/2025 04:00:00 PM,671.4,0,0,0,289,3.04,5.23,10.9,0.36,93.9,-0.7,1.6,0,15.1,0.95,0.308,12.9,0.897,0.362,10.8,1.135,-2048.8,13.8,21.23,20.85,22.43,18.98,7.81,4.55,100,8548,93.86,18.3
04/27/2025 04:05:00 PM,658.2,0,0,0,254,2.27,4.84,11.1,0.354,93.89,-1.2,1.1,0,14.9,0.97,0.308,12.9,0.901,0.361,10.9,1.135,-2033.3,13.5,22.45,21.51,22.57,18.78,7.85,4.55,100,8545,93.86,18.1
04/27/2025 04:10:00 PM,637.8,0,0,0,244,3.32,5.57,11,0.342,93.88,-1,1.7,0,14.8,0.97,0.308,12.8,0.906,0.361,10.9,1.138,-2021.6,13.2,22.01,21.39,21.99,18.73,7.86,4.54,100,8544,93.85,18
04/27/2025 04:15:00 PM,621,0,0,0,241,4.2,6.34,11.2,0.346,93.88,-1.5,1.1,0,14.6,0.99,0.308,12.6,0.908,0.361,11,1.137,-2054,12.9,21.58,21.06,21.17,18.59,7.88,4.55,100,8541,93.85,17.8
04/27/2025 04:20:00 PM,607,0,0,0,237,3.1,4.94,11,0.324,93.88,-1,1.3,0,14.3,0.98,0.308,12.5,0.91,0.361,11,1.141,-2046.9,12.7,21.35,20.65,20.85,18.37,7.89,4.55,100,8535,93.85,17.6
04/27/2025 04:25:00 PM,587.8,0,0,0,185,1.57,2.76,11.1,0.32,93.88,-1,1.5,0,14.2,1,0.308,12.4,0.913,0.361,11.1,1.14,-2084.9,12.4,23.63,21.35,21.14,18.27,7.92,4.56,100,8532,93.85,17.5
04/27/2025 04:30:00 PM,573.4,0,0,0,193,2.43,5.14,11,0.316,93.88,-1.3,1.3,0,14.3,0.99,0.309,12.2,0.916,0.361,11.1,1.132,-2131.1,12.2,24.03,21.89,21.47,18.36,7.93,4.56,100,8522,93.85,17.5
04/27/2025 04:35:00 PM,560,0,0,0,149,1.8,3.42,11.4,0.308,93.88,-1,1.4,0,14.4,1.04,0.309,12,0.919,0.361,11.2,1.098,-2158.7,11.9,25.03,21.51,21.28,18.39,7.95,4.56,100,8516,93.84,17.3
04/27/2025 04:40:00 PM,546.6,0,0,0,201,1.49,3.43,11.4,0.31,93.87,-1,1.5,0,14.5,1.04,0.309,11.9,0.923,0.361,11.2,1.094,-2124.7,11.7,24.78,22.66,22.02,18.4,7.97,4.57,100,8509,93.84,17.3
04/27/2025 04:45:00 PM,532,0,0,0,263,3.32,5.47,11.3,0.318,93.87,-0.6,1.5,0,14.6,1.02,0.308,11.8,0.924,0.361,11.3,1.085,-2162.7,11.5,22.62,22.28,22.19,18.39,7.99,4.56,100,8504,93.84,17.3
04/27/2025 04:50:00 PM,517.6,0,0,0,251,2.69,5.2,11.1,0.306,93.87,-1,2,0,14.4,1.01,0.309,11.7,0.924,0.361,11.3,1.091,-2139.9,11.4,21.67,21.13,20.9,18.18,8.01,4.57,100,8498,93.84,17
04/27/2025 04:55:00 PM,503.4,0,0,0,28,0.94,2.81,11.6,0.318,93.87,-0.9,1.3,0,14.5,1.04,0.309,11.6,0.918,0.361,11.3,1.086,-2181.7,11.3,24.21,21.25,21.1,18.03,8.02,4.57,100,8491,93.84,16.9
04/27/2025 05:00:00 PM,491,0,0,0,316,1.89,4.16,11.4,0.308,93.86,-0.7,1.8,0,14.6,1.04,0.309,11.5,0.929,0.361,11.3,1.084,-2144.8,11.1,23.15,21.23,22.19,18.11,8.04,4.57,100,8482,93.83,16.7
04/27/2025 05:05:00 PM,479.2,0,0,0,304,2.5,4.27,11.4,0.316,93.86,-1,1.4,0,14.6,1.03,0.309,11.4,0.927,0.361,11.4,1.093,-2134.5,11.1,22.3,21.14,22.21,18.09,8.08,4.58,100,8476,93.83,16.6
04/27/2025 05:10:00 PM,465.8,0,0,0,284,1.35,2.44,11.6,0.33,93.86,-0.8,1.5,0,14.6,1.04,0.309,11.3,0.931,0.361,11.4,1.088,-2118.3,11.1,22.53,21.38,22.03,17.94,8.1,4.57,100,8474,93.83,16.5
04/27/2025 05:15:00 PM,454.6,0,0,0,239,1.73,3.86,11.5,0.33,93.85,-1,1.5,0,14.7,1.02,0.309,11.2,0.93,0.361,11.4,1.098,-2143.4,11.1,23.07,21.74,21.8,17.88,8.12,4.57,100,8470,93.83,16.4
04/27/2025 05:20:00 PM,441.8,0,0,0,224,1.18,3.49,11.8,0.338,93.85,-0.9,1.6,0,14.8,1.05,0.309,11.1,0.934,0.361,11.3,1.092,-2125.7,11.2,24.55,22.5,21.95,17.84,8.13,4.57,100,8457,93.82,16.4
04/27/2025 05:25:00 PM,429,0,0,0,250,2.08,3.8,11.3,0.308,93.85,-0.9,1.6,0,14.8,1.03,0.309,11.1,0.932,0.361,11.3,1.092,-2127.6,11.2,22.84,22.22,21.49,17.82,8.15,4.58,100,8456,93.82,16.3
04/27/2025 05:30:00 PM,414,0,0,0,176,2.38,4.09,11,0.31,93.84,-1.2,1.3,0,14.6,1,0.309,11,0.928,0.361,11.3,1.091,-2084,11.4,23.83,21.85,20.05,17.66,8.18,4.57,100,8452,93.82,16.2
04/27/2025 05:35:00 PM,399.4,0,0,0,156,1.82,2.65,11.4,0.316,93.84,-1.2,1.3,0,14.4,1.03,0.309,10.9,0.929,0.361,11.3,1.091,-2092.2,11.5,24.43,21.81,19.87,17.46,8.2,4.58,100,8443,93.81,16.1
04/27/2025 05:40:00 PM,387,0,0,0,197,1.8,4.53,11.5,0.314,93.84,-1.6,1.5,0,14.3,1.04,0.309,10.9,0.924,0.361,11.3,1.099,-2098,11.8,23.92,22.12,20.49,17.33,8.23,4.59,100,8438,93.81,16
04/27/2025 05:45:00 PM,372.8,0,0,0,193,2.12,3.96,11.4,0.314,93.84,-1.1,1.7,0,14.4,1.03,0.309,10.9,0.931,0.361,11.2,1.092,-2083.5,12,23.77,22.44,20.43,17.25,8.25,4.57,100,8434,93.81,15.9
04/27/2025 05:50:00 PM,359.6,0,0,0,217,2.8,4.74,11.3,0.314,93.83,-0.7,1.8,0,14.3,1.03,0.309,10.8,0.927,0.361,11.2,1.099,-2076.3,12.3,22.53,21.74,19.97,17.1,8.27,4.58,100,8426,93.81,15.8
04/27/2025 05:55:00 PM,345,0,0,0,174,1.97,3.81,11.2,0.32,93.84,-1.1,1.5,0,14.1,1.01,0.309,10.8,0.936,0.361,11.1,1.095,-2060.6,12.6,23.19,21.4,19.15,16.89,8.28,4.57,100,8425,93.81,15.7
04/27/2025 06:00:00 PM,331.6,0,0,0,179,1.38,2.71,11.3,0.32,93.83,-1.2,1.4,0,14.1,1.02,0.309,10.8,0.935,0.361,11.1,1.105,-2061.1,12.9,23.06,21.08,19.82,16.74,8.32,4.57,100,8418,93.81,15.5
04/27/2025 06:05:00 PM,317.2,0,0,0,165,0.54,1.87,11.7,0.328,93.83,-1.1,1.6,0,14.2,1.05,0.309,10.7,0.936,0.361,11.1,1.098,-2100.9,13.2,24.68,22.07,20.62,16.71,8.33,4.59,100,8414,93.8,15.4
04/27/2025 06:10:00 PM,302.4,0,0,0,173,2.06,3.92,11,0.33,93.83,-1,1.6,0,14.2,0.99,0.309,10.6,0.936,0.361,11,1.101,-2084,13.5,24.5,22.37,19.8,16.68,8.36,4.59,100,8411,93.8,15.4
04/27/2025 06:15:00 PM,289.2,0,0,0,141,1.35,2.6,11.4,0.328,93.83,-1.3,1.4,0,14.1,1.02,0.309,10.6,0.938,0.361,11,1.1,-2098.4,13.6,24.57,21.84,19.18,16.46,8.37,4.59,100,8403,93.8,15.3
04/27/2025 06:20:00 PM,277,0,0,0,119,1.02,2.14,11.6,0.33,93.83,-1.1,1.5,0,14.1,1.04,0.309,10.5,0.936,0.361,10.9,1.093,-2134,13.7,25.13,22.09,20.36,16.36,8.42,4.59,100,8402,93.8,15.1
04/27/2025 06:25:00 PM,265,0,0,0,206,0.85,1.41,11.5,0.332,93.83,-1.1,1.4,0,14.1,1.03,0.309,10.5,0.939,0.361,10.9,1.098,-2156.2,13.8,24.09,23.13,20.82,16.31,8.44,4.57,100,8396,93.8,15.1
04/27/2025 06:30:00 PM,251.8,0,0,0,178,2.3,3.96,11.3,0.336,93.82,-0.9,1.6,0,14,1,0.309,10.4,0.941,0.361,10.9,1.098,-2179.2,13.8,23.43,22.22,19.37,16.21,8.48,4.58,100,8393,93.79,15.1
04/27/2025 06:35:00 PM,239,0,0,0,149,2.64,4.79,11.2,0.338,93.82,-1.4,1.4,0,13.8,0.99,0.309,10.4,0.939,0.361,10.8,1.099,-2212.6,13.8,23.1,20.77,17.82,15.93,8.5,4.58,100,8384,93.79,15
04/27/2025 06:40:00 PM,227,0,0,0,132,2.78,4.39,11,0.332,93.82,-1,1.3,0,13.5,0.98,0.309,10.4,0.941,0.361,10.8,1.098,-2199.9,13.7,22.19,19.64,16.94,15.61,8.52,4.59,100,8384,93.79,14.6
04/27/2025 06:45:00 PM,214.2,0,0,0,118,1.55,2.82,11.2,0.336,93.82,-1.2,1.3,0,13.4,0.99,0.309,10.3,0.937,0.361,10.8,1.096,-2210,13.5,22.97,19.6,17.51,15.34,8.53,4.58,100,8382,93.79,14.2
04/27/2025 06:50:00 PM,202.4,0,0,0,136,0.93,2.16,11.4,0.336,93.82,-1.1,1.4,0,13.3,1.01,0.309,10.3,0.935,0.361,10.7,1.096,-2251.1,13.5,23.49,20.41,18.46,15.22,8.54,4.59,100,8379,93.79,14
04/27/2025 06:55:00 PM,189,0,0,0,144,1.43,2.65,11.2,0.34,93.82,-1.1,1.5,0,13.3,0.99,0.309,10.2,0.942,0.361,10.7,1.094,-2287.2,13.4,23.48,20.96,18.12,15.12,8.58,4.59,100,8377,93.79,14
04/27/2025 07:00:00 PM,178.2,0,0,0,69,0.62,1.12,11.6,0.342,93.82,-1.1,1.5,0,13.2,1.02,0.309,10.2,0.942,0.361,10.7,1.094,-2290.3,13.3,22.65,20.67,18.69,14.97,8.6,4.59,100,8374,93.79,13.8
04/27/2025 07:05:00 PM,165.6,0,0,0,112,0.94,1.7,11.3,0.35,93.82,-1.2,1.4,0,13.2,0.99,0.309,10.1,0.942,0.361,10.6,1.089,-2352.9,13.1,23.71,20.89,18.54,14.85,8.62,4.59,100,8372,93.79,13.7
04/27/2025 07:10:00 PM,155,0,0,0,48,0.58,1.6,11.8,0.348,93.81,-1.1,1.4,0,13.1,1.03,0.309,10.1,0.944,0.361,10.6,1.092,-2383.4,13,22.37,20.46,18.91,14.74,8.62,4.58,100,8371,93.78,13.6
04/27/2025 07:15:00 PM,144.2,0,0,0,286,0.67,1.13,11.3,0.344,93.81,-1.1,1.5,0,13.1,0.99,0.309,10,0.942,0.361,10.6,1.092,-2410.4,12.8,20.72,20.62,19.04,14.59,8.65,4.58,100,8369,93.78,13.6
04/27/2025 07:20:00 PM,132.2,0,0,0,338,0.78,1.67,11.4,0.34,93.81,-1.1,1.6,0,13,1.01,0.309,9.9,0.942,0.361,10.6,1.089,-2396.6,12.6,20.46,19.58,18.03,14.4,8.66,4.59,100,8368,93.77,13.5
04/27/2025 07:25:00 PM,121,0,0,0,292,0.44,1.4,11.6,0.346,93.81,-1.1,1.6,0,12.9,1.02,0.309,9.9,0.943,0.361,10.6,1.089,-2448.5,12.4,19.66,19.02,17.54,14.16,8.68,4.59,100,8364,93.77,13.4
04/27/2025 07:30:00 PM,111,0,0,0,108,0.94,1.24,11.2,0.356,93.8,-1.3,1.5,0,12.7,0.97,0.309,9.8,0.947,0.361,10.6,1.086,-2471.7,12.2,20.82,18.59,16.72,13.93,8.69,4.59,100,8363,93.77,13.2
04/27/2025 07:35:00 PM,100.4,0,0,0,104,1.1,1.48,10.8,0.362,93.8,-1.2,1.4,0,12.5,0.93,0.309,9.8,0.95,0.361,10.5,1.087,-2482,12,20.82,18.01,16.04,13.71,8.72,4.59,100,8361,93.77,12.8
04/27/2025 07:40:00 PM,91.6,0,0,0,112,1.14,1.93,10.7,0.362,93.8,-1.2,1.4,0,12.2,0.93,0.309,9.8,0.95,0.361,10.5,1.089,-2517.1,11.7,20.01,17.45,15.38,13.45,8.74,4.59,100,8358,93.76,12.4
04/27/2025 07:45:00 PM,82,0,0,0,107,1.08,1.42,10.6,0.37,93.8,-1.2,1.4,0,11.9,0.9,0.309,9.7,0.95,0.361,10.5,1.095,-2504.4,11.5,19.16,16.63,14.8,13.18,8.75,4.59,100,8358,93.76,12
04/27/2025 07:50:00 PM,72.8,0,0,0,106,1.14,1.36,10.2,0.37,93.8,-1.2,1.5,0,11.5,0.88,0.309,9.6,0.948,0.361,10.5,1.089,-2508.4,11.2,18.01,15.56,13.97,12.9,8.75,4.59,100,8359,93.76,11.6
04/27/2025 07:55:00 PM,64.2,0,0,0,101,1.31,1.69,9.8,0.366,93.79,-1.1,1.5,0,11.1,0.85,0.309,9.5,0.951,0.361,10.4,1.093,-2548.6,10.9,15.75,13.7,12.45,12.55,8.76,4.59,100,8355,93.76,11.1
04/27/2025 08:00:00 PM,46.8,0,0,0,103,1.36,1.75,9.8,0.358,93.79,-1.2,1.5,0,10.7,0.85,0.309,9.5,0.951,0.361,10.4,1.085,-2623,10.5,13.39,11.76,10.75,12.12,8.79,4.59,100,8358,93.76,10.6
04/27/2025 08:05:00 PM,21.4,0,0,0,104,1.34,1.83,9.2,0.362,93.79,-1.3,1.5,0,10.3,0.8,0.309,9.4,0.956,0.361,10.4,1.087,-2612.7,10.2,10.41,9.66,8.91,11.63,8.8,4.59,100,8356,93.75,10
04/27/2025 08:10:00 PM,18.6,0,0,0,151,0.62,0.91,8.6,0.366,93.79,-1.3,1.6,0,9.8,0.75,0.31,9.3,0.956,0.361,10.3,1.093,-2653.4,9.7,8.74,8.39,7.6,11.13,8.83,4.58,100,8355,93.75,9.4
04/27/2025 08:15:00 PM,15.4,0,0,0,103,0.77,1.01,8.3,0.36,93.78,-1.2,1.6,0,9.3,0.74,0.309,9.1,0.956,0.361,10.3,1.085,-2671.1,9.3,7.69,7.26,6.38,10.69,8.84,4.6,100,8348,93.75,8.7
04/27/2025 08:20:00 PM,12.4,0,0,0,97,1.07,1.37,8,0.36,93.78,-1.4,1.5,0,8.7,0.72,0.31,9,0.959,0.361,10.3,1.083,-2714.5,9,6.45,5.99,4.86,10.26,8.86,4.6,100,8354,93.75,8.1
04/27/2025 08:25:00 PM,9.8,0,0,0,98,1.07,1.31,7.8,0.36,93.78,-1.2,1.6,0,8.2,0.7,0.31,8.9,0.964,0.361,10.2,1.086,-2712,8.7,5.39,4.92,3.73,9.83,8.86,4.6,100,8353,93.75,7.5
04/27/2025 08:30:00 PM,7.2,0,0,0,93,1.16,1.37,7.4,0.36,93.78,-1.3,1.5,0,7.7,0.67,0.31,8.7,0.969,0.361,10.2,1.086,-2697.7,8.4,4.54,4.07,3.01,9.44,8.88,4.6,100,8351,93.74,6.9
04/27/2025 08:35:00 PM,5,0,0,0,99,1.19,1.4,7,0.36,93.78,-1.4,1.6,0,7.3,0.64,0.31,8.6,0.965,0.361,10.1,1.089,-2740.3,8.1,3.8,3.44,2.38,9.11,8.9,4.59,100,8352,93.74,6.4
04/27/2025 08:40:00 PM,3.2,0,0,0,102,1.32,1.55,7,0.352,93.77,-1.5,1.6,0,6.9,0.65,0.31,8.5,0.97,0.361,10.1,1.086,-2740.9,7.9,3.32,2.97,1.97,8.79,8.91,4.6,100,8352,93.73,5.9
04/27/2025 08:45:00 PM,1.8,0,0,0,98,1.26,1.56,6.6,0.35,93.77,-1.3,1.6,0,6.5,0.62,0.31,8.4,0.97,0.361,10,1.092,-2670.5,7.7,2.82,2.44,1.44,8.53,8.92,4.61,100,8350,93.73,5.4
04/27/2025 08:50:00 PM,0.8,0,0,0,86,1.05,1.21,6.2,0.35,93.77,-1.4,1.6,0,6.2,0.6,0.31,8.3,0.975,0.361,10,1.092,-2700.2,7.5,2.26,1.84,1.02,8.27,8.93,4.6,100,8348,93.73,4.9
04/27/2025 08:55:00 PM,0,0,0,0,94,1.04,1.3,5.3,0.35,93.76,-1.5,1.5,0,5.8,0.54,0.31,8.1,0.975,0.361,9.9,1.087,-2687.2,7.3,1.89,1.58,0.56,8.06,8.93,4.6,100,8349,93.73,4.4
04/27/2025 09:00:00 PM,0,0,0,0,80,0.88,1.13,4.8,0.346,93.76,-1.5,1.5,0,5.3,0.52,0.31,8,0.973,0.361,9.8,1.087,-2681.6,7.1,1.5,1.14,0.24,7.81,8.93,4.59,100,8349,93.73,3.9
04/27/2025 09:05:00 PM,0,0,0,0,92,0.56,0.83,4.6,0.34,93.77,-1.6,1.5,0,4.9,0.51,0.31,7.9,0.979,0.362,9.8,1.089,-2648.5,6.9,1.08,0.69,-0.06,7.63,8.97,4.6,100,8349,93.73,3.4
04/27/2025 09:10:00 PM,0,0,0,0,106,0.4,0.72,4.1,0.34,93.76,-1.5,1.5,0,4.4,0.48,0.31,7.8,0.981,0.361,9.7,1.09,-2641.2,6.8,0.66,0.18,-0.45,7.4,8.97,4.6,100,8347,93.72,2.9
04/27/2025 09:15:00 PM,0,0,0,0,95,0.55,0.92,4,0.34,93.75,-1.7,1.6,0,3.9,0.47,0.31,7.7,0.981,0.361,9.7,1.09,-2568.6,6.6,0.47,0.07,-0.56,7.25,8.97,4.61,100,8348,93.71,2.4
04/27/2025 09:20:00 PM,0,0,0,0,178,0.54,0.89,3.3,0.336,93.75,-1.6,1.5,0,3.5,0.44,0.31,7.6,0.981,0.361,9.6,1.09,-2538,6.4,0.25,-0.36,-0.82,7.08,8.98,4.61,100,8346,93.71,2
04/27/2025 09:25:00 PM,0,0,0,0,147,0.62,0.95,3.1,0.338,93.74,-1.7,1.6,0,3.1,0.43,0.31,7.5,0.978,0.362,9.6,1.09,-2511.3,6.3,0.13,-0.36,-0.88,6.9,8.98,4.61,100,8345,93.7,1.6
04/27/2025 09:30:00 PM,0,0,0,0,105,0.88,1.19,3.4,0.336,93.74,-1.7,1.6,0,2.8,0.44,0.31,7.4,0.98,0.362,9.5,1.088,-2506.1,6.2,0.18,-0.09,-1.04,6.77,9,4.6,100,8347,93.7,1.4
04/27/2025 09:35:00 PM,0,0,0,0,114,0.78,1.12,3.3,0.338,93.73,-1.7,1.5,0,2.6,0.44,0.31,7.3,0.989,0.362,9.4,1.085,-2446.8,6,0.3,-0.08,-1.2,6.61,9,4.61,100,8343,93.7,1.3
04/27/2025 09:40:00 PM,0,0,0,0,98,1.29,1.95,3.7,0.336,93.73,-1.7,1.5,0,2.5,0.46,0.31,7.2,0.99,0.362,9.4,1.088,-2435.5,5.9,0.5,0.16,-0.93,6.45,9,4.6,100,8342,93.7,1.2
04/27/2025 09:45:00 PM,0,0,0,0,94,1.03,1.46,3.8,0.334,93.73,-1.7,1.6,0,2.5,0.47,0.31,7.1,0.99,0.362,9.3,1.088,-2349.6,5.8,0.58,0.22,-0.57,6.35,9,4.61,100,8342,93.69,1.2
04/27/2025 09:50:00 PM,0,0,0,0,96,1.15,1.69,3.2,0.33,93.73,-1.6,1.5,0,2.5,0.44,0.31,7.1,0.99,0.362,9.3,1.086,-2350.7,5.7,0.35,0.06,-0.63,6.28,9.01,4.61,100,8342,93.69,1.1
04/27/2025 09:55:00 PM,0,0,0,0,97,1.29,1.71,3.5,0.33,93.73,-1.7,1.6,0,2.4,0.45,0.31,7,0.99,0.362,9.2,1.088,-2344.2,5.7,0.31,0.07,-0.46,6.22,9,4.62,100,8340,93.69,0.9
04/27/2025 10:00:00 PM,0,0,0,0,106,1.02,1.5,3.4,0.33,93.72,-1.7,1.6,0,2.4,0.45,0.311,6.9,0.993,0.362,9.2,1.086,-2273,5.6,0.12,-0.09,-0.6,6.12,9.02,4.62,100,8342,93.69,0.8
04/27/2025 10:05:00 PM,0,0,0,0,100,1.23,1.63,3.8,0.33,93.72,-1.7,1.6,0,2.4,0.47,0.311,6.9,0.993,0.362,9.1,1.087,-2227.9,5.5,0.2,0.03,-0.44,6.03,9.01,4.62,100,8343,93.69,0.7
04/27/2025 10:10:00 PM,0,0,0,0,105,1.32,1.81,3.5,0.33,93.72,-1.7,1.5,0,2.4,0.45,0.311,6.8,0.99,0.362,9,1.089,-2190.3,5.4,0.36,0.27,-0.17,5.96,9.01,4.61,100,8342,93.68,0.7
04/27/2025 10:15:00 PM,0,0,0,0,107,1.24,1.96,3.4,0.328,93.72,-1.7,1.6,0,2.4,0.45,0.311,6.8,0.988,0.362,9,1.086,-2157.7,5.3,0.51,0.35,-0.14,5.91,9.02,4.62,100,8340,93.68,0.7
04/27/2025 10:20:00 PM,0,0,0,0,111,1.37,1.9,3.3,0.33,93.71,-1.6,1.6,0,2.4,0.44,0.311,6.7,0.991,0.362,8.9,1.087,-2112.5,5.3,0.55,0.38,-0.11,5.85,9.01,4.61,100,8345,93.68,0.6
04/27/2025 10:25:00 PM,0,0,0,0,110,1.38,1.77,3.8,0.332,93.71,-1.8,1.6,0,2.4,0.47,0.311,6.7,0.991,0.362,8.9,1.084,-2098,5.2,0.69,0.63,-0.01,5.78,9.02,4.61,100,8340,93.67,0.6
04/27/2025 10:30:00 PM,0,0,0,0,110,1.55,1.83,4,0.33,93.71,-1.7,1.5,0,2.5,0.48,0.311,6.6,0.989,0.362,8.8,1.084,-2064.9,5.2,0.95,0.84,0.24,5.74,9.02,4.61,100,8338,93.67,0.7
04/27/2025 10:35:00 PM,0,0,0,0,112,1.68,2.13,4.1,0.33,93.7,-1.6,1.6,0,2.7,0.49,0.311,6.6,0.984,0.362,8.8,1.087,-2021.1,5.1,1.05,0.91,0.39,5.7,9.01,4.62,100,8339,93.67,0.7
04/27/2025 10:40:00 PM,0,0,0,0,105,1.24,1.58,3.5,0.33,93.7,-1.6,1.6,0,2.7,0.46,0.311,6.5,0.989,0.362,8.7,1.085,-1998.5,5,0.88,0.57,-0.01,5.65,9.02,4.62,100,8340,93.66,0.7
04/27/2025 10:45:00 PM,0,0,0,0,92,1.41,1.84,3.3,0.33,93.7,-1.6,1.5,0,2.7,0.45,0.311,6.5,0.989,0.362,8.7,1.085,-1980.6,5,0.04,-0.38,-0.8,5.53,9.02,4.61,100,8337,93.66,0.6
04/27/2025 10:50:00 PM,0,0,0,0,96,1.41,2.07,3.2,0.33,93.69,-1.7,1.5,0,2.6,0.44,0.311,6.4,0.989,0.362,8.6,1.085,-1951.6,4.9,-0.59,-0.86,-1.17,5.42,9,4.61,100,8336,93.65,0.3
04/27/2025 10:55:00 PM,0,0,0,0,98,1.49,1.93,3,0.33,93.69,-1.7,1.5,0,2.5,0.43,0.311,6.4,0.99,0.362,8.6,1.082,-1909.8,4.8,-0.68,-0.81,-1.13,5.3,9.01,4.62,100,8336,93.64,0.1
04/27/2025 11:00:00 PM,0,0,0,0,107,1.42,1.76,3.2,0.33,93.68,-1.7,1.6,0,2.4,0.44,0.311,6.3,0.99,0.362,8.5,1.083,-1913.4,4.7,-0.47,-0.52,-0.93,5.2,9,4.62,100,8337,93.64,0
04/27/2025 11:05:00 PM,0,0,0,0,113,1.39,1.84,3.3,0.33,93.67,-1.7,1.5,0,2.3,0.45,0.311,6.2,0.99,0.362,8.5,1.075,-1864.6,4.6,-0.21,-0.28,-0.79,5.15,9,4.62,100,8338,93.63,0
04/27/2025 11:10:00 PM,0,0,0,0,110,1.47,2.76,3.4,0.33,93.67,-1.5,1.6,0,2.3,0.45,0.311,6.2,0.99,0.362,8.4,1.083,-1841.6,4.6,0.04,-0.07,-0.66,5.05,9,4.62,100,8335,93.63,0.1
04/27/2025 11:15:00 PM,0,0,0,0,120,1.37,1.86,3.2,0.33,93.67,-1.7,1.6,0,2.3,0.44,0.311,6.1,0.992,0.362,8.4,1.085,-1805.5,4.5,0.09,-0.12,-0.66,5.01,9,4.63,100,8336,93.63,0
04/27/2025 11:20:00 PM,0,0,0,0,116,1.55,1.85,3.4,0.33,93.67,-1.7,1.5,0,2.4,0.45,0.311,6.1,0.988,0.362,8.3,1.083,-1759.1,4.5,0.12,-0.05,-0.64,4.95,8.99,4.62,100,8337,93.63,0
04/27/2025 11:25:00 PM,0,0,0,0,117,1.59,2.12,3.7,0.34,93.66,-1.7,1.6,0,2.4,0.46,0.311,6.1,0.986,0.363,8.3,1.086,-1731.4,4.4,0.29,0.17,-0.42,4.91,8.98,4.63,100,8336,93.63,0
04/27/2025 11:30:00 PM,0,0,0,0,129,1.59,2.22,4,0.34,93.66,-1.6,1.4,0,2.5,0.47,0.311,6,0.986,0.363,8.2,1.083,-1723.4,4.4,0.55,0.33,-0.11,4.88,8.97,4.63,100,8336,93.62,0.1
04/27/2025 11:35:00 PM,0,0,0,0,129,1.8,4.03,4.6,0.34,93.66,-1.6,1.4,0,2.7,0.51,0.311,6,0.988,0.362,8.2,1.081,-1718.3,4.3,0.98,0.83,0.5,4.89,8.97,4.64,100,8333,93.62,0.2
04/27/2025 11:40:00 PM,0,0,0,0,127,1.49,2.07,4.4,0.35,93.66,-1.6,1.5,0,3,0.49,0.311,6,0.986,0.363,8.1,1.081,-1686.9,4.3,1.37,1.18,0.79,4.9,8.97,4.62,100,8335,93.62,0.5
04/27/2025 11:45:00 PM,0,0,0,0,127,1.62,2.15,4.5,0.35,93.65,-1.7,1.6,0,3.1,0.49,0.311,6,0.981,0.363,8.1,1.079,-1659.6,4.3,1.47,1.25,0.79,4.91,8.95,4.62,100,8335,93.61,0.6
04/27/2025 11:50:00 PM,0,0,0,0,125,1.57,2.44,4.5,0.35,93.65,-1.7,1.6,0,3.3,0.49,0.311,6,0.981,0.363,8,1.079,-1628.5,4.2,1.49,1.28,0.78,4.89,8.96,4.62,100,8334,93.61,0.7
04/27/2025 11:55:00 PM,0,0,0,0,123,1.35,2.14,4.4,0.35,93.65,-1.7,1.6,0,3.4,0.49,0.311,5.9,0.975,0.363,8,1.077,-1613.6,4.2,1.46,1.21,0.61,4.87,8.95,4.62,100,8334,93.61,0.8
04/28/2025 12:00:00 AM,0,0,0,0,126,1.33,1.86,4.3,0.35,93.64,-1.6,1.5,0,3.3,0.48,0.311,5.9,0.988,0.363,8,1.076,-1604.3,4.2,1.43,1.17,0.58,4.82,8.93,4.63,100,8333,93.61,0.8
04/28/2025 12:05:00 AM,0,0,0,0,117,1.53,3.84,4.2,0.35,93.64,-1.6,1.5,0,3.3,0.48,0.311,5.9,0.984,0.363,7.9,1.084,-1588.9,4.1,1.34,1.09,0.44,4.77,8.91,4.63,100,8260,93.6,0.9
04/28/2025 12:10:00 AM,0,0,0,0,117,1.42,2.19,4.2,0.352,93.64,-1.6,1.6,0,3.3,0.47,0.311,5.8,0.982,0.363,7.9,1.074,-1545.6,4.1,1.29,1.04,0.38,4.71,8.91,4.63,100,8325,93.6,1
04/28/2025 12:15:00 AM,0,0,0,0,114,1.4,1.93,3.9,0.352,93.64,-1.6,1.6,0,3.2,0.46,0.311,5.8,0.986,0.363,7.8,1.079,-1539.6,4,1.08,0.85,0,4.63,8.9,4.62,100,8325,93.6,0.9
04/28/2025 12:20:00 AM,0,0,0,0,117,1.45,2.28,3.8,0.358,93.63,-1.6,1.6,0,3.2,0.44,0.311,5.8,0.988,0.363,7.8,1.077,-1518.4,4,1,0.78,0.02,4.55,8.9,4.64,100,8324,93.59,0.9
04/28/2025 12:25:00 AM,0,0,0,0,114,1.3,1.67,3.6,0.358,93.63,-1.7,1.6,0,3.1,0.43,0.311,5.7,0.987,0.363,7.8,1.077,-1505.9,3.9,0.85,0.6,-0.15,4.49,8.88,4.64,100,8324,93.59,0.8
04/28/2025 12:30:00 AM,0,0,0,0,105,1.25,2.33,3.5,0.358,93.63,-1.6,1.6,0,2.9,0.43,0.311,5.7,0.987,0.363,7.7,1.077,-1456.1,3.9,0.86,0.68,0,4.43,8.88,4.62,100,8326,93.59,0.7
04/28/2025 12:35:00 AM,0,0,0,0,101,1.1,1.81,3.3,0.36,93.62,-1.7,1.5,0,2.8,0.42,0.311,5.7,0.987,0.363,7.7,1.067,-1429.2,3.8,0.77,0.53,-0.19,4.4,8.85,4.64,100,8324,93.59,0.7
04/28/2025 12:40:00 AM,0,0,0,0,96,0.96,1.73,3.4,0.36,93.62,-1.8,1.5,0,2.6,0.42,0.311,5.6,0.987,0.363,7.6,1.07,-1419,3.8,0.56,0.25,-0.48,4.36,8.86,4.65,100,8326,93.58,0.6
04/28/2025 12:45:00 AM,0,0,0,0,77,0.65,1.29,3,0.36,93.61,-1.6,1.5,0,2.5,0.4,0.311,5.6,0.989,0.363,7.6,1.07,-1373.1,3.7,0.23,-0.11,-0.76,4.27,8.85,4.63,100,8322,93.58,0.6
04/28/2025 12:50:00 AM,0,0,0,0,79,0.81,1.42,3.1,0.36,93.6,-1.7,1.6,0,2.3,0.4,0.311,5.5,0.989,0.363,7.6,1.07,-1360.5,3.7,-0.08,-0.38,-0.97,4.18,8.85,4.63,100,8323,93.57,0.4
04/28/2025 12:55:00 AM,0,0,0,0,47,0.93,1.28,2.7,0.36,93.6,-1.8,1.6,0,2.2,0.38,0.311,5.5,0.992,0.363,7.5,1.07,-1348.9,3.7,-0.49,-0.83,-1.3,4.12,8.83,4.64,100,8322,93.56,0.2
04/28/2025 01:00:00 AM,0,0,0,0,62,0.95,1.42,2.4,0.36,93.6,-1.7,1.6,0,2,0.36,0.311,5.4,0.99,0.363,7.5,1.073,-1328,3.6,-0.76,-1.04,-1.52,4.04,8.81,4.63,100,8320,93.56,0
04/28/2025 01:05:00 AM,0,0,0,0,48,0.72,1.07,2.1,0.36,93.58,-1.7,1.5,0,1.7,0.35,0.311,5.4,0.99,0.363,7.4,1.073,-1301.1,3.5,-1,-1.34,-1.8,3.94,8.79,4.64,100,8320,93.55,-0.2
04/28/2025 01:10:00 AM,0,0,0,0,44,1.2,1.65,1.6,0.36,93.58,-1.8,1.5,0,1.5,0.33,0.312,5.3,0.988,0.363,7.4,1.078,-1295.7,3.5,-1.27,-1.56,-1.96,3.87,8.78,4.64,100,8319,93.54,-0.4
04/28/2025 01:15:00 AM,0,0,0,0,44,1.07,1.65,1.6,0.36,93.57,-1.7,1.6,0,1.3,0.33,0.312,5.3,0.99,0.363,7.4,1.073,-1285.9,3.4,-1.58,-1.86,-2.18,3.82,8.76,4.64,100,8319,93.54,-0.7
04/28/2025 01:20:00 AM,0,0,0,0,75,0.85,1.46,2,0.36,93.57,-1.7,1.5,0,1.1,0.34,0.312,5.2,0.99,0.363,7.3,1.078,-1286.8,3.3,-1.6,-1.85,-2.22,3.71,8.75,4.64,100,8318,93.54,-0.8
04/28/2025 01:25:00 AM,0,0,0,0,90,0.87,1.66,2,0.368,93.56,-1.8,1.5,0,1,0.34,0.312,5.2,0.993,0.363,7.3,1.076,-1247.4,3.3,-1.69,-2.07,-2.57,3.64,8.73,4.64,100,8319,93.53,-0.9
04/28/2025 01:30:00 AM,0,0,0,0,97,1.23,1.56,2.4,0.37,93.56,-1.7,1.5,0,1,0.36,0.312,5.1,0.995,0.363,7.2,1.078,-1251.7,3.2,-1.82,-2.26,-2.89,3.53,8.73,4.65,100,8319,93.52,-0.9
04/28/2025 01:35:00 AM,0,0,0,0,102,1.36,1.69,2.5,0.37,93.55,-1.9,1.5,0,1.1,0.36,0.312,5,0.993,0.363,7.2,1.074,-1247.4,3.1,-1.76,-2.11,-3.02,3.45,8.73,4.65,100,8317,93.52,-0.9
04/28/2025 01:40:00 AM,0,0,0,0,103,1.53,1.9,2.5,0.372,93.55,-1.7,1.6,0,1.1,0.36,0.312,5,0.993,0.363,7.2,1.076,-1230.5,3.1,-1.49,-1.7,-2.47,3.38,8.71,4.65,100,8317,93.51,-0.9
04/28/2025 01:45:00 AM,0,0,0,0,100,1.59,1.88,2.4,0.378,93.54,-1.7,1.5,0,1.3,0.35,0.312,4.9,0.992,0.363,7.1,1.071,-1204.5,3,-1.25,-1.48,-2.2,3.34,8.71,4.66,100,8316,93.51,-0.9
04/28/2025 01:50:00 AM,0,0,0,0,95,1.74,2.21,1.9,0.374,93.54,-1.6,1.5,0,1.2,0.33,0.312,4.9,0.991,0.363,7.1,1.073,-1193.4,3,-1.48,-1.81,-2.41,3.3,8.69,4.66,100,8317,93.5,-1
04/28/2025 01:55:00 AM,0,0,0,0,100,1.75,2.1,2,0.376,93.53,-1.8,1.5,0,1.2,0.33,0.312,4.9,0.989,0.363,7,1.076,-1176.2,2.9,-1.66,-1.9,-2.37,3.24,8.67,4.65,100,8317,93.5,-1.2
04/28/2025 02:00:00 AM,0,0,0,0,96,1.74,2.33,1.7,0.372,93.53,-1.7,1.7,0,1.2,0.32,0.312,4.9,0.992,0.363,7,1.079,-1153.4,2.9,-1.89,-2.16,-2.56,3.17,8.66,4.66,100,8317,93.49,-1.4
04/28/2025 02:05:00 AM,0,0,0,0,101,1.9,2.34,1.9,0.376,93.52,-1.9,1.5,0,1.1,0.33,0.312,4.8,0.99,0.363,7,1.076,-1132.4,2.8,-2.16,-2.34,-2.68,3.13,8.64,4.66,100,8314,93.48,-1.6
04/28/2025 02:10:00 AM,0,0,0,0,105,1.96,2.73,1.7,0.372,93.51,-1.8,1.6,0,1,0.32,0.312,4.8,0.987,0.364,6.9,1.074,-1124.6,2.8,-2.06,-2.18,-2.46,3.07,8.63,4.66,100,8314,93.47,-1.7
04/28/2025 02:15:00 AM,0,0,0,0,105,1.56,2.56,1.3,0.376,93.51,-1.7,1.5,0,1,0.3,0.312,4.7,0.992,0.364,6.9,1.074,-1108.9,2.7,-2.11,-2.33,-2.62,3.03,8.61,4.66,100,8314,93.47,-1.8
04/28/2025 02:20:00 AM,0,0,0,0,106,1.35,1.96,1.1,0.37,93.5,-1.8,1.5,0,0.8,0.29,0.312,4.7,0.99,0.364,6.9,1.069,-1093.2,2.7,-2.45,-2.69,-3.17,2.99,8.6,4.66,100,8312,93.47,-2
04/28/2025 02:25:00 AM,0,0,0,0,110,1.32,1.79,1.2,0.378,93.5,-1.7,1.5,0,0.7,0.29,0.312,4.6,0.99,0.364,6.8,1.072,-1082.4,2.6,-2.42,-2.52,-2.98,2.92,8.59,4.67,100,8314,93.46,-2
04/28/2025 02:30:00 AM,0,0,0,0,95,1.7,2.24,1.4,0.376,93.48,-1.8,1.5,0,0.6,0.3,0.312,4.6,0.99,0.364,6.8,1.074,-1061.4,2.6,-2.31,-2.51,-3.03,2.86,8.57,4.65,100,8312,93.45,-2.1
04/28/2025 02:35:00 AM,0,0,0,0,98,1.65,2.16,1.2,0.38,93.48,-1.8,1.4,0,0.5,0.28,0.312,4.6,0.988,0.364,6.8,1.072,-1043.7,2.5,-2.45,-2.7,-3.13,2.81,8.57,4.66,100,8317,93.45,-2.1
04/28/2025 02:40:00 AM,0,0,0,0,97,1.82,2.17,1.5,0.38,93.48,-1.7,1.5,0,0.5,0.3,0.312,4.5,0.991,0.364,6.7,1.074,-1037.8,2.5,-2.45,-2.61,-3.09,2.72,8.55,4.66,100,8313,93.44,-2.2
04/28/2025 02:45:00 AM,0,0,0,0,97,1.77,2.27,1.3,0.38,93.47,-1.8,1.6,0,0.4,0.29,0.312,4.5,0.991,0.364,6.7,1.074,-1032.5,2.5,-2.39,-2.55,-3.04,2.66,8.55,4.66,100,8314,93.44,-2.1
04/28/2025 02:50:00 AM,0,0,0,0,107,1.7,2.14,1.5,0.38,93.47,-1.8,1.5,0,0.4,0.3,0.312,4.5,0.988,0.364,6.6,1.075,-1014.8,2.4,-2.46,-2.66,-3.18,2.63,8.52,4.66,100,8311,93.43,-2.2
04/28/2025 02:55:00 AM,0,0,0,0,122,1.42,1.8,0.9,0.38,93.46,-1.8,1.6,0,0.5,0.27,0.312,4.4,0.984,0.364,6.6,1.075,-990.4,2.4,-2.44,-2.69,-3.06,2.58,8.52,4.65,100,8313,93.42,-2.2
04/28/2025 03:00:00 AM,0,0,0,0,120,1.64,2.15,0.6,0.378,93.45,-1.8,1.5,0,0.3,0.26,0.312,4.4,0.986,0.364,6.6,1.069,-981.3,2.3,-2.48,-2.75,-3.02,2.56,8.5,4.66,100,8313,93.42,-2.3
04/28/2025 03:05:00 AM,0,0,0,0,126,1.17,1.8,0.1,0.37,93.44,-1.8,1.4,0,0.1,0.24,0.312,4.4,0.991,0.364,6.5,1.073,-973.4,2.3,-2.6,-2.9,-3.11,2.53,8.48,4.67,100,8312,93.41,-2.4
04/28/2025 03:10:00 AM,0,0,0,0,116,1.41,1.86,0.3,0.372,93.44,-1.8,1.5,0,-0.1,0.25,0.312,4.3,0.991,0.364,6.5,1.07,-953.9,2.2,-2.67,-2.95,-3.14,2.5,8.46,4.67,100,8312,93.41,-2.5
04/28/2025 03:15:00 AM,0,0,0,0,115,1.43,1.94,0.2,0.37,93.43,-1.8,1.5,0,-0.2,0.25,0.312,4.3,0.991,0.364,6.5,1.07,-941.4,2.2,-2.83,-3.12,-3.32,2.45,8.46,4.68,100,8310,93.4,-2.6
04/28/2025 03:20:00 AM,0,0,0,0,116,1.56,2.1,0.1,0.37,93.42,-1.8,1.5,0,-0.4,0.25,0.312,4.2,0.991,0.364,6.4,1.07,-939.1,2.1,-2.96,-3.27,-3.42,2.41,8.43,4.67,100,8311,93.39,-2.7
04/28/2025 03:25:00 AM,0,0,0,0,107,1.16,1.5,-0.3,0.372,93.41,-1.9,1.6,0,-0.5,0.23,0.312,4.2,0.992,0.364,6.4,1.07,-931.3,2.1,-3.04,-3.33,-3.5,2.36,8.42,4.66,100,8309,93.38,-2.8
04/28/2025 03:30:00 AM,0,0,0,0,101,1.09,1.76,-0.4,0.37,93.41,-1.9,1.4,0,-0.7,0.22,0.312,4.2,0.994,0.364,6.4,1.07,-932.6,2.1,-3.35,-3.73,-4.04,2.31,8.37,4.67,100,8311,93.38,-2.9
04/28/2025 03:35:00 AM,0,0,0,0,108,1.26,2.26,-0.3,0.37,93.4,-1.8,1.4,0,-0.9,0.23,0.312,4.1,0.992,0.364,6.3,1.071,-908,2,-3.57,-3.9,-4.25,2.2,8.37,4.66,100,8310,93.37,-3.1
04/28/2025 03:40:00 AM,0,0,0,0,141,1.09,2.25,-0.7,0.376,93.39,-1.9,1.5,0,-0.9,0.21,0.312,4.1,0.992,0.364,6.3,1.066,-897.2,2,-3.43,-3.81,-4,2.15,8.35,4.67,100,8308,93.36,-3.2
04/28/2025 03:45:00 AM,0,0,0,0,131,0.91,1.16,-0.9,0.37,93.38,-1.8,1.5,0,-1.1,0.2,0.312,4,0.992,0.364,6.3,1.068,-881.9,1.9,-3.42,-3.81,-4,2.12,8.34,4.67,100,8308,93.36,-3.4
04/28/2025 03:50:00 AM,0,0,0,0,158,0.93,2.07,-0.9,0.37,93.38,-1.9,1.5,0,-1.3,0.2,0.312,4,0.992,0.364,6.2,1.068,-863.4,1.9,-3.56,-4.02,-4.26,2.06,8.32,4.67,100,8304,93.35,-3.5
04/28/2025 03:55:00 AM,0,0,0,0,120,1.77,2.29,-0.4,0.376,93.38,-1.9,1.5,0,-1.4,0.22,0.312,3.9,0.997,0.364,6.2,1.068,-858.8,1.8,-3.49,-3.77,-3.9,2.01,8.29,4.67,100,8308,93.35,-3.6
04/28/2025 04:00:00 AM,0,0,0,0,116,1.33,2.19,-0.6,0.38,93.38,-1.8,1.5,0,-1.3,0.21,0.312,3.9,0.992,0.364,6.1,1.054,-861.2,1.8,-3.28,-3.63,-3.78,1.99,8.29,4.67,100,8308,93.35,-3.6
04/28/2025 04:05:00 AM,0,0,0,0,110,1.92,2.45,0.1,0.38,93.37,-1.8,1.6,0,-1.3,0.23,0.312,3.9,0.993,0.364,6.1,1.069,-843.9,1.8,-3.11,-3.28,-3.51,1.97,8.27,4.67,100,8307,93.34,-3.5
04/28/2025 04:10:00 AM,0,0,0,0,115,1.67,1.96,-0.1,0.38,93.37,-1.9,1.5,0,-1.2,0.23,0.312,3.9,0.992,0.364,6.1,1.071,-835.8,1.8,-2.85,-3.05,-3.22,1.96,8.27,4.68,100,8307,93.34,-3.4
04/28/2025 04:15:00 AM,0,0,0,0,118,1.73,2.1,-0.3,0.38,93.36,-1.9,1.5,0,-1.1,0.22,0.312,3.9,0.992,0.364,6,1.061,-823.8,1.7,-2.83,-3.07,-3.14,1.96,8.25,4.68,100,8306,93.33,-3.2
04/28/2025 04:20:00 AM,0,0,0,0,118,1.94,2.39,0,0.382,93.35,-1.9,1.6,0,-1,0.23,0.312,3.8,0.993,0.364,6,1.069,-817,1.7,-2.85,-3.07,-3.12,1.96,8.23,4.67,100,8305,93.33,-3.2
04/28/2025 04:25:00 AM,0,0,0,0,117,1.76,2,-0.1,0.386,93.35,-1.8,1.5,0,-0.9,0.22,0.312,3.8,0.99,0.364,6,1.066,-809.3,1.7,-2.88,-3.09,-3.23,1.96,8.21,4.67,100,8304,93.32,-3.2
04/28/2025 04:30:00 AM,0,0,0,0,113,1.91,2.43,0,0.384,93.34,-2,1.5,0,-0.9,0.23,0.312,3.8,0.99,0.364,6,1.062,-792.9,1.7,-2.84,-3,-3.18,1.93,8.2,4.68,100,8301,93.32,-3.1
04/28/2025 04:35:00 AM,0,0,0,0,109,1.68,2.05,0,0.39,93.34,-1.8,1.5,0,-0.8,0.22,0.312,3.8,0.993,0.364,5.9,1.069,-779.5,1.7,-2.78,-2.98,-3.13,1.91,8.18,4.68,100,8301,93.31,-3
04/28/2025 04:40:00 AM,0,0,0,0,116,1.41,2.32,-0.2,0.384,93.34,-1.9,1.6,0,-0.8,0.22,0.312,3.8,0.988,0.364,5.9,1.069,-780.2,1.7,-2.83,-3.1,-3.27,1.89,8.17,4.68,100,8304,93.32,-3
04/28/2025 04:45:00 AM,0,0,0,0,139,0.99,1.66,-0.8,0.38,93.33,-1.8,1.6,0,-0.9,0.2,0.312,3.7,0.989,0.364,5.9,1.069,-776.6,1.6,-3.09,-3.48,-3.66,1.87,8.15,4.69,100,8301,93.31,-3.1
04/28/2025 04:50:00 AM,0,0,0,0,121,1.53,2.11,-0.6,0.38,93.33,-1.8,1.5,0,-1.1,0.2,0.312,3.7,0.991,0.364,5.8,1.072,-766.1,1.6,-3.2,-3.49,-3.68,1.78,8.13,4.68,100,8301,93.3,-3.3
04/28/2025 04:55:00 AM,0,0,0,0,115,1.65,2.13,-0.6,0.38,93.32,-1.8,1.5,0,-1.2,0.2,0.312,3.7,0.991,0.364,5.8,1.072,-760.8,1.6,-3.2,-3.46,-3.6,1.73,8.12,4.68,100,8301,93.29,-3.3
04/28/2025 05:00:00 AM,0,0,0,0,117,1.51,2.26,-0.7,0.38,93.31,-1.8,1.5,0,-1.2,0.2,0.312,3.6,0.991,0.364,5.8,1.071,-750.2,1.5,-3.22,-3.49,-3.66,1.7,8.1,4.69,100,8304,93.29,-3.3
04/28/2025 05:05:00 AM,0.6,0,0,0,117,1.49,1.86,-0.7,0.38,93.31,-1.9,1.6,0,-1.3,0.2,0.312,3.6,0.993,0.364,5.7,1.07,-740.1,1.5,-3.19,-3.43,-3.58,1.67,8.09,4.69,100,8301,93.28,-3.3
04/28/2025 05:10:00 AM,1.8,0,0,0,120,1.51,2.04,-0.7,0.382,93.3,-1.8,1.6,0,-1.3,0.2,0.312,3.6,0.989,0.364,5.7,1.067,-736.7,1.5,-3.1,-3.35,-3.48,1.66,8.08,4.69,100,8301,93.28,-3.3
04/28/2025 05:15:00 AM,3.8,0,0,0,119,1.43,1.94,-0.9,0.386,93.29,-1.9,1.5,0,-1.3,0.19,0.312,3.6,0.989,0.364,5.7,1.069,-730.3,1.5,-3.09,-3.37,-3.44,1.66,8.06,4.69,100,8302,93.27,-3.3
04/28/2025 05:20:00 AM,5.8,0,0,0,123,1.6,2.29,-0.9,0.39,93.28,-1.8,1.4,0,-1.3,0.18,0.312,3.6,0.989,0.364,5.6,1.072,-718.4,1.5,-3.06,-3.3,-3.38,1.65,8.03,4.7,100,8298,93.25,-3.3
04/28/2025 05:25:00 AM,7,0,0,0,120,1.64,2.17,-0.9,0.39,93.27,-1.9,1.5,0,-1.4,0.18,0.312,3.5,0.987,0.365,5.6,1.072,-708.4,1.5,-3,-3.24,-3.29,1.65,8.02,4.7,100,8298,93.25,-3.3
04/28/2025 05:30:00 AM,9.6,0,0,0,123,1.79,2.27,-0.9,0.39,93.26,-1.9,1.4,0,-1.4,0.18,0.312,3.5,0.989,0.364,5.6,1.072,-708.9,1.5,-2.89,-3.13,-3.09,1.66,8.01,4.7,100,8303,93.24,-3.3
04/28/2025 05:35:00 AM,12.4,0,0,0,123,1.8,2.38,-0.8,0.396,93.26,-1.9,1.5,0,-1.3,0.18,0.312,3.5,0.989,0.365,5.6,1.069,-699.2,1.5,-2.68,-2.86,-2.83,1.67,7.99,4.69,100,8297,93.24,-3.2
04/28/2025 05:40:00 AM,18,0,0,0,128,1.66,2.22,-0.7,0.398,93.25,-2,1.6,0,-1.2,0.18,0.312,3.5,0.989,0.364,5.5,1.068,-695.5,1.5,-2.44,-2.62,-2.55,1.7,7.97,4.7,100,8298,93.23,-3.2
04/28/2025 05:45:00 AM,21.6,0,0,0,122,1.77,2.2,-0.7,0.4,93.24,-1.9,1.6,0,-1.2,0.18,0.312,3.5,0.987,0.364,5.5,1.07,-685.3,1.6,-2.24,-2.4,-2.32,1.75,7.95,4.69,100,8298,93.22,-3.1
04/28/2025 05:50:00 AM,26,0,0,0,121,1.77,2.24,-0.6,0.4,93.23,-1.8,1.6,0,-1,0.18,0.312,3.5,0.982,0.365,5.5,1.07,-680.4,1.6,-1.93,-2.05,-1.98,1.83,7.94,4.7,100,8296,93.21,-3
04/28/2025 05:55:00 AM,29.2,0,0,0,122,1.77,2.05,-0.5,0.404,93.23,-1.8,1.5,0,-1,0.18,0.312,3.6,0.982,0.365,5.5,1.07,-671.1,1.6,-1.59,-1.7,-1.62,1.9,7.93,4.69,100,8294,93.21,-2.8
04/28/2025 06:00:00 AM,34,0,0,0,123,1.84,2.54,-0.3,0.41,93.22,-1.9,1.5,0,-0.9,0.19,0.312,3.6,0.979,0.365,5.4,1.07,-665,1.7,-1.16,-1.25,-1.1,1.97,7.91,4.69,100,8298,93.2,-2.6
04/28/2025 06:05:00 AM,40,0,0,0,123,1.92,2.63,-0.1,0.41,93.21,-1.9,1.4,0,-0.7,0.2,0.312,3.6,0.977,0.365,5.4,1.07,-660.1,1.7,-0.62,-0.69,-0.55,2.06,7.91,4.69,100,8304,93.19,-2.4
04/28/2025 06:10:00 AM,46.6,0,0,0,125,1.97,2.6,0.2,0.42,93.2,-1.8,1.4,0,-0.4,0.2,0.312,3.7,0.977,0.365,5.4,1.068,-654,1.8,-0.08,-0.14,-0.01,2.17,7.88,4.69,100,8313,93.19,-2.1
04/28/2025 06:15:00 AM,54.6,0,0,0,128,2.14,3.59,0.4,0.42,93.19,-1.8,1.5,0,-0.2,0.21,0.312,3.7,0.977,0.365,5.4,1.065,-652.4,2,0.47,0.42,0.54,2.32,7.87,4.7,100,8327,93.18,-1.7
04/28/2025 06:20:00 AM,62,0,0,0,130,2.4,3.46,0.7,0.428,93.19,-1.8,1.7,0,0.2,0.22,0.312,3.8,0.974,0.365,5.4,1.065,-647.1,2.1,1.08,1.1,1.24,2.47,7.86,4.69,100,8339,93.18,-1.3
04/28/2025 06:25:00 AM,65.2,0,0,0,134,2.62,3.56,1,0.43,93.19,-1.6,1.3,0,0.4,0.23,0.312,3.9,0.972,0.365,5.4,1.067,-638.3,2.2,1.58,1.66,1.78,2.62,7.84,4.69,100,8345,93.17,-0.9
04/28/2025 06:30:00 AM,63,0,0,0,132,2.44,3.18,1.1,0.43,93.18,-1.7,1.5,0,0.7,0.23,0.312,4,0.969,0.365,5.4,1.07,-633,2.4,1.92,1.88,1.91,2.8,7.8,4.71,100,8328,93.17,-0.5
04/28/2025 06:35:00 AM,64.8,0,0,0,131,2.47,3.45,1.2,0.43,93.18,-1.6,1.5,0,1,0.24,0.312,4,0.967,0.365,5.3,1.063,-628.6,2.5,2.04,1.97,1.97,2.93,7.79,4.71,100,8345,93.17,-0.2
04/28/2025 06:40:00 AM,68.4,0,0,0,125,2.18,2.77,1.2,0.434,93.18,-1.9,1.6,0,1.1,0.23,0.312,4.1,0.964,0.365,5.3,1.065,-620.6,2.6,2.16,2.07,2.12,3.03,7.78,4.71,100,8352,93.16,0.1
04/28/2025 06:45:00 AM,72.6,0,0,0,124,2.39,3.22,1.3,0.436,93.17,-1.9,1.7,0,1.4,0.24,0.312,4.2,0.96,0.365,5.3,1.068,-621.4,2.7,2.31,2.23,2.32,3.13,7.77,4.72,100,8356,93.16,0.3
04/28/2025 06:50:00 AM,72.8,0,0,0,131,2.29,3.12,1.4,0.44,93.17,-1.7,1.5,0,1.5,0.24,0.312,4.2,0.959,0.365,5.3,1.063,-617.2,2.8,2.46,2.42,2.5,3.23,7.75,4.71,100,8359,93.16,0.5
04/28/2025 06:55:00 AM,70.4,0,0,0,132,2.48,3.94,1.5,0.436,93.16,-1.7,1.4,0,1.6,0.24,0.312,4.3,0.957,0.365,5.3,1.065,-612.8,2.9,2.54,2.46,2.55,3.33,7.74,4.71,100,8362,93.15,0.7
04/28/2025 07:00:00 AM,72,0,0,0,130,2.25,3.1,1.5,0.432,93.16,-1.7,1.5,0,1.6,0.25,0.312,4.3,0.955,0.365,5.3,1.063,-611.8,2.9,2.6,2.56,2.65,3.39,7.72,4.72,100,8364,93.16,0.8
04/28/2025 07:05:00 AM,77.4,0,0,0,132,2.43,3.8,1.6,0.44,93.16,-1.6,1.6,0,1.8,0.24,0.312,4.4,0.955,0.365,5.3,1.068,-606.7,3,2.77,2.75,2.87,3.43,7.71,4.71,100,8368,93.15,0.9
04/28/2025 07:10:00 AM,86.4,0,0,0,129,2.49,3.57,1.7,0.44,93.15,-1.6,1.5,0,1.9,0.25,0.312,4.4,0.952,0.365,5.3,1.068,-605.1,3,3.01,3.02,3.21,3.49,7.69,4.72,100,8375,93.14,1.1
04/28/2025 07:15:00 AM,106,0,0,0,131,2.64,4.11,1.8,0.44,93.14,-1.6,1.6,0,2.2,0.26,0.312,4.4,0.952,0.365,5.3,1.067,-604.6,3.1,3.49,3.61,3.98,3.58,7.69,4.72,100,8383,93.14,1.3
04/28/2025 07:20:00 AM,112.6,0,0,0,131,2.66,3.81,2,0.446,93.14,-1.7,1.4,0,2.5,0.26,0.312,4.5,0.95,0.365,5.3,1.068,-601,3.1,4.1,4.23,4.6,3.75,7.67,4.72,100,8381,93.13,1.6
04/28/2025 07:25:00 AM,150.8,0,0,0,133,2.99,4.19,2.2,0.444,93.13,-1.4,1.6,0,2.7,0.27,0.312,4.5,0.95,0.365,5.3,1.065,-602.8,3.3,4.61,4.89,5.46,3.9,7.67,4.72,100,8393,93.13,1.8
04/28/2025 07:30:00 AM,196.6,0,0,0,131,3.21,4.83,2.5,0.452,93.12,-1.9,2,0,3.3,0.28,0.312,4.6,0.947,0.365,5.3,1.068,-599.4,3.4,5.73,6.21,7.07,4.14,7.64,4.72,100,8393,93.12,2.3
04/28/2025 07:35:00 AM,256.4,0,0,0,133,3.2,4.19,3.2,0.458,93.11,-1.7,1.1,0,4.1,0.31,0.312,4.8,0.945,0.365,5.3,1.065,-594.6,3.7,7.52,8.36,9.59,4.55,7.63,4.72,100,8407,93.12,3
04/28/2025 07:40:00 AM,246.6,0,0,0,132,3.17,4.29,3.4,0.464,93.11,-1.3,1.4,0,4.7,0.32,0.312,5,0.94,0.365,5.3,1.065,-585.2,4,8.46,9,9.74,5.07,7.62,4.72,100,8418,93.12,3.7
04/28/2025 07:45:00 AM,206.6,0,0,0,136,3.11,4.87,3.6,0.46,93.12,-1.3,1.5,0,5,0.33,0.312,5.2,0.933,0.365,5.3,1.065,-588.3,4.4,8.57,8.95,9.31,5.47,7.6,4.72,100,8416,93.12,4.2
04/28/2025 07:50:00 AM,151.8,0,0,0,136,2.73,4.14,3.6,0.456,93.12,-1.5,1.5,0,4.9,0.33,0.312,5.4,0.927,0.365,5.4,1.059,-591,4.8,7.85,7.87,7.78,5.67,7.59,4.73,100,8421,93.12,4.4
04/28/2025 07:55:00 AM,138,0,0,0,135,2.92,4.04,3.5,0.448,93.11,-1.5,1.3,0,4.7,0.34,0.312,5.5,0.93,0.365,5.4,1.065,-590.3,5,6.89,6.82,6.73,5.69,7.56,4.73,100,8423,93.11,4.5
04/28/2025 08:00:00 AM,124.8,0,0,0,138,2.47,3.49,3.7,0.45,93.11,-1.3,1.7,0,4.6,0.35,0.312,5.6,0.927,0.365,5.4,1.062,-587.6,5.1,6.53,6.47,6.44,5.61,7.55,4.75,100,8424,93.1,4.5
04/28/2025 08:05:00 AM,116,0,0,0,133,2.47,3.26,3.8,0.448,93.1,-1.7,1.7,0,4.6,0.35,0.311,5.6,0.925,0.365,5.4,1.064,-588.7,5.1,6.27,6.17,6.11,5.56,7.55,4.74,100,8429,93.09,4.6
04/28/2025 08:10:00 AM,118.4,0,0,0,142,1.83,2.5,3.9,0.45,93.09,-1.5,1.5,0,4.6,0.36,0.311,5.6,0.927,0.365,5.4,1.067,-594.4,5.2,6.24,6.14,6.14,5.54,7.54,4.73,100,8433,93.08,4.7
04/28/2025 08:15:00 AM,116,0,0,0,143,1.69,3.15,4,0.45,93.09,-1.5,1.5,0,4.6,0.36,0.311,5.7,0.927,0.365,5.4,1.062,-596.8,5.2,6.37,6.24,6.24,5.56,7.52,4.75,100,8438,93.08,4.8
04/28/2025 08:20:00 AM,127.6,0,0,0,140,1.66,2.77,4.1,0.45,93.08,-1.5,1.5,0,4.7,0.37,0.311,5.7,0.927,0.365,5.5,1.067,-602.6,5.3,6.57,6.37,6.39,5.62,7.5,4.73,100,8444,93.07,4.8
04/28/2025 08:25:00 AM,145.2,0,0,0,158,1.9,3.51,4.3,0.452,93.08,-1.5,1.6,0,4.8,0.38,0.311,5.8,0.925,0.365,5.5,1.067,-599.1,5.3,6.82,6.78,6.78,5.7,7.5,4.74,100,8378,93.07,5
04/28/2025 08:30:00 AM,156,0,0,0,164,2.16,3.37,4.5,0.458,93.08,-1.5,1.6,0,5,0.39,0.311,5.9,0.925,0.365,5.5,1.067,-604.5,5.4,7.08,7.1,7.08,5.78,7.47,4.74,100,8449,93.07,5.2
04/28/2025 08:35:00 AM,166,0,0,0,173,2.65,3.99,4.7,0.458,93.07,-1.6,1.8,0,5.2,0.4,0.311,5.9,0.925,0.365,5.5,1.065,-607.7,5.6,7.4,7.43,7.37,5.91,7.46,4.73,100,8459,93.07,5.4
04/28/2025 08:40:00 AM,188,0,0,0,174,2.69,4.08,4.9,0.456,93.07,-1.1,1.5,0,5.4,0.41,0.311,6,0.924,0.365,5.6,1.061,-607.1,5.7,7.67,7.77,7.72,6.03,7.46,4.73,100,8475,93.07,5.7
04/28/2025 08:45:00 AM,213.2,0,0,0,168,3.32,5.48,4.9,0.45,93.07,-1.2,1.3,0,5.7,0.42,0.311,6.1,0.924,0.365,5.6,1.061,-603.4,5.9,8.03,8.12,8.12,6.2,7.43,4.74,100,8484,93.07,5.9
04/28/2025 08:50:00 AM,213.2,0,0,0,165,3.34,5.47,5,0.448,93.06,-1.7,1.7,0,5.9,0.43,0.311,6.1,0.922,0.365,5.6,1.064,-605.8,6.1,8.24,8.37,8.37,6.33,7.41,4.72,100,8484,93.06,6.2
04/28/2025 08:55:00 AM,214,0,0,0,171,3.29,4.81,5.1,0.45,93.06,-0.9,1.2,0,6.1,0.43,0.311,6.2,0.92,0.365,5.6,1.067,-609.7,6.2,8.32,8.49,8.49,6.49,7.4,4.75,100,8486,93.05,6.3
04/28/2025 09:00:00 AM,204.2,0,0,0,182,3.01,4.12,5.2,0.45,93.05,-1.5,1.5,0,6.2,0.43,0.311,6.3,0.919,0.365,5.7,1.063,-618.2,6.4,8.42,8.72,8.72,6.63,7.39,4.73,100,8479,93.05,6.5
04/28/2025 09:05:00 AM,193.2,0,0,0,174,2.84,4.67,5.3,0.45,93.05,-1.4,1.1,0,6.3,0.44,0.311,6.4,0.919,0.365,5.7,1.066,-623.9,6.5,8.46,8.75,8.66,6.73,7.37,4.75,100,8482,93.04,6.7
04/28/2025 09:10:00 AM,195,0,0,0,188,3.34,4.89,5.3,0.45,93.05,-1.2,1.6,0,6.3,0.44,0.311,6.5,0.919,0.365,5.7,1.069,-624,6.6,8.3,8.57,8.52,6.79,7.34,4.74,100,8482,93.04,6.8
04/28/2025 09:15:00 AM,187,0,0,0,182,2.99,4.16,5.3,0.45,93.05,-2,1.2,0,6.4,0.44,0.311,6.5,0.913,0.365,5.8,1.069,-619.4,6.6,8.24,8.49,8.45,6.84,7.34,4.74,100,8478,93.05,6.9
04/28/2025 09:20:00 AM,176.2,0,0,0,187,3.27,5.16,5.3,0.446,93.05,-1.7,1.5,0,6.3,0.44,0.311,6.6,0.917,0.365,5.8,1.066,-621.6,6.7,8.06,8.32,8.27,6.87,7.34,4.75,100,8477,93.05,7
04/28/2025 09:25:00 AM,182.2,0,0,0,184,2.78,5.16,5.2,0.45,93.05,-1.4,1.6,0,6.4,0.44,0.311,6.6,0.919,0.365,5.8,1.068,-621,6.7,8.15,8.34,8.29,6.89,7.32,4.76,100,8485,93.04,7
04/28/2025 09:30:00 AM,201.2,0,0,0,186,2.49,3.45,5.3,0.452,93.05,-2.4,0.6,0,6.4,0.44,0.311,6.6,0.919,0.365,5.9,1.068,-629.4,6.8,8.42,8.67,8.66,6.95,7.32,4.75,100,8490,93.04,7.1
04/28/2025 09:35:00 AM,193,0,0,0,186,2.64,3.94,5.4,0.45,93.04,-1.3,2.1,0,6.5,0.44,0.311,6.7,0.916,0.365,5.9,1.068,-631.5,6.9,8.58,8.87,8.82,7.07,7.3,4.76,100,8482,93.04,7.3
04/28/2025 09:40:00 AM,179.4,0,0,0,190,2.45,3.66,5.5,0.448,93.05,-1.2,2,0,6.5,0.46,0.311,6.8,0.914,0.365,5.9,1.068,-634.9,7,8.67,9.05,9.01,7.17,7.29,4.75,100,8444,93.04,7.4
04/28/2025 09:45:00 AM,151.6,0,0,0,175,2.15,3.08,5.5,0.448,93.05,-1.3,1.7,0,6.6,0.46,0.31,6.9,0.914,0.365,6,1.07,-638.3,7.1,8.73,8.99,8.89,7.24,7.29,4.77,100,8452,93.04,7.6
04/28/2025 09:50:00 AM,126.8,0,0,0,175,2.56,4,5.7,0.45,93.04,-1.6,1.8,0,6.6,0.47,0.311,6.9,0.911,0.365,6,1.073,-642.4,7.1,8.54,8.68,8.57,7.28,7.28,4.77,100,8453,93.03,7.6
04/28/2025 09:55:00 AM,146.8,0,0,0,161,2.32,3.22,5.8,0.458,93.02,-1.3,1.8,0,6.6,0.46,0.311,6.9,0.912,0.364,6,1.071,-647.3,7.1,8.61,8.58,8.55,7.27,7.27,4.77,100,8467,93.01,7.6
04/28/2025 10:00:00 AM,172.2,0,0,0,175,2.54,3.98,5.8,0.454,93.02,-1.2,1.3,0,6.7,0.47,0.309,6.9,0.919,0.364,6,1.068,-644.9,7.1,8.59,8.71,8.6,7.27,7.27,4.76,100,8472,93.01,7.7
04/28/2025 10:05:00 AM,158.6,0,0,0,182,2.54,3.69,6,0.458,93.02,-1.4,2.1,0,6.7,0.48,0.309,7,0.919,0.364,6.1,1.07,-647.1,7.2,8.64,8.92,8.83,7.32,7.26,4.77,100,8450,93.01,7.8
04/28/2025 10:10:00 AM,103.4,0,0,0,190,2.4,3.24,6,0.46,93.02,-1,1.8,0,6.8,0.48,0.309,7.2,0.915,0.364,6.1,1.07,-654.8,7.3,8.35,8.69,8.58,7.34,7.26,4.77,100,8419,93.02,7.9
04/28/2025 10:15:00 AM,117.4,0,0,0,162,2.35,3.63,5.8,0.488,93.01,-1.4,1.8,0,6.7,0.43,0.309,7.2,0.916,0.364,6.1,1.068,-655.5,7.3,7.62,7.82,7.35,7.28,7.24,4.77,100,8466,93,7.8
04/28/2025 10:20:00 AM,186,0,0,0,151,1.75,2.86,5.7,0.538,93,-1.2,1.5,0,6.5,0.38,0.309,7.3,0.916,0.364,6.2,1.07,-661.8,7.3,7.64,7.58,7.38,7.14,7.24,4.77,100,8482,92.99,7.6
04/28/2025 10:25:00 AM,185.2,0,0,0,167,1.99,2.94,5.9,0.554,92.99,-1.4,2,0,6.5,0.38,0.309,7.4,0.912,0.364,6.2,1.07,-660.1,7.4,8.25,8.27,8.25,7.16,7.22,4.77,100,8453,92.99,7.5
04/28/2025 10:30:00 AM,221.2,0,0,0,152,2.21,3.09,6,0.558,92.98,-1.7,1.6,0,6.6,0.38,0.309,7.5,0.909,0.364,6.2,1.068,-663,7.6,8.84,8.83,8.69,7.26,7.22,4.76,100,8506,92.98,7.6
04/28/2025 10:35:00 AM,239.6,0,0,0,182,1.86,2.9,6.3,0.578,92.98,-1.5,1.8,0,6.8,0.38,0.309,7.6,0.908,0.364,6.2,1.07,-663.7,7.7,9.44,9.69,9.68,7.4,7.22,4.77,100,8497,92.98,7.7
04/28/2025 10:40:00 AM,187.8,0,0,0,181,2.36,3.61,6.4,0.582,92.98,-1.4,1.9,0,7.1,0.38,0.309,7.8,0.908,0.364,6.3,1.065,-662.8,7.9,9.6,9.91,9.64,7.62,7.21,4.79,100,8482,92.98,8
04/28/2025 10:45:00 AM,153.6,0,0,0,195,1.85,3.98,6.5,0.604,92.98,-1.7,1.7,0,7.1,0.37,0.306,7.8,0.887,0.364,6.3,1.062,-666.2,8,8.89,9.45,9.17,7.68,7.21,4.77,100,8480,92.98,8
04/28/2025 10:50:00 AM,168.6,0,0,0,221,1.89,4.06,6.7,0.642,92.98,-1.5,1.7,0,7.2,0.34,0.304,7.8,0.887,0.364,6.3,1.062,-670.3,8,8.34,9.05,9,7.65,7.19,4.78,100,8486,92.97,8
04/28/2025 10:55:00 AM,162,0,0,0,195,3.33,4.77,7,0.664,92.97,0.4,1.6,0,7.3,0.34,0.304,7.9,0.886,0.364,6.4,1.066,-675.8,8,8.32,8.72,8.58,7.62,7.19,4.77,100,8470,92.96,8
04/28/2025 11:00:00 AM,154.2,0,0,0,191,4.96,8.15,7.1,0.67,92.96,-0.9,1,0,7.3,0.34,0.305,7.9,0.885,0.364,6.4,1.066,-681.4,7.9,8.04,8.4,7.98,7.52,7.19,4.78,100,8486,92.95,8
04/28/2025 11:05:00 AM,161.8,0,0,0,184,3.14,4.76,6.9,0.684,92.96,-0.6,1.1,0,7.2,0.31,0.308,7.8,0.879,0.364,6.4,1.064,-688.5,7.8,7.68,8.08,7.57,7.39,7.19,4.77,100,8475,92.95,7.9
04/28/2025 11:10:00 AM,150.2,0,0,0,176,3.04,4.49,6.7,0.692,92.95,-0.6,1.4,0,7.2,0.29,0.308,7.8,0.882,0.364,6.4,1.059,-693.4,7.8,7.82,7.99,7.45,7.33,7.18,4.79,100,8478,92.94,7.8
04/28/2025 11:15:00 AM,140.4,0,0,0,183,2.37,3.54,6.8,0.706,92.95,-0.7,1.3,0,7.1,0.28,0.308,7.7,0.882,0.364,6.5,1.064,-693.4,7.7,7.85,8.07,7.57,7.28,7.19,4.78,100,8472,92.94,7.7
04/28/2025 11:20:00 AM,137.2,0.017,0,0,183,2.54,3.58,6.8,0.716,92.94,-0.4,1.4,1,7.1,0.27,0.309,7.7,0.884,0.364,6.5,1.064,-696.6,7.7,7.99,8.19,7.73,7.29,7.17,4.8,100,8475,92.93,7.7
04/28/2025 11:25:00 AM,149,0.017,0,0,189,2.76,4.2,7,0.706,92.93,-0.6,1.5,1,7.1,0.29,0.307,7.7,0.888,0.364,6.5,1.061,-691.3,7.7,8.16,8.2,7.67,7.3,7.19,4.79,100,8485,92.92,7.7
04/28/2025 11:30:00 AM,156.2,0,0,0,177,3.4,5.31,6.7,0.71,92.92,-1,1,0,7,0.27,0.307,7.7,0.891,0.364,6.5,1.066,-700.6,7.7,8.37,8.32,7.85,7.32,7.19,4.8,100,8450,92.91,7.7
04/28/2025 11:35:00 AM,143.2,0,0,0,170,2.65,5.22,6.9,0.718,92.91,-0.5,1,0,7.1,0.28,0.307,7.7,0.894,0.364,6.5,1.071,-701.9,7.8,8.62,8.56,8.27,7.34,7.17,4.81,100,8459,92.9,7.7
04/28/2025 11:40:00 AM,126.6,0,0,0,178,2.95,4.98,7,0.722,92.91,-1,1.8,0,7.1,0.28,0.307,7.7,0.892,0.364,6.6,1.071,-700.8,7.9,8.75,8.73,8.53,7.38,7.16,4.8,100,8466,92.9,7.8
04/28/2025 11:45:00 AM,129,0,0,0,178,2.84,4.12,7.1,0.714,92.89,-0.5,1.5,0,7.3,0.29,0.307,7.7,0.888,0.364,6.6,1.068,-703.7,7.9,8.52,8.58,8.47,7.39,7.18,4.81,100,8463,92.89,7.8
04/28/2025 11:50:00 AM,134,0,0,0,178,3.16,5.24,7.1,0.716,92.89,-0.5,1.6,0,7.3,0.29,0.307,7.7,0.89,0.364,6.6,1.071,-706,7.9,8.43,8.51,8.4,7.39,7.17,4.78,100,8486,92.88,7.8
04/28/2025 11:55:00 AM,190,0,0,0,157,2.18,4.17,7.3,0.744,92.87,-0.7,1.2,0,7.5,0.28,0.307,7.7,0.892,0.364,6.6,1.071,-709.1,8,9.1,9.05,8.93,7.41,7.17,4.8,100,8512,92.86,7.9
04/28/2025 12:00:00 PM,243.2,0,0,0,155,2.2,3.36,7.3,0.752,92.85,-0.8,1.4,0,7.7,0.27,0.307,7.8,0.888,0.364,6.6,1.071,-717,8.2,10.07,9.96,9.74,7.62,7.16,4.78,100,8518,92.85,8.1
04/28/2025 12:05:00 PM,228,0,0,0,170,2.49,3.73,7.5,0.75,92.84,-0.8,1.3,0,8,0.29,0.307,8,0.885,0.364,6.7,1.068,-717.3,8.6,10.49,10.57,10.33,7.86,7.17,4.81,100,8526,92.84,8.3
04/28/2025 12:10:00 PM,290,0,0,0,159,2.57,4.64,7.8,0.772,92.83,-0.6,1.4,0,8.2,0.28,0.307,8.1,0.885,0.364,6.7,1.071,-725.6,8.9,11.1,11.13,10.81,8.05,7.17,4.8,100,8568,92.83,8.6
04/28/2025 12:15:00 PM,372,0,0,0,173,2.88,5.49,8.1,0.774,92.82,-0.8,1.5,0,8.7,0.3,0.306,8.3,0.88,0.364,6.7,1.071,-730.3,9.3,12.06,11.99,11.78,8.3,7.17,4.81,100,8630,92.82,8.9
04/28/2025 12:20:00 PM,424.8,0,0,0,163,3.18,5.38,8.4,0.792,92.81,-0.2,0.7,0,9.2,0.31,0.306,8.5,0.875,0.364,6.8,1.07,-734.5,9.8,13.3,13.32,13.29,8.68,7.17,4.81,100,8604,92.81,9.4
04/28/2025 12:25:00 PM,393.8,0,0,0,169,3.52,5.19,8.6,0.77,92.81,-0.3,0.5,0,9.6,0.34,0.306,8.8,0.871,0.364,6.8,1.063,-742.7,10.4,13.58,13.88,13.7,9.09,7.15,4.81,100,8606,92.8,10
04/28/2025 12:30:00 PM,462.8,0,0,0,167,3.19,5.54,9,0.782,92.79,0.4,1.6,0,10.1,0.37,0.306,9.1,0.867,0.364,6.8,1.065,-746.8,10.9,14.05,14.48,14.51,9.38,7.15,4.81,100,8604,92.79,10.4
04/28/2025 12:35:00 PM,409.4,0,0,0,177,2.68,4.28,9.2,0.794,92.79,-0.2,1.3,0,10.6,0.37,0.305,9.4,0.86,0.364,6.9,1.065,-766.3,11.6,14.66,15.23,15.18,9.69,7.16,4.81,100,8604,92.78,10.9
04/28/2025 12:40:00 PM,377.2,0,0,0,172,3.16,5.1,9.4,0.778,92.78,-0.7,1.8,0,11,0.4,0.305,9.9,0.851,0.364,6.9,1.068,-780,12.1,14.84,15.46,15.27,10.01,7.16,4.83,100,8604,92.78,11.4
04/28/2025 12:45:00 PM,400.4,0,0,0,180,3.29,5.08,9.8,0.764,92.78,-0.6,1.3,0,11.2,0.44,0.305,10.3,0.844,0.364,7,1.06,-802.4,12.3,14.72,15.46,15.38,10.18,7.15,4.81,100,8581,92.77,11.7
04/28/2025 12:50:00 PM,344.2,0,0,0,178,3.83,5.27,9.8,0.74,92.76,-1.3,1.6,0,11.4,0.47,0.305,10.6,0.839,0.364,7,1.062,-811.7,12.6,14.5,15.17,14.97,10.31,7.15,4.81,100,8567,92.76,12
04/28/2025 12:55:00 PM,305.2,0,0,0,177,4.42,6.47,9.8,0.712,92.76,0,1,0,11.5,0.5,0.305,10.8,0.837,0.364,7.1,1.064,-829.5,12.6,13.92,14.62,14.44,10.33,7.15,4.82,100,8532,92.75,12.1
04/28/2025 01:00:00 PM,212.8,0,0,0,174,3.05,4.57,10,0.702,92.75,-0.4,1,0,11.4,0.53,0.305,10.8,0.839,0.364,7.1,1.062,-853.1,12.4,13.38,13.98,13.79,10.27,7.16,4.83,100,8506,92.74,12.2
04/28/2025 01:05:00 PM,164.8,0,0,0,179,3.52,5.91,10,0.692,92.75,-0.1,1.5,0,11.3,0.54,0.304,10.7,0.849,0.364,7.2,1.072,-866,12,12.68,13.08,12.89,10.13,7.17,4.82,100,8482,92.73,12.1
04/28/2025 01:10:00 PM,146.8,0,0,0,176,3.21,4.96,9.9,0.684,92.74,-0.8,1,0,11.2,0.53,0.304,10.5,0.858,0.364,7.2,1.069,-886.5,11.5,12.16,12.45,12.24,9.94,7.17,4.83,100,8451,92.73,11.9
04/28/2025 01:15:00 PM,123,0,0,0,187,2.97,4.42,9.9,0.68,92.75,-1,1.9,0,11,0.54,0.304,10.3,0.86,0.364,7.2,1.069,-920.2,11,11.87,12.13,11.95,9.72,7.16,4.84,100,8439,92.73,11.8
04/28/2025 01:20:00 PM,130.4,0,0,0,183,2.73,5.48,9.9,0.686,92.74,-0.4,1.5,0,10.9,0.53,0.304,10.2,0.867,0.364,7.3,1.074,-927.9,10.6,11.74,11.95,11.8,9.59,7.16,4.85,100,8440,92.73,11.7
04/28/2025 01:25:00 PM,135,0,0,0,176,2.8,4.48,9.8,0.698,92.73,-0.6,1.4,0,10.7,0.52,0.304,10.1,0.872,0.364,7.3,1.074,-971.8,10.7,11.73,11.92,11.76,9.5,7.19,4.84,100,8430,92.72,11.6
04/28/2025 01:30:00 PM,114.8,0,0,0,176,3.26,4.78,9.9,0.706,92.72,-0.1,1.5,0,10.7,0.51,0.304,10,0.874,0.364,7.3,1.077,-1048.8,11.5,11.62,11.78,11.63,9.44,7.19,4.84,100,8416,92.71,11.5
04/28/2025 01:35:00 PM,115.2,0,0,0,179,2.75,4.13,9.8,0.698,92.72,-0.5,2.1,0,10.6,0.52,0.304,9.8,0.881,0.364,7.4,1.071,-1136.3,11.8,11.46,11.61,11.45,9.35,7.18,4.84,100,8429,92.71,11.4
04/28/2025 01:40:00 PM,148.2,0,0,0,176,2.5,4.73,10,0.704,92.71,-0.7,2,0,10.6,0.52,0.304,9.7,0.884,0.364,7.4,1.074,-1206.7,12.3,11.74,11.88,11.74,9.32,7.17,4.85,100,8440,92.7,11.4
04/28/2025 01:45:00 PM,194.8,0,0,0,165,2.36,3.75,10.1,0.698,92.71,-0.3,1.3,0,10.7,0.54,0.305,9.6,0.882,0.364,7.4,1.074,-1309.8,13.1,12.3,12.37,12.21,9.35,7.19,4.84,100,8476,92.69,11.5
04/28/2025 01:50:00 PM,215,0,0,0,176,2.96,4.61,10.3,0.696,92.69,-0.3,1.5,0,10.9,0.56,0.305,9.7,0.886,0.364,7.4,1.074,-1418.1,13.9,12.91,13.1,12.95,9.53,7.19,4.85,100,8510,92.68,11.6
04/28/2025 01:55:00 PM,323.2,0,0,0,184,2.86,4.33,10.4,0.7,92.68,-0.7,1.8,0,11.2,0.56,0.304,9.8,0.881,0.363,7.5,1.077,-1508.3,15.3,13.59,14.01,13.84,9.71,7.19,4.85,100,8505,92.67,11.9
04/28/2025 02:00:00 PM,221,0,0,0,185,2.6,3.98,10.7,0.694,92.68,-0.6,1.3,0,11.5,0.59,0.304,10,0.877,0.364,7.5,1.073,-1672.6,15.7,13.84,14.35,14.22,10,7.2,4.84,100,8514,92.67,12.1
04/28/2025 02:05:00 PM,257.4,0,0,0,266,2.68,4.59,11,0.68,92.68,-0.7,1.3,0,11.7,0.64,0.305,10.1,0.875,0.364,7.5,1.071,-1828.1,16.1,14.01,14.48,14.53,10.12,7.19,4.85,100,8527,92.67,12.4
04/28/2025 02:10:00 PM,269.4,0,0,0,263,3.44,6.39,11.5,0.668,92.68,-0.6,1.6,0,12,0.69,0.306,10.2,0.876,0.364,7.5,1.075,-2011.8,16.7,14.55,15.11,15.26,10.26,7.2,4.84,100,8513,92.66,12.6
04/28/2025 02:15:00 PM,289.4,0,0,0,256,4.43,8.47,11.9,0.66,92.66,-0.4,1.2,0,12.4,0.73,0.306,10.4,0.872,0.364,7.6,1.073,-2207,17.1,15,15.49,15.69,10.45,7.21,4.83,100,8566,92.65,13
04/28/2025 02:20:00 PM,374.4,0,0,0,268,4.46,6.23,12.2,0.652,92.66,0.4,1.3,0,12.8,0.77,0.305,10.6,0.869,0.364,7.6,1.075,-2404.3,18.5,15.78,16.43,16.77,10.67,7.2,4.86,100,8553,92.65,13.4
04/28/2025 02:25:00 PM,359.6,0,0,0,279,5.75,8.3,12.2,0.654,92.66,-1,1.1,0,13.2,0.77,0.305,10.8,0.866,0.364,7.6,1.065,-2680.4,19.3,15.91,16.68,17.06,10.98,7.22,4.86,100,8576,92.64,13.8
04/28/2025 02:30:00 PM,359.8,0,0,0,271,5.63,10.97,12.6,0.652,92.65,-1.7,1.4,0,13.6,0.81,0.305,11,0.866,0.364,7.7,1.07,-2945.1,19.8,16.1,16.91,17.28,11.15,7.22,4.86,100,8536,92.63,14.1
04/28/2025 02:35:00 PM,300.2,0,0,0,272,6.55,10.23,12.7,0.64,92.64,-1,1.8,0,13.7,0.82,0.305,11.1,0.861,0.364,7.7,1.073,-3455.4,19.3,15.69,16.54,16.75,11.28,7.22,4.85,100,8526,92.62,14.3
04/28/2025 02:40:00 PM,319.4,0,0,0,278,6.68,10,12.9,0.64,92.63,0.6,2,0,14,0.84,0.305,11.2,0.86,0.363,7.7,1.071,-3969.1,17.8,15.89,16.61,16.84,11.33,7.23,4.86,100,8534,92.62,14.5
04/28/2025 02:45:00 PM,335.6,0,0,0,275,8.54,14.51,12.8,0.63,92.63,-1,1.3,0,14,0.85,0.305,11.3,0.858,0.363,7.8,1.056,-4373.2,13.7,15.81,16.44,16.6,11.38,7.22,4.86,100,8573,92.62,14.6
04/28/2025 02:50:00 PM,585.8,0,0,0,272,8.52,11.61,13.2,0.63,92.62,-0.3,2.4,0,14.3,0.89,0.305,11.3,0.86,0.363,7.8,1.058,-4354.1,12.6,17.28,17.37,17.83,11.47,7.23,4.86,100,8618,92.61,14.8
04/28/2025 02:55:00 PM,292.4,0,0,0,263,7.4,11.56,13.3,0.628,92.62,-1.1,0.9,0,14.5,0.89,0.305,11.4,0.86,0.363,7.8,1.068,-4305.2,12.6,16.88,17.49,17.93,11.83,7.25,4.86,100,8517,92.6,15.2
04/28/2025 03:00:00 PM,288.8,0,0,0,269,7.05,10.44,12.8,0.624,92.62,-0.3,1.3,0,14.4,0.86,0.304,11.3,0.861,0.363,7.9,1.07,-4289.4,12.3,15.87,16.41,16.65,11.84,7.25,4.86,100,8548,92.6,15.1
04/28/2025 03:05:00 PM,403.2,0,0,0,264,7.02,9.7,13,0.632,92.62,-2,0.2,0,14.5,0.87,0.304,11.3,0.865,0.363,7.9,1.07,-4157.1,12.1,16.35,16.71,16.96,11.74,7.26,4.85,100,8587,92.59,15.2
04/28/2025 03:10:00 PM,555,0,0,0,290,6.47,9.44,13.4,0.638,92.61,0.6,1.5,0,14.7,0.9,0.304,11.4,0.862,0.363,7.9,1.063,-4193.7,12.2,17.41,17.62,18.23,11.86,7.26,4.87,100,8641,92.59,15.4
04/28/2025 03:15:00 PM,495.2,0,0,0,269,6.6,10.14,13.4,0.642,92.6,-2.1,0.5,0,15,0.9,0.304,11.6,0.85,0.363,8,1.112,-4150.5,12.7,18.41,18.94,19.59,12.2,7.26,4.87,100,8528,92.58,15.9
04/28/2025 03:20:00 PM,265.8,0,0,0,268,5.75,8.74,13,0.636,92.6,-0.5,2.2,0,14.9,0.86,0.304,11.7,0.857,0.363,8,1.118,-4034.6,12.9,16.59,17.66,18,12.43,7.27,4.86,100,8511,92.58,16
04/28/2025 03:25:00 PM,277.6,0,0,0,277,8.76,13.14,12.7,0.638,92.6,-2.4,0.7,0,14.7,0.83,0.304,11.7,0.855,0.363,8,1.115,-4005.9,12.6,15.54,16.3,16.52,12.24,7.27,4.86,100,8494,92.58,15.8
04/28/2025 03:30:00 PM,261,0,0,0,271,6.69,10.12,12.8,0.636,92.6,-0.5,1.8,0,14.4,0.85,0.304,11.6,0.856,0.363,8,1.12,-4007.7,12.3,15.31,15.91,16.13,12.01,7.28,4.87,100,8513,92.58,15.5
04/28/2025 03:35:00 PM,296.6,0,0,0,269,7.56,11.4,12.7,0.638,92.6,-1.3,0.9,0,14.3,0.83,0.304,11.5,0.86,0.363,8.1,1.115,-3996.6,12.1,15.32,15.89,16.09,11.89,7.28,4.87,100,8513,92.59,15.4
04/28/2025 03:40:00 PM,261.6,0,0,0,273,7.5,11.29,12.8,0.636,92.6,-0.2,0.8,0,14.1,0.84,0.304,11.5,0.864,0.363,8.1,1.07,-3993,12.1,15.27,15.84,16,11.82,7.28,4.87,100,8475,92.58,15.3
04/28/2025 03:45:00 PM,338.2,0,0,0,272,7.88,13.02,13,0.63,92.6,-1.4,2.1,0,14.1,0.87,0.304,11.5,0.864,0.363,8.1,1.08,-4004,12,15.86,16.19,16.37,11.77,7.3,4.87,100,8531,92.58,15.3
04/28/2025 03:50:00 PM,266.6,0,0,0,272,5.56,10.35,13.3,0.64,92.59,-1.9,1.1,0,14.2,0.89,0.304,11.5,0.861,0.363,8.2,1.065,-3967.3,12.1,16.3,16.68,16.8,11.88,7.3,4.88,100,8545,92.57,15.4
04/28/2025 03:55:00 PM,301.6,0,0,0,268,7.5,11.03,13.1,0.642,92.59,-1.5,1.8,0,14.3,0.87,0.304,11.5,0.863,0.363,8.2,1.077,-3932.7,12,16.23,16.59,16.63,11.93,7.3,4.88,100,8550,92.57,15.4
04/28/2025 04:00:00 PM,378,0,0,0,268,8.15,13.09,13.5,0.636,92.58,-0.9,0,0,14.5,0.91,0.304,11.5,0.87,0.363,8.2,1.075,-3929.1,12.1,17,17.13,17.24,11.99,7.32,4.89,100,8517,92.57,15.5
04/28/2025 04:05:00 PM,271.8,0,0,0,273,7.99,12.5,13.2,0.624,92.59,-3.2,1.2,0,14.6,0.89,0.304,11.5,0.867,0.363,8.3,1.074,-3822.9,12,16.32,16.54,16.58,12.09,7.32,4.88,100,8665,92.56,15.5
04/28/2025 04:10:00 PM,300.4,0,0,0,266,7.54,10.93,13.7,0.624,92.58,0.2,1.3,0,14.7,0.94,0.304,11.4,0.873,0.363,8.3,1.072,-3783.5,12,16.62,16.77,16.84,12.06,7.33,4.87,100,8513,92.55,15.5
04/28/2025 04:15:00 PM,634.4,0,0,0,262,7.86,11.28,14.4,0.63,92.57,-0.8,1.4,0,15,1.01,0.304,11.4,0.875,0.363,8.3,1.077,-3794,12,19.53,18.45,18.6,12.16,7.35,4.88,100,8703,92.55,15.8
04/28/2025 04:20:00 PM,615.2,0,0,0,278,7.17,12.11,14.7,0.636,92.58,0.5,1.9,0,15.6,1.04,0.304,11.4,0.867,0.363,8.4,1.076,-3744.5,12.5,21.09,20.26,20.59,12.69,7.36,4.89,100,8683,92.56,16.4
04/28/2025 04:25:00 PM,638.4,0,0,0,287,7.71,15.09,14.8,0.628,92.57,-0.5,0.5,0,16.1,1.05,0.304,11.4,0.876,0.363,8.4,1.074,-3705.9,12.5,21.83,20.93,21.33,13.18,7.36,4.88,100,8674,92.56,17
04/28/2025 04:30:00 PM,607.4,0,0,0,290,8.57,13.59,14.6,0.624,92.58,-3,1.2,0,16.4,1.03,0.304,11.4,0.876,0.363,8.4,1.079,-3577.6,12.7,21.72,20.86,21.28,13.53,7.37,4.89,100,8666,92.56,17.4
04/28/2025 04:35:00 PM,612.8,0,0,0,293,8.02,14.08,15,0.62,92.58,-1.4,2.1,0,16.7,1.08,0.304,11.4,0.878,0.363,8.5,1.076,-3570.2,12.6,21.99,21.1,21.56,13.77,7.37,4.88,100,8652,92.56,17.6
04/28/2025 04:40:00 PM,570.4,0,0,0,282,8.78,12.4,14.5,0.608,92.57,0.2,2,0,16.8,1.05,0.304,11.4,0.872,0.363,8.5,1.076,-3520.4,12.8,21.3,20.56,20.86,13.9,7.39,4.87,100,8629,92.55,17.7
04/28/2025 04:45:00 PM,552.8,0,0,0,292,9.25,12.49,14.3,0.6,92.57,0,0.3,0,16.7,1.03,0.304,11.3,0.878,0.363,8.6,1.076,-3409.5,12.6,20.84,20.03,20.24,13.93,7.41,4.88,100,8621,92.55,17.7
04/28/2025 04:50:00 PM,545.8,0,0,0,280,8.33,12.48,14.8,0.61,92.57,-1,1.8,0,16.6,1.08,0.304,11.3,0.876,0.363,8.6,1.079,-3375.2,12.8,21.39,20.44,20.59,13.94,7.44,4.89,100,8618,92.55,17.8
04/28/2025 04:55:00 PM,400.6,0,0,0,286,7.39,12.6,14.6,0.6,92.58,0,0.5,0,16.6,1.06,0.304,11.2,0.881,0.363,8.6,1.078,-3322.7,12.9,20.02,19.64,19.76,13.96,7.43,4.88,100,8611,92.55,17.8
04/28/2025 05:00:00 PM,538.4,0,0,0,285,6.72,10.02,15.3,0.604,92.57,-3.2,0.6,0,16.7,1.13,0.304,11.2,0.88,0.363,8.7,1.079,-3318.9,13.2,21.66,20.58,20.72,13.9,7.44,4.88,100,8586,92.56,17.8
04/28/2025 05:05:00 PM,495.4,0,0,0,293,10.3,14.69,14.4,0.59,92.58,-0.2,2.7,0,16.7,1.05,0.304,11.2,0.882,0.363,8.7,1.081,-3193.7,13.7,20.66,19.89,19.93,14.01,7.45,4.9,100,8567,92.56,17.9
04/28/2025 05:10:00 PM,359.2,0,0,0,292,9.52,14.1,14,0.582,92.59,-0.9,1.2,0,16.5,1.02,0.304,11.2,0.876,0.363,8.7,1.081,-3134,13.9,19.11,18.76,18.69,13.91,7.46,4.9,100,8463,92.56,17.6
04/28/2025 05:15:00 PM,228.4,0,0,0,291,6.76,10.73,13.8,0.574,92.59,-1.4,1.7,0,15.8,1,0.304,11.1,0.882,0.363,8.7,1.081,-3073.9,13.6,16.89,16.84,16.76,13.57,7.47,4.9,100,8548,92.56,17.1
04/28/2025 05:20:00 PM,465.4,0,0,0,310,7.48,10.07,14.3,0.588,92.57,-2,1.1,0,15.9,1.04,0.304,11.1,0.883,0.363,8.7,1.079,-3029.7,13.2,19.44,18.1,18.07,13.26,7.48,4.9,100,8553,92.55,16.9
04/28/2025 05:25:00 PM,428.2,0,0,0,278,8.22,15.06,14.6,0.59,92.58,-0.2,1.7,0,16,1.07,0.304,11.1,0.887,0.363,8.7,1.081,-3023.4,13.5,20.43,19.41,19.13,13.38,7.49,4.9,100,8545,92.55,17
04/28/2025 05:30:00 PM,420.4,0,0,0,281,9.27,12.78,14.2,0.58,92.58,-3.4,-1.8,0,16,1.03,0.304,11,0.885,0.362,8.8,1.081,-2933.6,13.8,19.87,19.05,18.75,13.43,7.51,4.88,100,8539,92.57,17
04/28/2025 05:35:00 PM,408.4,0,0,0,291,8.19,13.15,14.2,0.582,92.59,-0.8,0.5,0,16,1.04,0.304,11,0.887,0.362,8.8,1.081,-2859.5,13.9,20.13,19.19,18.95,13.39,7.52,4.9,100,8533,92.56,17
04/28/2025 05:40:00 PM,408.8,0,0,0,299,6.94,10.75,14.3,0.58,92.58,-0.9,2,0,16,1.05,0.304,10.9,0.885,0.362,8.8,1.081,-2770.1,13.9,20.4,19.34,19.11,13.39,7.52,4.9,100,8530,92.56,16.9
04/28/2025 05:45:00 PM,395.4,0,0,0,300,7.11,9.68,14.4,0.578,92.59,-1.7,0.1,0,16.2,1.06,0.304,10.9,0.885,0.362,8.8,1.081,-2697.1,14,20.5,19.51,19.3,13.44,7.54,4.89,100,8532,92.56,16.9
04/28/2025 05:50:00 PM,319,0,0,0,296,6.82,10.14,14,0.572,92.58,-1.4,1.2,0,16,1.03,0.304,11,0.887,0.362,8.8,1.081,-2684.7,14,19.18,18.81,18.66,13.47,7.55,4.9,100,8506,92.56,16.8
04/28/2025 05:55:00 PM,361.4,0,0,0,286,7.7,11.78,14.2,0.576,92.58,-1.1,2,0,15.9,1.05,0.304,11,0.887,0.362,8.8,1.084,-2556.8,13.8,19.37,18.81,18.54,13.39,7.55,4.9,100,8510,92.56,16.8
04/28/2025 06:00:00 PM,334,0,0,0,285,5.55,8.79,14.5,0.582,92.58,-0.4,1.5,0,16,1.06,0.304,11.1,0.883,0.362,8.9,1.081,-2571.6,13.7,19.57,19.28,19.04,13.35,7.56,4.9,100,8459,92.56,16.8
04/28/2025 06:05:00 PM,363.4,0,0,0,298,6.8,9.71,14.3,0.578,92.57,-0.7,0.9,0,16.1,1.05,0.304,11.2,0.884,0.362,8.9,1.081,-2483.7,13.8,20.24,19.57,19.26,13.42,7.59,4.91,100,8457,92.55,16.9
04/28/2025 06:10:00 PM,315.4,0,0,0,295,8,13.79,14.1,0.568,92.58,-0.3,1.2,0,16.1,1.04,0.304,11.2,0.88,0.362,8.9,1.078,-2491.7,13.8,19.67,19.07,18.65,13.46,7.6,4.88,100,8447,92.55,16.8
04/28/2025 06:15:00 PM,229.6,0,0,0,289,8.72,13.73,13.8,0.558,92.58,-2.9,0.2,0,15.9,1.02,0.304,11.1,0.885,0.362,8.9,1.081,-2423.2,13.7,18.37,18.08,17.55,13.36,7.61,4.89,100,8442,92.55,16.5
04/28/2025 06:20:00 PM,187.6,0,0,0,293,7.17,11.52,13.8,0.55,92.58,-2.2,0.3,0,15.5,1.03,0.304,11.1,0.889,0.362,8.9,1.081,-2379.6,13.3,17.3,16.97,16.52,13.11,7.62,4.9,100,8421,92.55,16.2
04/28/2025 06:25:00 PM,212.6,0,0,0,293,7.14,10.83,13.7,0.554,92.57,-1.4,0,0,15.1,1.01,0.304,10.9,0.892,0.362,8.9,1.081,-2351.8,12.8,16.63,16.14,15.69,12.82,7.62,4.9,100,8418,92.55,15.8
04/28/2025 06:30:00 PM,263.8,0,0,0,298,8.83,14.22,13.8,0.554,92.57,-1.3,1.5,0,15.1,1.02,0.304,10.9,0.892,0.362,9,1.078,-2385.6,12.6,17.87,17.05,16.43,12.62,7.63,4.89,100,8425,92.55,15.6
04/28/2025 06:35:00 PM,245.2,0,0,0,288,8.43,13.71,13.8,0.552,92.57,-0.8,0.7,0,15.2,1.02,0.304,10.9,0.892,0.362,9,1.078,-2350.7,12.5,18.14,17.42,16.63,12.6,7.63,4.9,100,8421,92.55,15.6
04/28/2025 06:40:00 PM,228.6,0,0,0,293,6.74,9.51,13.9,0.554,92.57,-0.3,2.1,0,15.1,1.03,0.304,10.9,0.892,0.362,9,1.081,-2295.1,12.5,18.54,17.89,17.01,12.61,7.65,4.89,100,8415,92.55,15.5
04/28/2025 06:45:00 PM,216.8,0,0,0,293,8.34,11.68,13.8,0.546,92.57,-1.9,0.8,0,15.1,1.03,0.304,10.9,0.894,0.362,9,1.078,-2264.6,12.4,18.08,17.45,16.6,12.57,7.67,4.91,100,8411,92.55,15.4
04/28/2025 06:50:00 PM,162.6,0,0,0,290,8.1,12.47,13.6,0.546,92.58,-2.6,1.4,0,15,1.01,0.304,10.9,0.888,0.362,9,1.081,-2230.5,12.2,17.22,16.91,16.18,12.48,7.68,4.91,100,8403,92.56,15.3
04/28/2025 06:55:00 PM,62.2,0,0,0,291,7.41,12.21,13.2,0.542,92.59,-2.1,1.7,0,14.6,0.98,0.304,10.8,0.89,0.362,9,1.078,-2253.7,11.9,14.85,14.98,14.61,12.29,7.69,4.9,100,8396,92.55,14.9
04/28/2025 07:00:00 PM,129,0,0,0,294,6.79,11.16,13.3,0.54,92.58,-2.3,1.3,0,14.3,0.98,0.304,10.7,0.899,0.362,9,1.079,-2193.3,11.4,14.99,14.45,13.93,11.95,7.7,4.89,100,8400,92.56,14.5
04/28/2025 07:05:00 PM,180.4,0,0,0,294,6.2,8.87,13.4,0.542,92.58,-1.4,1.4,0,14.3,1,0.304,10.7,0.897,0.362,9,1.078,-2204.9,11.3,16.93,16.22,15.3,11.78,7.7,4.91,100,8393,92.56,14.5
04/28/2025 07:10:00 PM,157.4,0,0,0,298,6.03,8.39,13.4,0.544,92.58,-1.6,1.5,0,14.2,0.99,0.304,10.7,0.893,0.362,9.1,1.078,-2191.8,11.3,16.85,16.39,15.52,11.82,7.71,4.9,100,8390,92.55,14.5
04/28/2025 07:15:00 PM,153.6,0,0,0,294,6.35,9.05,13.4,0.55,92.58,-1,1.1,0,14.3,0.99,0.304,10.7,0.893,0.362,9.1,1.081,-2136.5,11.2,17.18,16.71,15.69,11.83,7.73,4.9,100,8385,92.55,14.5
04/28/2025 07:20:00 PM,137.6,0,0,0,305,6.89,10.06,13.4,0.548,92.58,-1.1,1.3,0,14.3,0.98,0.304,10.7,0.897,0.362,9.1,1.081,-2150.8,11.2,16.91,16.48,15.48,11.79,7.75,4.91,100,8383,92.56,14.5
04/28/2025 07:25:00 PM,125.2,0,0,0,294,8.62,12.95,13.2,0.548,92.58,-2.3,0.9,0,14.2,0.97,0.304,10.7,0.891,0.362,9.1,1.078,-2114,11.1,16.27,15.98,14.93,11.69,7.77,4.91,100,8380,92.56,14.3
04/28/2025 07:30:00 PM,113.4,0,0,0,294,7.1,10.35,13.2,0.55,92.59,-1.8,-1.4,0,14.1,0.96,0.304,10.7,0.889,0.362,9.1,1.078,-2138.9,11,16.04,15.74,14.62,11.59,7.78,4.91,100,8377,92.56,14.2
04/28/2025 07:35:00 PM,103.4,0,0,0,286,8.12,11.63,13.1,0.554,92.58,-0.4,3,0,14,0.95,0.304,10.6,0.895,0.362,9.1,1.078,-2148.8,10.8,15.71,15.44,14.34,11.5,7.79,4.9,100,8374,92.56,14
04/28/2025 07:40:00 PM,93.8,0,0,0,285,8.23,11.6,12.9,0.558,92.59,-1.5,1.2,0,13.7,0.93,0.304,10.6,0.897,0.362,9.1,1.076,-2126.2,10.7,15.29,15.13,13.99,11.39,7.79,4.91,100,8374,92.56,13.8
04/28/2025 07:45:00 PM,84.2,0,0,0,291,6.94,10.57,12.9,0.56,92.59,-1.4,1,0,13.6,0.92,0.304,10.5,0.898,0.362,9.1,1.078,-2106.7,10.5,15.11,14.88,13.8,11.26,7.81,4.91,100,8371,92.57,13.6
04/28/2025 07:50:00 PM,74.6,0,0,0,292,8.28,14.32,12.8,0.558,92.59,-1.8,0.7,0,13.4,0.92,0.304,10.5,0.896,0.362,9.1,1.078,-2092.2,10.3,14.7,14.51,13.44,11.14,7.82,4.91,100,8371,92.56,13.4
04/28/2025 07:55:00 PM,38,0,0,0,297,5.93,9.38,12.5,0.556,92.59,-2.2,1.6,0,13.2,0.89,0.304,10.4,0.9,0.362,9.1,1.078,-2087.4,10.1,13.5,13.45,12.78,11.02,7.83,4.91,100,8369,92.56,13.2
04/28/2025 08:00:00 PM,17.6,0,0,0,290,5.8,8.34,12.1,0.55,92.6,0.8,1.7,0,12.9,0.86,0.304,10.2,0.907,0.362,9.1,1.078,-2111,9.8,12.12,12.04,11.64,10.78,7.85,4.91,100,8367,92.57,12.9
04/28/2025 08:05:00 PM,18.8,0,0,0,296,7.13,13.64,12,0.552,92.6,-0.3,1.8,0,12.5,0.85,0.304,10.1,0.912,0.362,9.1,1.081,-2084.9,9.6,11.73,11.5,11.1,10.54,7.85,4.92,100,8367,92.58,12.5
04/28/2025 08:10:00 PM,19.4,0,0,0,303,7.99,12.05,12,0.554,92.6,-2.1,1.9,0,12.3,0.84,0.304,10,0.912,0.362,9.1,1.081,-2077.8,9.4,11.68,11.43,11.02,10.35,7.87,4.91,100,8366,92.57,12.3
04/28/2025 08:15:00 PM,14.4,0,0,0,294,6.58,8.72,11.8,0.56,92.61,-0.3,1.8,0,12.1,0.82,0.304,9.9,0.917,0.362,9,1.079,-2093.6,9.3,11.39,11.17,10.8,10.23,7.87,4.92,100,8364,92.58,12.1
04/28/2025 08:20:00 PM,12,0,0,0,304,5.54,9.49,11.5,0.564,92.61,-1.9,1.7,0,11.9,0.79,0.304,9.8,0.921,0.362,9,1.079,-2104.7,9.1,11.04,10.8,10.44,10.09,7.89,4.91,100,8361,92.58,11.8
04/28/2025 08:25:00 PM,11,0,0,0,298,6.38,9.42,11.6,0.568,92.62,-1.1,1.4,0,11.7,0.8,0.304,9.7,0.92,0.362,9,1.079,-2132.5,9,11.01,10.72,10.38,9.98,7.91,4.93,100,8362,92.59,11.6
04/28/2025 08:30:00 PM,6.8,0,0,0,286,5.78,9.37,11.4,0.572,92.62,-1.4,0.7,0,11.6,0.78,0.304,9.6,0.922,0.362,9,1.079,-2141.4,8.9,10.84,10.56,10.23,9.87,7.91,4.93,100,8361,92.59,11.5
04/28/2025 08:35:00 PM,5.4,0,0,0,280,5.68,9.19,11.2,0.578,92.62,-0.7,1.7,0,11.4,0.75,0.304,9.5,0.922,0.362,9,1.079,-2115.9,8.8,10.58,10.27,9.9,9.75,7.92,4.92,100,8359,92.59,11.2
04/28/2025 08:40:00 PM,3.6,0,0,0,284,7.43,10.43,11.3,0.586,92.62,-1.1,0.6,0,11.2,0.76,0.304,9.4,0.922,0.362,9,1.076,-2121.3,8.6,10.61,10.28,9.92,9.65,7.94,4.91,100,8358,92.59,11
04/28/2025 08:45:00 PM,2.4,0,0,0,283,6.82,10.28,11.2,0.598,92.62,-1.2,-0.2,0,11.2,0.73,0.304,9.3,0.923,0.362,9,1.079,-2120.3,8.6,10.5,10.18,9.82,9.59,7.95,4.91,100,8359,92.6,10.9
04/28/2025 08:50:00 PM,1.2,0,0,0,286,6.04,9.35,11,0.6,92.63,-1.4,1,0,11,0.71,0.304,9.3,0.927,0.362,8.9,1.079,-2134.5,8.5,10.32,9.99,9.63,9.51,7.95,4.92,100,8358,92.6,10.7
04/28/2025 08:55:00 PM,0.4,0,0,0,288,7.59,10.98,11,0.608,92.63,-1.3,2,0,10.9,0.7,0.304,9.2,0.925,0.362,8.9,1.079,-2131.5,8.4,10.31,9.97,9.62,9.4,7.95,4.91,100,8356,92.6,10.6
04/28/2025 09:00:00 PM,0,0,0,0,288,7.82,14.1,11,0.61,92.63,-3.1,0.9,0,10.9,0.7,0.304,9.1,0.925,0.362,8.9,1.077,-2112.5,8.3,10.31,9.96,9.64,9.36,7.96,4.92,100,8355,92.61,10.5
04/28/2025 09:05:00 PM,0,0,0,0,285,7.39,11.47,10.8,0.61,92.64,-0.2,0.7,0,10.8,0.68,0.304,9.1,0.928,0.362,8.9,1.077,-2118.3,8.3,10.2,9.87,9.55,9.29,7.98,4.92,100,8358,92.61,10.5
04/28/2025 09:10:00 PM,0,0,0,0,282,7.67,10.7,10.8,0.61,92.65,-2.2,0.2,0,10.7,0.69,0.304,9,0.927,0.362,8.9,1.079,-2106.2,8.2,10.17,9.81,9.5,9.24,7.98,4.91,100,8355,92.62,10.4
04/28/2025 09:15:00 PM,0,0,0,0,288,7.01,9.86,10.7,0.61,92.64,-0.2,1.3,0,10.7,0.68,0.304,9,0.928,0.362,8.8,1.08,-2113,8.2,10.09,9.79,9.46,9.21,7.99,4.93,100,8352,92.61,10.3
04/28/2025 09:20:00 PM,0,0,0,0,289,6.98,11.91,10.7,0.61,92.64,-1.3,0.4,0,10.6,0.68,0.304,8.9,0.928,0.362,8.8,1.079,-2097,8.1,10.07,9.75,9.42,9.16,8,4.93,100,8353,92.61,10.2
04/28/2025 09:25:00 PM,0,0,0,0,289,6.95,11.25,10.6,0.618,92.64,-2.1,1.6,0,10.6,0.66,0.304,8.9,0.928,0.362,8.8,1.077,-2088.3,8.1,9.98,9.66,9.32,9.1,8,4.92,100,8352,92.61,10.1
04/28/2025 09:30:00 PM,0,0,0,0,285,6.8,9.76,10.5,0.612,92.64,-0.8,0.7,0,10.4,0.66,0.304,8.9,0.928,0.362,8.8,1.077,-2101.3,8,9.88,9.52,9.18,9.04,8.02,4.92,100,8352,92.61,10
04/28/2025 09:35:00 PM,0,0,0,0,286,5.84,10.28,10.4,0.616,92.64,-1.5,1.1,0,10.3,0.64,0.304,8.8,0.928,0.362,8.7,1.075,-2113.5,8,9.71,9.42,9.06,8.98,8.02,4.93,100,8349,92.61,9.9
04/28/2025 09:40:00 PM,0,0,0,0,289,5.62,8.4,10.5,0.62,92.64,-0.7,1.3,0,10.3,0.65,0.304,8.8,0.928,0.362,8.7,1.075,-2140.4,7.9,9.83,9.5,9.15,8.92,8.03,4.93,100,8349,92.61,9.9
04/28/2025 09:45:00 PM,0,0,0,0,290,5.44,7.68,10.4,0.614,92.63,-0.9,1.6,0,10.3,0.65,0.304,8.7,0.926,0.362,8.7,1.075,-2126.6,7.9,9.76,9.49,9.16,8.89,8.03,4.93,100,8348,92.61,9.9
04/28/2025 09:50:00 PM,0,0,0,0,283,5.45,7.63,10.3,0.614,92.63,-1.6,1.4,0,10.2,0.64,0.304,8.7,0.928,0.362,8.7,1.075,-2128.6,7.9,9.58,9.28,8.95,8.84,8.04,4.92,100,8349,92.61,9.8
04/28/2025 09:55:00 PM,0,0,0,0,281,4.41,8.15,10,0.61,92.63,-0.9,0.8,0,10.2,0.62,0.304,8.7,0.931,0.362,8.7,1.072,-2119.8,7.8,9.26,8.96,8.59,8.77,8.03,4.93,100,8346,92.61,9.6
04/28/2025 10:00:00 PM,0,0,0,0,283,5.64,8.76,10.1,0.61,92.64,-2.1,1.4,0,10,0.63,0.305,8.6,0.929,0.362,8.7,1.075,-2100.4,7.7,9.22,8.84,8.45,8.67,8.05,4.92,100,8346,92.61,9.4
04/28/2025 10:05:00 PM,0,0,0,0,279,5.87,9.21,10.2,0.61,92.63,-1.1,1.6,0,9.9,0.63,0.304,8.5,0.934,0.362,8.6,1.073,-2098,7.6,9.28,8.88,8.49,8.6,8.06,4.93,100,8348,92.61,9.3
04/28/2025 10:10:00 PM,0,0,0,0,276,5.76,8.83,10.1,0.61,92.63,-1.4,0.9,0,9.9,0.63,0.305,8.4,0.936,0.362,8.6,1.073,-2109.6,7.5,9.28,8.9,8.53,8.55,8.07,4.92,100,8342,92.6,9.3
04/28/2025 10:15:00 PM,0,0,0,0,282,5.94,9.69,10,0.61,92.63,-3.4,-0.2,0,9.8,0.62,0.305,8.4,0.934,0.362,8.6,1.075,-2110.5,7.5,9.18,8.83,8.45,8.53,8.07,4.92,100,8343,92.6,9.2
04/28/2025 10:20:00 PM,0,0,0,0,283,6.39,9.71,10,0.61,92.64,-1.4,1.9,0,9.8,0.62,0.305,8.4,0.934,0.362,8.6,1.073,-2148.8,7.4,9.2,8.84,8.46,8.46,8.08,4.92,100,8343,92.61,9.2
04/28/2025 10:25:00 PM,0,0,0,0,281,5.56,9.32,9.9,0.61,92.64,-1.9,0.1,0,9.8,0.61,0.305,8.3,0.936,0.362,8.5,1.071,-2147.8,7.4,9.12,8.76,8.39,8.4,8.08,4.92,100,8342,92.61,9.1
04/28/2025 10:30:00 PM,0,0,0,0,285,6.08,9.46,10,0.61,92.64,-1.5,1.4,0,9.8,0.62,0.305,8.3,0.932,0.362,8.5,1.076,-2147.3,7.3,9.13,8.75,8.36,8.36,8.08,4.92,100,8342,92.62,9
04/28/2025 10:35:00 PM,0,0,0,0,292,5.32,7.3,9.8,0.61,92.64,-0.8,1.5,0,9.7,0.6,0.305,8.2,0.934,0.362,8.5,1.073,-2137.4,7.3,8.93,8.57,8.19,8.31,8.08,4.92,100,8342,92.61,9
04/28/2025 10:40:00 PM,0,0,0,0,281,5.04,9.72,9.6,0.608,92.64,-1,1.9,0,9.6,0.59,0.305,8.2,0.93,0.362,8.5,1.071,-2104.2,7.2,8.81,8.44,8.04,8.25,8.09,4.93,100,8339,92.61,8.9
04/28/2025 10:45:00 PM,0,0,0,0,287,4.96,7.93,9.6,0.61,92.64,-0.4,1.5,0,9.5,0.58,0.305,8.1,0.937,0.362,8.4,1.068,-2102.3,7.1,8.63,8.23,7.8,8.18,8.08,4.92,100,8340,92.62,8.7
04/28/2025 10:50:00 PM,0,0,0,0,292,4.55,6.85,9.5,0.608,92.64,-1.8,1.1,0,9.4,0.58,0.305,8.1,0.935,0.362,8.4,1.068,-2128.1,7,8.58,8.17,7.71,8.1,8.1,4.93,100,8342,92.61,8.6
04/28/2025 10:55:00 PM,0,0,0,0,291,4.81,6.96,9.5,0.604,92.64,-2.2,1.5,0,9.3,0.58,0.305,8,0.937,0.362,8.4,1.071,-2135.5,7,8.54,8.14,7.69,8.05,8.09,4.93,100,8339,92.62,8.6
04/28/2025 11:00:00 PM,0,0,0,0,291,4.88,7.15,9.5,0.61,92.64,-1.3,1.1,0,9.3,0.57,0.305,8,0.937,0.362,8.4,1.073,-2125.7,6.9,8.55,8.15,7.68,7.98,8.11,4.93,100,8339,92.62,8.5
04/28/2025 11:05:00 PM,0,0,0,0,301,4.07,5.97,9.3,0.61,92.65,-2,1.2,0,9.3,0.56,0.305,8,0.937,0.362,8.4,1.074,-2121.3,6.9,8.42,8.02,7.57,7.93,8.09,4.92,100,8338,92.62,8.4
04/28/2025 11:10:00 PM,0,0,0,0,294,4.04,6.91,9.2,0.61,92.65,-1.7,1.2,0,9.1,0.55,0.305,7.9,0.937,0.362,8.3,1.074,-2168.2,6.8,8.22,7.81,7.37,7.87,8.1,4.94,100,8337,92.62,8.3
04/28/2025 11:15:00 PM,0,0,0,0,295,3.47,5.49,8.9,0.608,92.65,-1.4,1.7,0,9,0.53,0.305,7.9,0.937,0.362,8.3,1.066,-2148.3,6.8,7.91,7.52,7.05,7.8,8.11,4.92,100,8337,92.63,8.2
04/28/2025 11:20:00 PM,0,0,0,0,297,3.7,5.96,8.9,0.608,92.65,-1.9,1,0,8.8,0.53,0.305,7.8,0.94,0.362,8.3,1.073,-2104.2,6.7,7.84,7.41,6.93,7.71,8.1,4.93,100,8336,92.63,8
04/28/2025 11:25:00 PM,0,0,0,0,298,3.36,4.93,8.9,0.61,92.66,-1.6,1.3,0,8.7,0.53,0.305,7.7,0.936,0.362,8.3,1.074,-2092.2,6.6,7.81,7.39,6.92,7.65,8.11,4.93,100,8336,92.63,7.9
04/28/2025 11:30:00 PM,0,0,0,0,305,3.43,5.51,8.8,0.608,92.66,-1.3,1.2,0,8.6,0.53,0.305,7.7,0.933,0.362,8.2,1.064,-2116.4,6.6,7.71,7.31,6.83,7.55,8.1,4.92,100,8336,92.63,7.8
04/28/2025 11:35:00 PM,0,0,0,0,302,3.11,4.7,8.7,0.608,92.66,-1.6,1.7,0,8.5,0.51,0.305,7.7,0.938,0.362,8.2,1.074,-2085.9,6.5,7.51,7.11,6.61,7.47,8.11,4.93,100,8335,92.63,7.7
04/28/2025 11:40:00 PM,0,0,0,0,295,3.06,5.38,8.4,0.602,92.66,-1.8,1.2,0,8.4,0.5,0.305,7.6,0.94,0.362,8.2,1.069,-2123.7,6.4,7.26,6.88,6.37,7.4,8.11,4.93,100,8333,92.63,7.5
04/28/2025 11:45:00 PM,0,0,0,0,292,3.75,5.51,8.6,0.606,92.66,-1.6,1.7,0,8.3,0.51,0.305,7.5,0.943,0.362,8.2,1.064,-2100.9,6.3,7.31,6.85,6.37,7.31,8.11,4.93,100,8333,92.63,7.4
04/28/2025 11:50:00 PM,0,0,0,0,290,4.47,7.36,8.6,0.602,92.66,-1.4,1.4,0,8.2,0.52,0.305,7.5,0.943,0.362,8.1,1.064,-2112.5,6.3,7.52,7.05,6.58,7.27,8.1,4.93,100,8332,92.63,7.4
04/28/2025 11:55:00 PM,0,0,0,0,300,4.38,6.74,8.7,0.6,92.66,-1.3,1.7,0,8.2,0.52,0.305,7.4,0.943,0.363,8.1,1.064,-2106.2,6.3,7.65,7.22,6.76,7.26,8.11,4.93,100,8333,92.63,7.4
04/29/2025 12:00:00 AM,0,0,0,0,295,4.55,8.13,8.7,0.598,92.66,-1.1,0.8,0,8.2,0.53,0.305,7.4,0.943,0.362,8.1,1.062,-2121.8,6.3,7.7,7.27,6.83,7.26,8.11,4.93,100,8332,92.64,7.4
04/29/2025 12:05:00 AM,0,0,0,0,293,4.24,7.82,8.6,0.6,92.66,-1.9,1.3,0,8.3,0.52,0.305,7.4,0.943,0.362,8.1,1.074,-2093.1,6.3,7.65,7.22,6.8,7.24,8.11,4.93,100,8332,92.64,7.4
04/29/2025 12:10:00 AM,0,0,0,0,295,4.56,7.06,8.7,0.6,92.67,-1.4,1.2,0,8.3,0.52,0.305,7.4,0.943,0.362,8,1.07,-2068.2,6.2,7.64,7.22,6.77,7.21,8.1,4.93,100,8329,92.64,7.4
04/29/2025 12:15:00 AM,0,0,0,0,295,4.55,6.95,8.6,0.598,92.67,-1.2,0.8,0,8.2,0.52,0.305,7.3,0.943,0.362,8,1.065,-2070.1,6.2,7.67,7.24,6.8,7.19,8.11,4.93,100,8329,92.65,7.4
04/29/2025 12:20:00 AM,0,0,0,0,291,3.93,5.63,8.6,0.598,92.68,-1.5,0.5,0,8.3,0.52,0.305,7.3,0.945,0.363,8,1.069,-2065.8,6.2,7.6,7.19,6.74,7.16,8.11,4.93,100,8328,92.65,7.4
04/29/2025 12:25:00 AM,0,0,0,0,296,4.34,7.62,8.6,0.598,92.68,-1.8,1.2,0,8.3,0.52,0.305,7.3,0.946,0.362,8,1.065,-2072,6.1,7.56,7.12,6.65,7.13,8.1,4.93,100,8327,92.65,7.3
04/29/2025 12:30:00 AM,0,0,0,0,293,4.4,6.85,8.5,0.598,92.68,-1.7,1,0,8.3,0.51,0.305,7.3,0.945,0.363,8,1.067,-2074.4,6.1,7.55,7.13,6.66,7.1,8.09,4.93,100,8325,92.66,7.3
04/29/2025 12:35:00 AM,0,0,0,0,291,4.54,7.02,8.5,0.592,92.68,-0.7,1.1,0,8.2,0.52,0.305,7.2,0.946,0.363,8,1.065,-2079.7,6.1,7.41,7,6.53,7.07,8.1,4.93,100,8326,92.66,7.3
04/29/2025 12:40:00 AM,0,0,0,0,292,4.18,6.22,8.4,0.594,92.68,-1.5,0.9,0,8.2,0.51,0.305,7.2,0.946,0.363,7.9,1.07,-2055.4,6,7.35,6.95,6.46,7,8.1,4.94,100,8326,92.66,7.2
04/29/2025 12:45:00 AM,0,0,0,0,295,4.28,6.69,8.4,0.592,92.68,-1.3,1.2,0,8.1,0.51,0.305,7.2,0.944,0.363,7.9,1.065,-2039.4,6,7.36,6.93,6.47,6.96,8.1,4.94,100,8326,92.66,7.2
04/29/2025 12:50:00 AM,0,0,0,0,291,3.7,6.01,8.2,0.592,92.68,-2,1.4,0,8.1,0.49,0.305,7.1,0.946,0.363,7.9,1.07,-2040.8,5.9,7.15,6.78,6.31,6.92,8.1,4.95,100,8323,92.66,7.1
04/29/2025 12:55:00 AM,0,0,0,0,298,3.39,5.5,8.1,0.59,92.68,-1.4,2,0,7.9,0.49,0.305,7.1,0.944,0.363,7.9,1.07,-2006.3,5.9,6.99,6.59,6.12,6.87,8.09,4.94,100,8326,92.66,7
04/29/2025 01:00:00 AM,0,0,0,0,300,3.28,5.71,7.8,0.59,92.69,-1.2,1.9,0,7.7,0.47,0.305,7.1,0.946,0.363,7.8,1.068,-1998.5,5.8,6.73,6.32,5.84,6.8,8.09,4.94,100,8323,92.66,6.8
04/29/2025 01:05:00 AM,0,0,0,0,296,3.62,5.48,7.9,0.59,92.69,-1.9,1.5,0,7.7,0.48,0.305,7,0.947,0.363,7.8,1.07,-2008.6,5.8,6.79,6.33,5.84,6.73,8.09,4.94,100,8323,92.66,6.8
04/29/2025 01:10:00 AM,0,0,0,0,297,3.88,6.47,7.9,0.59,92.69,-1.7,1.2,0,7.6,0.47,0.305,7,0.949,0.363,7.8,1.07,-2014.6,5.7,6.77,6.32,5.84,6.69,8.08,4.94,100,8323,92.67,6.7
04/29/2025 01:15:00 AM,0,0,0,0,293,4.73,8.16,8,0.59,92.69,-1.7,1.5,0,7.6,0.49,0.305,6.9,0.947,0.363,7.8,1.07,-2017.4,5.7,6.96,6.46,6,6.65,8.08,4.94,100,8323,92.66,6.7
04/29/2025 01:20:00 AM,0,0,0,0,295,4.02,5.31,7.9,0.59,92.69,-1.1,1.1,0,7.6,0.47,0.305,6.9,0.947,0.363,7.7,1.07,-2024.9,5.7,6.91,6.47,6.03,6.64,8.08,4.93,100,8322,92.66,6.7
04/29/2025 01:25:00 AM,0,0,0,0,297,4.03,5.82,7.9,0.59,92.69,-1.7,1.3,0,7.5,0.48,0.305,6.9,0.947,0.363,7.7,1.07,-2005.4,5.7,6.89,6.46,6.01,6.63,8.08,4.94,100,8321,92.67,6.7
04/29/2025 01:30:00 AM,0,0,0,0,295,3.42,4.96,7.8,0.584,92.69,-1.7,1.6,0,7.5,0.47,0.305,6.9,0.947,0.363,7.7,1.068,-1964.2,5.6,6.76,6.33,5.87,6.6,8.08,4.94,100,8321,92.67,6.6
04/29/2025 01:35:00 AM,0,0,0,0,297,4.32,7.51,8,0.588,92.7,-1.3,1.1,0,7.5,0.48,0.305,6.8,0.947,0.363,7.7,1.068,-1960.2,5.6,6.8,6.33,5.85,6.52,8.08,4.95,100,8320,92.67,6.5
04/29/2025 01:40:00 AM,0,0,0,0,289,4.39,5.53,7.9,0.59,92.7,-1.5,1.9,0,7.4,0.48,0.305,6.8,0.947,0.363,7.7,1.068,-1914.2,5.6,6.8,6.34,5.88,6.49,8.07,4.94,100,8322,92.67,6.5
04/29/2025 01:45:00 AM,0,0,0,0,286,3.78,6.31,7.6,0.582,92.7,-2.1,1.7,0,7.5,0.46,0.305,6.8,0.949,0.363,7.6,1.068,-1913.8,5.5,6.64,6.21,5.75,6.45,8.05,4.94,100,8320,92.68,6.5
04/29/2025 01:50:00 AM,0,0,0,0,291,4.35,6.67,7.8,0.58,92.7,-1.9,1.2,0,7.3,0.47,0.305,6.7,0.947,0.363,7.6,1.068,-1906.8,5.5,6.66,6.18,5.74,6.42,8.05,4.94,100,8320,92.68,6.4
04/29/2025 01:55:00 AM,0,0,0,0,291,4.76,8.34,7.9,0.582,92.71,-1.4,0.9,0,7.4,0.48,0.305,6.7,0.945,0.363,7.6,1.068,-1921.3,5.4,6.75,6.29,5.83,6.39,8.05,4.94,100,8317,92.68,6.4
04/29/2025 02:00:00 AM,0,0,0,0,293,5,8.55,7.9,0.582,92.71,-2.1,1.4,0,7.4,0.48,0.305,6.7,0.947,0.363,7.6,1.068,-1927.1,5.4,6.8,6.34,5.87,6.38,8.05,4.94,100,8320,92.68,6.4
04/29/2025 02:05:00 AM,0,0,0,0,294,5.11,7.85,7.9,0.58,92.71,-1.6,1.3,0,7.4,0.48,0.305,6.7,0.945,0.363,7.5,1.068,-1938.2,5.4,6.93,6.49,6.07,6.39,8.04,4.94,100,8317,92.69,6.5
04/29/2025 02:10:00 AM,0,0,0,0,301,5.05,8.66,7.9,0.58,92.71,-2.1,0.4,0,7.5,0.49,0.305,6.7,0.945,0.363,7.5,1.068,-1904.6,5.4,6.97,6.56,6.09,6.39,8.05,4.94,100,8320,92.69,6.6
04/29/2025 02:15:00 AM,0,0,0,0,297,5.12,7.09,7.9,0.58,92.71,-1.8,1.2,0,7.5,0.48,0.305,6.7,0.945,0.363,7.5,1.068,-1891,5.4,6.99,6.56,6.11,6.38,8.03,4.94,100,8317,92.69,6.6
04/29/2025 02:20:00 AM,0,0,0,0,298,5.11,8.41,7.9,0.58,92.71,-2,1.6,0,7.5,0.48,0.305,6.7,0.945,0.363,7.5,1.068,-1852.2,5.4,7.01,6.58,6.14,6.39,8.03,4.94,100,8319,92.69,6.6
04/29/2025 02:25:00 AM,0,0,0,0,298,4.93,7.42,7.8,0.58,92.71,-1.1,1.2,0,7.5,0.48,0.305,6.7,0.947,0.363,7.5,1.066,-1835.7,5.4,6.95,6.53,6.09,6.37,8.03,4.95,100,8317,92.69,6.6
04/29/2025 02:30:00 AM,0,0,0,0,298,5.55,9.26,7.9,0.58,92.71,-1.8,1.7,0,7.5,0.48,0.305,6.7,0.945,0.363,7.4,1.064,-1812.2,5.4,6.98,6.57,6.12,6.35,8.01,4.94,100,8314,92.69,6.6
04/29/2025 02:35:00 AM,0,0,0,0,301,5.26,7.99,7.8,0.58,92.71,-1.4,1.3,0,7.5,0.48,0.305,6.6,0.943,0.363,7.4,1.059,-1797.6,5.4,7.01,6.58,6.15,6.35,8.01,4.94,100,8316,92.69,6.6
04/29/2025 02:40:00 AM,0,0,0,0,301,5.27,8,7.8,0.58,92.71,-1.2,1.1,0,7.5,0.47,0.305,6.6,0.941,0.363,7.4,1.061,-1797.6,5.4,6.93,6.52,6.1,6.33,8.01,4.95,100,8317,92.69,6.6
04/29/2025 02:45:00 AM,0,0,0,0,302,5.14,8.53,7.7,0.574,92.72,-2.3,1.1,0,7.4,0.48,0.305,6.6,0.941,0.363,7.4,1.066,-1756.7,5.4,6.88,6.49,6.04,6.31,8.01,4.95,100,8314,92.69,6.6
04/29/2025 02:50:00 AM,0,0,0,0,297,4.62,7.41,7.7,0.572,92.72,-2.1,0.6,0,7.4,0.48,0.306,6.6,0.941,0.363,7.4,1.066,-1763.2,5.4,6.82,6.43,5.99,6.3,8.01,4.95,100,8314,92.69,6.6
04/29/2025 02:55:00 AM,0,0,0,0,295,4.94,7.92,7.7,0.572,92.72,-2.4,0.7,0,7.4,0.48,0.305,6.6,0.943,0.363,7.4,1.066,-1738.2,5.3,6.81,6.39,5.94,6.27,7.98,4.94,100,8316,92.7,6.6
04/29/2025 03:00:00 AM,0,0,0,0,296,5.11,8.04,7.7,0.57,92.72,-1.6,1.8,0,7.3,0.48,0.305,6.6,0.946,0.363,7.3,1.066,-1721.9,5.3,6.76,6.36,5.9,6.24,8,4.95,100,8314,92.7,6.6
04/29/2025 03:05:00 AM,0,0,0,0,299,4.97,7.77,7.7,0.57,92.72,-1.2,1.5,0,7.3,0.48,0.305,6.5,0.946,0.363,7.3,1.066,-1704.1,5.3,6.76,6.35,5.89,6.23,7.98,4.95,100,8316,92.7,6.5
04/29/2025 03:10:00 AM,0,0,0,0,295,4.9,7.96,7.7,0.57,92.72,-1.7,1,0,7.3,0.48,0.305,6.5,0.948,0.363,7.3,1.064,-1687.3,5.3,6.74,6.33,5.88,6.22,7.97,4.94,100,8314,92.7,6.5
04/29/2025 03:15:00 AM,0,0,0,0,296,4.49,7.08,7.6,0.57,92.73,-2.1,1.4,0,7.3,0.47,0.305,6.5,0.946,0.363,7.3,1.069,-1698.6,5.2,6.69,6.27,5.81,6.2,7.97,4.95,100,8314,92.7,6.5
04/29/2025 03:20:00 AM,0,0,0,0,292,5.16,8.63,7.7,0.568,92.73,-1.8,0.9,0,7.3,0.48,0.305,6.5,0.942,0.363,7.3,1.069,-1677.6,5.2,6.71,6.28,5.83,6.17,7.97,4.95,100,8312,92.71,6.4
04/29/2025 03:25:00 AM,0,0,0,0,292,4.9,8.52,7.6,0.568,92.73,-1.7,1.1,0,7.3,0.47,0.305,6.5,0.946,0.363,7.3,1.066,-1681.1,5.2,6.7,6.28,5.85,6.16,7.97,4.95,100,8311,92.71,6.4
04/29/2025 03:30:00 AM,0,0,0,0,290,4.52,7.23,7.5,0.56,92.73,-2,2.4,0,7.2,0.48,0.306,6.4,0.942,0.363,7.2,1.064,-1647.4,5.2,6.51,6.11,5.67,6.13,7.96,4.95,100,8310,92.71,6.4
04/29/2025 03:35:00 AM,0,0,0,0,290,4.33,6.91,7.5,0.56,92.74,-1.9,0.5,0,7.2,0.48,0.306,6.4,0.942,0.363,7.2,1.062,-1594.8,5.2,6.51,6.06,5.61,6.08,7.95,4.95,100,8311,92.71,6.3
04/29/2025 03:40:00 AM,0,0,0,0,291,5.55,7.28,7.5,0.56,92.74,-1.2,2.2,0,7.2,0.48,0.306,6.4,0.942,0.363,7.2,1.067,-1599.9,5.1,6.54,6.08,5.64,6.03,7.95,4.95,100,8311,92.72,6.3
04/29/2025 03:45:00 AM,0,0,0,0,289,5.24,7.41,7.5,0.556,92.73,-1,1.1,0,7.1,0.48,0.305,6.4,0.946,0.363,7.2,1.062,-1602.1,5.1,6.57,6.13,5.7,6,7.94,4.96,100,8311,92.71,6.3
04/29/2025 03:50:00 AM,0,0,0,0,288,5.22,8.03,7.4,0.55,92.74,-1.8,1.5,0,7.1,0.48,0.306,6.3,0.944,0.363,7.2,1.061,-1579,5.1,6.48,6.06,5.64,6,7.94,4.95,100,8309,92.72,6.2
04/29/2025 03:55:00 AM,0,0,0,0,287,5.11,8.36,7.4,0.55,92.74,-1.7,1,0,7.1,0.48,0.306,6.3,0.944,0.363,7.1,1.064,-1579.4,5,6.45,6.03,5.6,5.97,7.93,4.96,100,8310,92.72,6.2
04/29/2025 04:00:00 AM,0,0,0,0,287,5.08,7.39,7.3,0.55,92.74,-2.1,1.6,0,7.1,0.48,0.306,6.3,0.944,0.363,7.1,1.067,-1549.2,5,6.39,5.94,5.5,5.95,7.92,4.96,100,8310,92.72,6.2
04/29/2025 04:05:00 AM,0,0,0,0,285,4.51,7.79,7.3,0.542,92.75,-2,1.4,0,7,0.48,0.306,6.3,0.94,0.363,7.1,1.064,-1536.7,5,6.31,5.86,5.43,5.92,7.91,4.96,100,8310,92.72,6.1
04/29/2025 04:10:00 AM,0,0,0,0,290,4.7,6.71,7.2,0.54,92.75,-1.6,1.8,0,6.9,0.48,0.306,6.2,0.947,0.363,7.1,1.064,-1519.8,5,6.23,5.76,5.31,5.87,7.91,4.96,100,8308,92.73,6
04/29/2025 04:15:00 AM,0,0,0,0,289,4.2,8.22,7.1,0.536,92.75,-1.8,1,0,6.9,0.47,0.306,6.2,0.945,0.363,7.1,1.062,-1526.1,4.9,6.09,5.65,5.19,5.84,7.91,4.95,100,8250,92.73,6
04/29/2025 04:20:00 AM,0,0,0,0,293,3.93,5.31,7.1,0.53,92.76,-1.9,1.1,0,6.8,0.48,0.306,6.2,0.945,0.363,7.1,1.062,-1519.8,4.9,6.02,5.58,5.11,5.8,7.91,4.96,100,8308,92.73,5.9
04/29/2025 04:25:00 AM,0,0,0,0,292,3.84,6.08,7,0.53,92.76,-1.4,1,0,6.7,0.47,0.306,6.1,0.945,0.363,7,1.062,-1502.1,4.8,5.93,5.45,4.96,5.75,7.91,4.96,100,8305,92.74,5.8
04/29/2025 04:30:00 AM,0,0,0,0,293,3.3,4.73,6.9,0.526,92.77,-1.3,0.7,0,6.7,0.47,0.306,6.1,0.947,0.363,7,1.064,-1474.3,4.8,5.78,5.37,4.88,5.69,7.89,4.96,100,8306,92.74,5.7
04/29/2025 04:35:00 AM,0,0,0,0,287,4.33,7.7,6.9,0.524,92.77,-1.7,1.6,0,6.6,0.47,0.306,6,0.95,0.363,7,1.057,-1462.5,4.7,5.81,5.34,4.87,5.64,7.89,4.96,100,8304,92.75,5.6
04/29/2025 04:40:00 AM,0,0,0,0,287,3.77,6.53,6.8,0.52,92.77,-1.5,1.3,0,6.6,0.47,0.306,6,0.95,0.363,7,1.067,-1459.5,4.7,5.69,5.23,4.79,5.57,7.89,4.96,100,8304,92.75,5.6
04/29/2025 04:45:00 AM,0,0,0,0,283,4.59,7.4,6.9,0.52,92.78,-1.7,1.3,0,6.5,0.47,0.306,6,0.948,0.363,7,1.065,-1440.1,4.6,5.71,5.23,4.77,5.53,7.87,4.95,100,8304,92.75,5.5
04/29/2025 04:50:00 AM,0,0,0,0,287,4.59,6.05,6.8,0.52,92.78,-0.8,0.8,0,6.5,0.47,0.306,5.9,0.945,0.363,6.9,1.055,-1439.4,4.6,5.81,5.33,4.89,5.5,7.86,4.96,100,8304,92.75,5.5
04/29/2025 04:55:00 AM,0,0,0,0,284,3.87,5.37,6.6,0.518,92.78,-1.4,1.2,0,6.5,0.46,0.306,5.9,0.948,0.363,6.9,1.058,-1404.1,4.6,5.66,5.25,4.81,5.5,7.86,4.98,100,8303,92.75,5.5
04/29/2025 05:00:00 AM,0,0,0,0,294,4.33,7.06,6.8,0.52,92.78,-1.1,1.5,0,6.4,0.47,0.306,5.9,0.948,0.363,6.9,1.06,-1394.7,4.6,5.78,5.36,4.88,5.48,7.85,4.96,100,8303,92.76,5.5
04/29/2025 05:05:00 AM,0,0,0,0,288,4.65,6.67,6.9,0.52,92.78,-1.6,1.3,0,6.4,0.47,0.306,5.9,0.948,0.363,6.9,1.063,-1383.2,4.6,5.9,5.46,5.02,5.47,7.84,4.97,100,8302,92.76,5.5
04/29/2025 05:10:00 AM,0.4,0,0,0,290,4.85,6.87,6.9,0.516,92.78,-1.1,1.4,0,6.4,0.48,0.306,5.9,0.948,0.363,6.9,1.062,-1378.8,4.6,6.05,5.6,5.18,5.49,7.84,4.96,100,8300,92.76,5.6
04/29/2025 05:15:00 AM,1,0,0,0,289,5.15,8.08,6.9,0.516,92.78,-1.3,1.2,0,6.5,0.48,0.306,5.9,0.948,0.363,6.9,1.06,-1346.8,4.6,6.19,5.76,5.35,5.5,7.83,4.96,100,8230,92.76,5.6
04/29/2025 05:20:00 AM,2,0,0,0,289,5.09,6.86,6.9,0.518,92.79,-1.2,1.1,0,6.5,0.48,0.306,6,0.945,0.363,6.8,1.06,-1344.9,4.7,6.26,5.87,5.49,5.53,7.83,4.96,100,8304,92.77,5.8
04/29/2025 05:25:00 AM,2.8,0,0,0,288,5.5,9.77,7,0.518,92.79,-1.2,0.8,0,6.5,0.48,0.306,6,0.941,0.363,6.8,1.058,-1320.7,4.7,6.39,6.04,5.7,5.59,7.82,4.96,100,8301,92.77,5.8
04/29/2025 05:30:00 AM,4.2,0,0,0,289,4.87,7.02,6.9,0.52,92.79,-1.5,1.4,0,6.6,0.48,0.306,6,0.938,0.363,6.8,1.058,-1309.8,4.9,6.51,6.22,5.93,5.65,7.81,4.98,100,8300,92.77,6
04/29/2025 05:35:00 AM,6.2,0,0,0,288,5.09,7.32,7,0.52,92.79,-2.7,0.7,0,6.7,0.48,0.306,6.1,0.936,0.363,6.8,1.058,-1291.8,4.9,6.63,6.33,6.09,5.73,7.8,4.97,100,8301,92.78,6.1
04/29/2025 05:40:00 AM,9,0,0,0,290,5.7,7.84,7.1,0.52,92.8,-2.2,1.3,0,6.8,0.49,0.306,6.2,0.934,0.363,6.8,1.057,-1282.6,5,6.76,6.46,6.23,5.8,7.8,4.97,100,8300,92.78,6.2
04/29/2025 05:45:00 AM,12,0,0,0,292,6.44,10.13,7.2,0.52,92.8,-0.8,1.1,0,6.9,0.5,0.306,6.2,0.934,0.363,6.8,1.06,-1256.9,5.1,6.87,6.6,6.38,5.84,7.79,4.96,100,8298,92.78,6.3
04/29/2025 05:50:00 AM,14.8,0,0,0,297,4.45,6.51,6.9,0.518,92.81,-1.9,1.1,0,6.9,0.48,0.306,6.2,0.927,0.363,6.8,1.062,-1255.4,5.1,6.75,6.55,6.29,5.89,7.78,4.97,100,8298,92.79,6.4
04/29/2025 05:55:00 AM,17.6,0,0,0,294,4.89,7.83,7,0.52,92.81,-1.6,1.3,0,7,0.48,0.306,6.3,0.933,0.364,6.8,1.057,-1235.9,5.2,6.72,6.48,6.26,5.89,7.78,4.97,100,8298,92.79,6.4
04/29/2025 06:00:00 AM,19.8,0,0,0,294,5.97,8.41,7.2,0.518,92.81,-2.6,2.2,0,7,0.5,0.306,6.3,0.927,0.363,6.8,1.058,-1217.3,5.2,6.99,6.76,6.54,5.91,7.77,4.96,100,8298,92.8,6.5
04/29/2025 06:05:00 AM,24,0,0,0,295,5.07,7.88,7.1,0.518,92.82,-1.6,1.7,0,7,0.49,0.306,6.4,0.929,0.363,6.7,1.065,-1199.5,5.3,7.09,6.91,6.75,5.96,7.77,4.97,100,8296,92.8,6.6
04/29/2025 06:10:00 AM,27.2,0,0,0,291,5.33,7.26,7.2,0.516,92.83,-1.2,1.7,0,7.1,0.5,0.306,6.4,0.929,0.363,6.7,1.051,-1187.7,5.3,7.23,7.04,6.93,6.02,7.75,4.97,100,8298,92.81,6.7
04/29/2025 06:15:00 AM,26.4,0,0,0,297,4.1,6.4,7.2,0.516,92.84,-1.6,0.9,0,7.1,0.5,0.306,6.5,0.924,0.363,6.7,1.06,-1183.6,5.4,7.31,7.14,7.05,6.13,7.75,4.96,100,8299,92.82,6.8
04/29/2025 06:20:00 AM,26.6,0,0,0,307,5.05,8.77,7.3,0.516,92.84,-0.8,1.2,0,7.2,0.5,0.306,6.5,0.922,0.363,6.7,1.055,-1167.1,5.5,7.41,7.26,7.19,6.19,7.73,4.98,100,8297,92.83,6.9
04/29/2025 06:25:00 AM,31.2,0,0,0,297,4.56,7.51,7.2,0.514,92.85,-1,2,0,7.2,0.5,0.305,6.6,0.922,0.363,6.7,1.053,-1164.9,5.6,7.43,7.29,7.24,6.24,7.73,4.97,100,8298,92.84,7
04/29/2025 06:30:00 AM,36,0,0,0,301,4.6,6.37,7.3,0.51,92.86,-1.9,1.3,0,7.3,0.51,0.306,6.7,0.915,0.363,6.7,1.065,-1137.4,5.7,7.48,7.37,7.3,6.28,7.73,4.98,100,8294,92.85,7.1
04/29/2025 06:35:00 AM,37,0,0,0,295,4.62,6.83,7.3,0.512,92.87,-2.3,0.6,0,7.3,0.51,0.305,6.7,0.924,0.364,6.7,1.058,-1133.4,5.8,7.54,7.44,7.38,6.32,7.72,4.98,100,8298,92.85,7.2
04/29/2025 06:40:00 AM,35.6,0,0,0,302,3.59,6.98,7.2,0.514,92.88,-1.7,1.4,0,7.4,0.5,0.305,6.8,0.921,0.363,6.7,1.068,-1107.1,5.8,7.57,7.48,7.42,6.37,7.71,4.98,100,8297,92.86,7.2
04/29/2025 06:45:00 AM,43,0,0,0,303,3.81,6.6,7.3,0.51,92.89,-1.9,1.8,0,7.4,0.51,0.305,6.8,0.928,0.363,6.7,1.056,-1093.9,5.9,7.63,7.53,7.47,6.41,7.7,4.98,100,8299,92.87,7.3
04/29/2025 06:50:00 AM,49.8,0,0,0,326,2.46,4.56,7.3,0.51,92.89,-1.4,1.3,0,7.4,0.51,0.305,6.8,0.913,0.363,6.7,1.053,-1084.4,5.9,7.72,7.65,7.6,6.45,7.7,4.96,100,8303,92.88,7.3
04/29/2025 06:55:00 AM,54,0,0,0,300,2.94,4.53,7.3,0.51,92.89,-1.9,1,0,7.5,0.51,0.305,6.9,0.917,0.364,6.7,1.058,-1070,6,7.84,7.75,7.72,6.51,7.69,4.98,100,8303,92.88,7.4
04/29/2025 07:00:00 AM,53.6,0,0,0,298,3.43,5.25,7.3,0.51,92.9,-2.3,1.1,0,7.5,0.51,0.305,6.9,0.919,0.363,6.7,1.058,-1061.2,6.1,7.9,7.82,7.81,6.56,7.68,4.98,100,8304,92.88,7.4
04/29/2025 07:05:00 AM,54.4,0,0,0,292,4.66,8.14,7.4,0.51,92.9,-1.8,1.3,0,7.5,0.52,0.305,7,0.915,0.364,6.7,1.06,-1048.8,6.1,7.92,7.84,7.8,6.62,7.67,4.98,100,8302,92.89,7.5
04/29/2025 07:10:00 AM,57.6,0,0,0,294,4.4,6.83,7.4,0.51,92.92,-1.6,0.7,0,7.5,0.52,0.305,7,0.912,0.363,6.7,1.06,-1033.2,6.2,7.93,7.85,7.84,6.65,7.68,4.98,100,8305,92.9,7.6
04/29/2025 07:15:00 AM,61.2,0,0,0,288,3.24,5.1,7.3,0.51,92.91,-1.4,1.5,0,7.6,0.51,0.305,7,0.912,0.363,6.7,1.058,-1022.8,6.2,7.98,7.93,7.95,6.69,7.67,4.96,100,8310,92.9,7.6
04/29/2025 07:20:00 AM,65.6,0,0,0,287,3.48,5.27,7.3,0.51,92.92,-1.5,0.9,0,7.6,0.51,0.305,7.1,0.912,0.363,6.7,1.058,-1025.4,6.3,8.04,7.99,8.03,6.72,7.67,4.97,100,8315,92.9,7.6
04/29/2025 07:25:00 AM,69.4,0,0,0,294,2.87,4.13,7.3,0.51,92.93,-1.4,1.4,0,7.6,0.51,0.305,7.1,0.912,0.363,6.7,1.068,-1013.2,6.3,8.14,8.13,8.15,6.77,7.65,4.97,100,8319,92.91,7.7
04/29/2025 07:30:00 AM,78.6,0,0,0,299,3.44,5.81,7.4,0.506,92.94,-1.6,1,0,7.6,0.52,0.305,7.2,0.929,0.363,6.7,1.073,-1001.8,6.4,8.24,8.24,8.3,6.82,7.65,4.98,100,8333,92.92,7.8
04/29/2025 07:35:00 AM,92.6,0,0,0,309,2.14,4.29,7.4,0.508,92.95,-1.4,0.9,0,7.7,0.52,0.305,7.2,0.934,0.364,6.7,1.11,-998.8,6.5,8.42,8.45,8.56,6.88,7.63,4.98,100,8336,92.94,7.8
04/29/2025 07:40:00 AM,107.4,0,0,0,296,2.47,4.18,7.4,0.51,92.95,-1.5,1.6,0,7.8,0.52,0.305,7.3,0.929,0.364,6.7,1.165,-985.1,6.6,8.7,8.85,8.97,6.95,7.63,4.97,100,8351,92.94,7.9
04/29/2025 07:45:00 AM,119,0,0,0,320,2.95,5.57,7.5,0.51,92.97,-1.6,0.7,0,8,0.53,0.305,7.4,0.912,0.364,6.8,1.057,-973.4,6.7,8.88,9.03,9.29,7.08,7.63,4.96,100,8358,92.95,8
04/29/2025 07:50:00 AM,127.6,0,0,0,339,2.38,4.6,7.5,0.51,92.98,-1.5,1.2,0,8,0.53,0.305,7.4,0.909,0.364,6.8,1.062,-961.6,6.8,9.1,9.23,9.62,7.19,7.63,4.98,100,8363,92.97,8.1
04/29/2025 07:55:00 AM,137.2,0,0,0,331,2.52,4.6,7.6,0.508,92.99,-1.6,1.3,0,8.2,0.53,0.305,7.5,0.907,0.364,6.8,1.057,-958.3,6.9,9.28,9.54,10.01,7.29,7.63,4.98,100,8371,92.98,8.2
04/29/2025 08:00:00 AM,149.6,0,0,0,318,2.51,4.65,7.7,0.514,92.99,-1.3,1.4,0,8.4,0.53,0.305,7.6,0.898,0.363,6.8,1.057,-941.4,6.9,9.52,9.92,10.53,7.39,7.62,5,100,8382,92.98,8.4
04/29/2025 08:05:00 AM,166.6,0,0,0,307,3.07,3.83,7.8,0.518,92.99,-1,1.4,0,8.6,0.54,0.305,7.7,0.909,0.364,6.8,1.055,-933.9,7,9.82,10.35,11.03,7.53,7.61,4.98,100,8397,92.98,8.5
04/29/2025 08:10:00 AM,181.6,0,0,0,287,3.91,5.37,7.7,0.516,93,-1.9,1.2,0,8.7,0.54,0.305,7.8,0.902,0.363,6.8,1.065,-922.3,7.2,10.05,10.78,11.32,7.67,7.63,4.99,100,8414,92.99,8.7
04/29/2025 08:15:00 AM,200.2,0,0,0,283,4.33,6.1,7.9,0.518,93,-1.2,1.4,0,8.9,0.55,0.305,7.9,0.899,0.363,6.8,1.057,-914.1,7.3,10.28,11.11,11.65,7.78,7.6,5,100,8424,92.99,8.9
04/29/2025 08:20:00 AM,214,0,0,0,290,4.51,6.72,7.9,0.516,93,-1.5,1.5,0,9.1,0.55,0.305,8,0.901,0.363,6.8,1.06,-903.4,7.4,10.35,11.21,11.8,7.92,7.6,4.99,100,8311,92.99,9.1
04/29/2025 08:25:00 AM,232.2,0,0,0,286,3.64,5.13,8.2,0.522,93,-1.6,1.1,0,9.3,0.56,0.305,8.2,0.894,0.363,6.8,1.065,-909.7,7.6,10.83,11.74,12.41,8.07,7.6,4.98,100,8440,92.99,9.3
04/29/2025 08:30:00 AM,242,0,0,0,294,3.45,5.51,8.2,0.52,93.01,-1.6,1.7,0,9.5,0.57,0.305,8.3,0.896,0.363,6.9,1.062,-897,7.8,11.21,12.23,13.2,8.24,7.59,5,100,8452,93,9.6
04/29/2025 08:35:00 AM,246.8,0,0,0,284,3.89,5.84,8.2,0.522,93.01,-1.1,1.2,0,9.7,0.57,0.304,8.5,0.888,0.363,6.9,1.057,-881.9,8,11.3,12.42,13.33,8.42,7.59,4.98,100,8463,93,9.8
04/29/2025 08:40:00 AM,265,0,0,0,277,3.84,5.7,8.5,0.524,93.01,-1.5,1.5,0,9.9,0.58,0.304,8.7,0.885,0.363,6.9,1.062,-875.2,8.2,11.59,12.85,13.76,8.57,7.57,5,100,8469,93.01,10
04/29/2025 08:45:00 AM,253.8,0,0,0,273,3.79,5.07,8.4,0.522,93.02,-1.5,1.7,0,10.1,0.58,0.304,8.8,0.883,0.363,6.9,1.058,-874.6,8.3,11.52,12.83,13.56,8.7,7.56,4.99,100,8469,93.01,10.2
04/29/2025 08:50:00 AM,242,0,0,0,274,3.54,5.02,8.5,0.524,93.02,-1.9,1.5,0,10.1,0.59,0.304,9,0.884,0.363,6.9,1.06,-858.2,8.5,11.6,12.82,13.46,8.79,7.56,5,100,8471,93.01,10.3
04/29/2025 08:55:00 AM,242.2,0,0,0,271,3.83,5.55,8.4,0.52,93.02,-1.2,0.9,0,10.2,0.58,0.304,9,0.878,0.365,6.9,1.065,-859.6,8.5,11.63,12.77,13.49,8.85,7.55,4.99,100,8481,93.02,10.4
04/29/2025 09:00:00 AM,267.2,0,0,0,290,2.61,3.98,8.9,0.522,93.03,-0.7,1.5,0,10.4,0.62,0.304,9.1,0.882,0.365,7,1.064,-844.5,8.6,12.08,13.28,14.31,8.95,7.56,5,100,8490,93.02,10.5
04/29/2025 09:05:00 AM,322.2,0,0,0,312,2.83,4.67,9,0.53,93.03,-1.3,1.9,0,10.7,0.62,0.304,9.3,0.877,0.365,7,1.069,-850.3,8.7,12.84,14.03,15.68,9.16,7.55,5,100,8526,93.03,10.8
04/29/2025 09:10:00 AM,401.8,0,0,0,315,2.73,4.15,9.1,0.532,93.02,-1.1,1.3,0,11.4,0.62,0.304,9.5,0.872,0.365,7,1.073,-846.6,8.9,13.66,15.01,17.06,9.47,7.55,5,100,8552,93.02,11.2
04/29/2025 09:15:00 AM,414,0,0,0,300,3.62,5.42,9.3,0.538,93.02,-1.1,1.3,0,12.1,0.63,0.304,9.7,0.868,0.365,7.1,1.073,-839.5,9.3,14.4,16.12,18.66,9.87,7.54,4.99,100,8561,93.02,11.6
04/29/2025 09:20:00 AM,435.6,0,0,0,320,2.96,4.83,9.7,0.54,93.02,-1.3,1.7,0,12.5,0.67,0.302,9.9,0.866,0.365,7.1,1.075,-812.4,9.8,15.11,16.65,19.29,10.21,7.54,5,100,8586,93.03,12
04/29/2025 09:25:00 AM,498.2,0,0,0,349,2.21,5.49,9.9,0.564,93.02,-1,1.3,0,13.2,0.65,0.302,10.2,0.864,0.365,7.2,1.078,-821.5,10.7,16.63,17.84,21.44,10.61,7.55,4.99,100,8605,93.03,12.5
04/29/2025 09:30:00 AM,480.2,0,0,0,348,2.56,5.3,10.2,0.562,93.03,-0.7,1.9,0,13.8,0.68,0.302,10.5,0.86,0.365,7.2,1.08,-829.5,11.6,17.32,18.46,22.38,11.13,7.53,5,100,8604,93.04,13
04/29/2025 09:35:00 AM,426.2,0,0,0,344,2.18,4.39,10.2,0.566,93.04,-1.2,1.5,0,14.2,0.68,0.303,10.8,0.851,0.364,7.3,1.08,-835.4,12.6,17.63,18.92,22.47,11.52,7.54,5,100,8592,93.05,13.5
04/29/2025 09:40:00 AM,521,0,0,0,348,2.38,3.52,10.2,0.57,93.04,-1,1.2,0,14.5,0.67,0.303,10.9,0.85,0.364,7.3,1.075,-852.9,11.7,17.56,18.78,22.4,11.68,7.54,5,100,8601,93.05,13.8
04/29/2025 09:45:00 AM,385,0,0,0,318,4.02,7.35,9.8,0.558,93.06,-1.1,2.4,0,14.4,0.65,0.302,11.1,0.85,0.364,7.4,1.08,-859.2,11.4,16.21,17.92,20.31,11.9,7.53,5,100,8611,93.06,14.1
04/29/2025 09:50:00 AM,640.8,0,0,0,305,4.04,7.29,10.4,0.556,93.05,-1.6,1.6,0,14.4,0.7,0.303,11.2,0.852,0.364,7.4,1.089,-872.2,11.2,16.43,18.4,21.74,11.9,7.54,4.98,100,8690,93.06,14.2
04/29/2025 09:55:00 AM,537.4,0,0,0,334,2.26,3.89,10.4,0.558,93.05,-1.2,1.3,0,14.7,0.7,0.303,11.6,0.85,0.364,7.5,1.117,-884.5,11.2,17.9,19.48,23.2,12.26,7.53,5,100,8565,93.06,14.7
04/29/2025 10:00:00 AM,500,0,0,0,329,1.96,4.3,10.2,0.558,93.06,-1.3,1.2,0,14.7,0.69,0.303,11.8,0.843,0.364,7.5,1.133,-904.7,11.4,18.08,19.31,22.71,12.65,7.53,5.01,100,8638,93.06,14.8
04/29/2025 10:05:00 AM,456,0,0,0,326,1.42,2.82,10.4,0.554,93.06,-1.2,1.5,0,14.8,0.71,0.302,12.1,0.846,0.364,7.6,1.115,-903.4,11.6,19,20.32,22.94,12.88,7.53,5,100,8584,93.06,15.2
04/29/2025 10:10:00 AM,314.6,0,0,0,333,2.74,4.8,10.2,0.552,93.08,-1.1,1.4,0,14.5,0.69,0.303,12.3,0.834,0.364,7.6,1.578,-917.3,11.8,17.45,18.49,20.56,13.06,7.52,5,100,8545,93.06,15.2
04/29/2025 10:15:00 AM,388.4,0,0,0,0,1.92,3.07,10.4,0.542,93.08,-1.2,1.6,0,14.1,0.72,0.303,12.2,0.835,0.364,7.7,1.127,-921.1,11.7,16.78,17.44,19.51,12.91,7.53,5,100,8578,93.06,14.9
04/29/2025 10:20:00 AM,441,0,0,0,337,2.44,5.87,10.5,0.546,93.07,-0.9,1.2,0,13.9,0.72,0.301,12.1,0.846,0.364,7.7,1.121,-930.7,11.7,16.48,17.24,18.94,12.78,7.53,5,100,8672,93.06,14.9
04/29/2025 10:25:00 AM,401,0,0,0,336,2.94,4.84,10.7,0.542,93.08,-0.8,0.7,0,14,0.74,0.299,12.1,0.834,0.364,7.8,1.132,-938.4,11.7,16.44,17.27,19.11,12.74,7.52,5,100,8534,93.07,15.1
04/29/2025 10:30:00 AM,336.6,0,0,0,332,2.68,5.27,10.4,0.536,93.09,-1.4,1.4,0,13.6,0.72,0.299,12.1,0.835,0.364,7.8,1.129,-937.6,11.7,15.58,16.39,17.75,12.68,7.53,5,100,8540,93.07,15
04/29/2025 10:35:00 AM,361.6,0,0,0,10,0.98,1.81,10.2,0.538,93.09,-1.4,1.5,0,13.4,0.7,0.299,12.1,0.831,0.364,7.9,1.124,-946.9,11.7,16.14,16.47,17.81,12.55,7.53,5,100,8531,93.07,14.8
04/29/2025 10:40:00 AM,322,0,0,0,320,1.3,3.22,10.3,0.536,93.09,-1.4,1.6,0,13.4,0.72,0.299,12.2,0.831,0.363,7.9,1.133,-953.4,11.8,16.26,16.94,17.81,12.58,7.53,5,100,8535,93.07,14.9
04/29/2025 10:45:00 AM,464.2,0,0,0,336,2.76,5.63,10.8,0.534,93.09,-1.1,1.6,0,13.5,0.76,0.299,12.3,0.829,0.364,8,1.126,-967.8,11.9,16.12,16.65,18.16,12.6,7.53,5,100,8607,93.08,14.8
04/29/2025 10:50:00 AM,442.6,0,0,0,342,2.54,3.38,10.9,0.526,93.09,-1.1,1.2,0,13.8,0.78,0.299,12.5,0.828,0.364,8,1.131,-976.6,12,16.73,17.31,19.14,12.76,7.52,5.01,100,8537,93.08,15
04/29/2025 10:55:00 AM,333.6,0,0,0,344,2.26,4.38,10.4,0.516,93.11,-1.4,1.6,0,13.6,0.75,0.299,12.6,0.826,0.364,8.1,1.131,-971.4,12.2,16.07,16.5,17.8,12.9,7.53,5,100,8551,93.08,14.9
04/29/2025 11:00:00 AM,353.2,0,0,0,355,1.39,3.43,10.4,0.51,93.11,-1.3,1.3,0,13.4,0.75,0.299,12.6,0.827,0.364,8.1,1.132,-970.7,12.2,16.37,16.35,17.56,12.84,7.53,5.01,100,8537,93.08,14.8
04/29/2025 11:05:00 AM,281,0,0,0,21,1.6,2.36,10.8,0.522,93.11,-1.4,1.4,0,13.4,0.77,0.299,12.7,0.825,0.363,8.1,1.129,-979.9,12.3,16.36,16.17,17.49,12.85,7.53,5.01,100,8502,93.08,14.8
04/29/2025 11:10:00 AM,253.4,0,0,0,354,1.63,2.89,10.8,0.534,93.12,-1.3,1.4,0,13.4,0.76,0.3,12.7,0.826,0.363,8.2,1.133,-980.4,12.2,15.95,16.05,17.15,12.82,7.53,5.01,100,8488,93.09,14.7
04/29/2025 11:15:00 AM,290.8,0,0,0,326,1.8,3.06,10.7,0.546,93.12,-1.6,1.8,0,13.3,0.74,0.3,12.7,0.828,0.363,8.2,1.132,-980.2,12.1,15.45,16.11,17.02,12.71,7.53,5.01,100,8519,93.09,14.7
04/29/2025 11:20:00 AM,329.2,0,0,0,296,1.66,3.55,10.6,0.552,93.12,-1.4,1.6,0,13.2,0.73,0.3,12.8,0.828,0.363,8.3,1.135,-992.9,12.1,15.63,16.41,17.35,12.68,7.54,5,100,8501,93.1,14.7
04/29/2025 11:25:00 AM,336.8,0,0,0,323,1.59,2.32,10.8,0.52,93.12,-1.4,1.4,0,13.3,0.77,0.3,12.9,0.824,0.363,8.3,1.138,-990.4,12.2,15.62,16.44,17.56,12.71,7.55,5,100,8523,93.1,14.7
04/29/2025 11:30:00 AM,314,0,0,0,310,2.43,4.53,10.8,0.524,93.12,-1.5,1.5,0,13.3,0.77,0.3,13,0.825,0.363,8.3,1.127,-1002.1,12.2,15.61,16.58,17.63,12.83,7.55,5,100,8504,93.1,14.8
04/29/2025 11:35:00 AM,245.6,0,0,0,204,1.24,2.82,10.5,0.52,93.12,-1.2,1.3,0,13.2,0.75,0.299,13,0.833,0.363,8.4,1.127,-997,12.3,15.53,16.53,17.01,12.84,7.55,5.01,100,8473,93.1,14.7
04/29/2025 11:40:00 AM,207.8,0,0,0,54,1.27,1.83,10.9,0.524,93.12,-1.3,1.3,0,13.1,0.78,0.299,13,0.828,0.363,8.4,1.143,-1002.1,12.2,15.71,15.7,16.27,12.73,7.56,5.01,100,8462,93.09,14.6
04/29/2025 11:45:00 AM,191.4,0,0,0,2,1.14,3.36,10.7,0.524,93.12,-1.3,1.4,0,13,0.76,0.299,12.9,0.83,0.363,8.4,1.129,-996.3,12.1,15.05,15.17,16.1,12.62,7.57,5.01,100,8469,93.1,14.4
04/29/2025 11:50:00 AM,194,0,0,0,1,1.85,2.57,10.7,0.544,93.13,-1.2,1.2,0,12.9,0.74,0.299,12.7,0.836,0.363,8.5,1.135,-994.5,11.9,14.79,14.67,15.69,12.5,7.57,5.01,100,8471,93.11,14.2
04/29/2025 11:55:00 AM,234.8,0,0,0,327,1.3,4.83,10.2,0.562,93.14,-1.2,1.3,0,12.6,0.68,0.3,12.5,0.836,0.362,8.5,1.131,-990.6,11.7,13.35,13.77,14.37,12.31,7.58,5.01,100,8505,93.11,13.7
04/29/2025 12:00:00 PM,287,0,0,0,342,2.22,3.47,10.2,0.57,93.13,-1.4,1.2,0,12.5,0.68,0.3,12.4,0.89,0.362,8.5,1.085,-992.4,11.6,13.69,13.82,14.43,12.06,7.59,5.01,100,8523,93.11,13.3
04/29/2025 12:05:00 PM,386.2,0,0,0,348,1.85,3.4,10.6,0.56,93.13,-1.1,1.2,0,12.4,0.72,0.3,12.3,0.851,0.362,8.6,1.141,-995.4,11.6,14.48,14.53,15.4,11.96,7.59,5.03,100,8637,93.1,13.3
04/29/2025 12:10:00 PM,656.6,0,0,0,334,2.91,4.7,11.3,0.566,93.11,-1.5,1.3,0,12.9,0.77,0.3,12.4,0.841,0.362,8.6,1.117,-996.8,11.8,16.5,16.5,18.27,12.14,7.6,5,100,8788,93.1,13.6
04/29/2025 12:15:00 PM,778.4,0,0,0,307,3.53,5.6,11.8,0.556,93.11,-1.3,2.3,0,13.8,0.83,0.299,12.8,0.836,0.362,8.7,1.119,-1000.9,12.4,18.47,19.18,21.3,12.75,7.61,5.02,100,8700,93.1,14.3
04/29/2025 12:20:00 PM,501.6,0,0,0,322,2.4,4.18,11.3,0.522,93.12,-1.2,1.3,0,14,0.81,0.299,13.2,0.829,0.362,8.7,1.122,-996.3,12.9,18.3,18.94,20.88,13.25,7.62,5.02,100,8643,93.11,14.9
04/29/2025 12:25:00 PM,621.8,0,0,0,290,3.56,6.34,11.6,0.518,93.12,-0.6,0.4,0,14.3,0.85,0.299,13.5,0.824,0.362,8.7,1.133,-1003.4,13.1,18.5,19.77,21.22,13.36,7.63,5.02,100,8610,93.11,15.3
04/29/2025 12:30:00 PM,499.6,0,0,0,325,3.07,5.45,11.9,0.516,93.13,-1.3,1.8,0,14.4,0.87,0.299,13.7,0.824,0.363,8.8,1.134,-994.7,13.4,18.18,19.23,20.74,13.48,7.63,5.02,100,8597,93.11,15.7
04/29/2025 12:35:00 PM,510.2,0,0,0,290,4.81,10.57,11.7,0.514,93.13,-2,0.6,0,14.5,0.86,0.299,13.8,0.823,0.362,8.8,1.132,-987.4,13.5,17.45,18.62,19.8,13.54,7.64,5.02,100,8614,93.11,15.8
04/29/2025 12:40:00 PM,355.4,0,0,0,274,4.59,6.98,11.7,0.496,93.13,-1.2,1.3,0,14.3,0.88,0.298,13.8,0.827,0.363,8.9,1.122,-983.1,13.4,16.55,17.77,18.61,13.54,7.65,5.02,100,8526,93.11,15.8
04/29/2025 12:45:00 PM,180.6,0,0,0,312,2.32,4.8,11.7,0.494,93.13,-1.6,1.7,0,13.9,0.88,0.298,13.6,0.834,0.363,8.9,1.126,-981.1,13.1,15.57,16.22,17.04,13.42,7.66,5.02,100,8474,93.11,15.6
04/29/2025 12:50:00 PM,173.2,0,0,0,351,3.24,5.79,11.3,0.504,93.15,-1.1,0.8,0,13.6,0.83,0.298,13.3,0.841,0.363,8.9,1.129,-974.1,12.7,14.79,14.79,15.48,13.14,7.66,5.03,100,8462,93.11,15.2
04/29/2025 12:55:00 PM,226.6,0,0,0,26,2.94,5.06,10.8,0.562,93.14,-1.8,1.3,0,13.2,0.73,0.299,13,0.846,0.363,9,1.126,-981.1,12.2,14.19,13.81,14.48,12.79,7.67,5.02,100,8462,93.11,14.7
04/29/2025 01:00:00 PM,256.4,0,0,0,29,1.91,3.13,10.8,0.56,93.14,-1.1,1.3,0,13,0.74,0.299,12.9,0.848,0.363,9,1.129,-977.2,11.9,14.42,14.24,14.94,12.57,7.67,5.02,100,8463,93.12,14.4
04/29/2025 01:05:00 PM,243.4,0,0,0,56,1.79,3.39,10.9,0.544,93.14,-1.2,1,0,12.8,0.76,0.299,13,0.848,0.363,9,1.126,-973.6,11.8,14.86,14.68,15.32,12.5,7.69,5.02,100,8460,93.12,14.3
04/29/2025 01:10:00 PM,285,0,0,0,53,1.82,3.48,10.7,0.566,93.14,-1.1,1.1,0,12.8,0.72,0.298,13,0.849,0.363,9.1,1.126,-973.4,11.8,15.22,14.62,15.3,12.5,7.7,5.01,100,8491,93.12,14.2
04/29/2025 01:15:00 PM,354.8,0,0,0,45,1.57,2.7,11,0.558,93.14,-1.1,1,0,12.9,0.75,0.299,13.1,0.843,0.363,9.1,1.129,-969.8,11.8,16.05,15.4,16.29,12.56,7.7,5.02,100,8550,93.12,14.2
04/29/2025 01:20:00 PM,497.4,0,0,0,134,1.45,2.47,11.3,0.534,93.13,-1.1,1.3,0,13.2,0.8,0.299,13.4,0.838,0.363,9.1,1.126,-976.3,11.9,17.88,17.32,17.93,12.77,7.71,5.03,100,8565,93.11,14.4
04/29/2025 01:25:00 PM,303.6,0,0,0,38,1.38,2.52,11.5,0.526,93.13,-1.2,1.1,0,13.5,0.83,0.299,13.7,0.831,0.363,9.2,1.128,-968.7,12.2,17.88,17.49,18.66,13.13,7.73,5.02,100,8517,93.11,14.8
04/29/2025 01:30:00 PM,332,0,0,0,321,1.99,4.46,11.6,0.522,93.13,-1,1.1,0,13.7,0.84,0.299,13.8,0.833,0.363,9.2,1.126,-967.8,12.4,16.81,17.15,18.36,13.33,7.74,5.03,100,8529,93.1,15
04/29/2025 01:35:00 PM,269.6,0,0,0,296,3.86,6.94,11.8,0.49,93.13,-0.4,1.3,0,13.8,0.89,0.299,13.8,0.831,0.363,9.2,1.12,-954.5,12.3,16.13,16.9,17.7,13.37,7.74,5.02,100,8504,93.1,15
04/29/2025 01:40:00 PM,286.6,0,0,0,273,3.15,5.6,11.9,0.476,93.13,-0.9,1.6,0,13.7,0.91,0.299,13.7,0.836,0.363,9.2,1.133,-957.4,12.2,15.73,16.4,16.87,13.28,7.75,5.04,100,8532,93.1,15
04/29/2025 01:45:00 PM,272.6,0,0,0,261,3.87,7.58,11.9,0.468,93.12,-0.5,2.1,0,13.6,0.93,0.299,13.6,0.842,0.363,9.3,1.12,-954.3,12.1,15.81,16.36,16.78,13.16,7.77,5.05,100,8524,93.1,15
04/29/2025 01:50:00 PM,221.4,0,0,0,288,4.17,9.06,12,0.462,93.13,-1.5,0.8,0,13.6,0.94,0.299,13.6,0.842,0.363,9.3,1.13,-947.1,12.1,15.33,16,16.38,13.1,7.78,5.04,100,8481,93.1,15
04/29/2025 01:55:00 PM,239.6,0,0,0,286,4.36,6.83,12.1,0.464,93.13,-0.7,1.6,0,13.5,0.94,0.299,13.4,0.854,0.363,9.3,1.131,-951.5,11.9,15.1,15.66,15.89,12.98,7.78,5.04,100,8490,93.1,14.8
04/29/2025 02:00:00 PM,310.2,0,0,0,279,4.63,7.88,12.4,0.466,93.13,-0.8,0.9,0,13.6,0.97,0.299,13.3,0.847,0.363,9.3,1.133,-954.1,11.9,15.68,16.27,16.54,12.9,7.8,5.05,100,8528,93.1,14.9
04/29/2025 02:05:00 PM,326.4,0,0,0,276,5.25,7.72,12.1,0.46,93.12,-0.5,1.1,0,13.7,0.95,0.299,13.4,0.852,0.363,9.4,1.128,-960.9,11.9,15.7,16.45,16.75,12.91,7.82,5.04,100,8542,93.1,15
04/29/2025 02:10:00 PM,382.2,0,0,0,298,5.49,7.55,12.5,0.454,93.13,-1.1,0.8,0,13.8,0.99,0.299,13.4,0.84,0.363,9.4,1.128,-949.9,11.9,16.14,16.71,17.14,12.95,7.84,5.03,100,8582,93.11,15
04/29/2025 02:15:00 PM,828,0,0,0,299,4.5,6.44,13.1,0.458,93.12,-1,1.8,0,14.3,1.05,0.299,13.7,0.839,0.363,9.4,1.128,-950.2,12,19.04,18.84,20.03,13.06,7.85,5.06,100,8654,93.1,15.4
04/29/2025 02:20:00 PM,496.6,0,0,0,283,4.65,7.19,13.2,0.46,93.12,-0.9,1.5,0,14.9,1.05,0.299,14.5,0.819,0.363,9.5,1.079,-941,12.4,19.29,20.3,21.4,13.63,7.85,5.05,100,8576,93.1,16.2
04/29/2025 02:25:00 PM,415.2,0,0,0,273,4.61,7.94,12.7,0.456,93.13,-1.1,1.1,0,15,1.01,0.298,14.7,0.818,0.363,9.5,1.082,-937.1,12.7,18.03,19.24,20,13.97,7.86,5.05,100,8589,93.1,16.4
04/29/2025 02:30:00 PM,401.2,0,0,0,270,5.46,9.67,13,0.458,93.13,0.3,0.4,0,15,1.04,0.298,14.7,0.823,0.363,9.5,1.072,-925.3,12.8,17.56,18.72,19.34,14.02,7.87,5.05,100,8541,93.11,16.5
04/29/2025 02:35:00 PM,324,0,0,0,296,5.18,7.91,12.6,0.46,93.14,-1.1,2.1,0,14.9,1,0.298,14.5,0.837,0.363,9.6,1.071,-925.3,12.8,16.66,17.45,18.22,13.97,7.89,5.05,100,8497,93.11,16.4
04/29/2025 02:40:00 PM,327,0,0,0,305,4.92,7.79,12.6,0.456,93.14,-1.1,0.9,0,14.7,1,0.299,14.2,0.832,0.363,9.6,1.027,-913.3,12.7,16.22,16.82,17.48,13.82,7.91,5.05,100,8496,93.11,16.2
04/29/2025 02:45:00 PM,328.8,0,0,0,335,4.14,6.95,12.6,0.45,93.14,-1.3,1.2,0,14.5,1.01,0.299,13.9,0.884,0.363,9.6,1.093,-908.6,12.6,16.61,16.53,17.41,13.62,7.92,5.05,100,8494,93.11,15.9
04/29/2025 02:50:00 PM,345.6,0,0,0,324,2.58,4.98,12.7,0.448,93.13,-1.2,1.4,0,14.5,1.02,0.299,13.8,0.883,0.363,9.6,1.036,-921.9,12.5,17.02,17,17.92,13.54,7.94,5.05,100,8498,93.11,15.8
04/29/2025 02:55:00 PM,324.6,0,0,0,294,4.59,9.47,13,0.452,93.14,-0.8,0.4,0,14.6,1.04,0.299,13.8,0.843,0.363,9.7,1.121,-917.1,12.5,16.94,17.64,18.33,13.58,7.93,5.05,100,8485,93.11,16
04/29/2025 03:00:00 PM,299.4,0,0,0,282,5.04,8.39,13,0.458,93.14,-0.9,1.3,0,14.7,1.04,0.299,13.8,0.851,0.363,9.7,1.131,-908.2,12.6,16.39,17.21,17.69,13.6,7.94,5.05,100,8475,93.11,16
04/29/2025 03:05:00 PM,301,0,0,0,279,4.68,7.1,12.7,0.45,93.14,-1.8,1.2,0,14.6,1.02,0.299,13.7,0.851,0.363,9.7,1.129,-904.5,12.5,16.19,16.99,17.41,13.53,7.96,5.05,100,8473,93.11,15.9
04/29/2025 03:10:00 PM,277.4,0,0,0,270,4.25,5.65,12.9,0.448,93.14,-1.3,0.6,0,14.5,1.04,0.299,13.7,0.849,0.363,9.7,1.129,-900.5,12.5,16.15,16.99,17.38,13.46,7.96,5.05,100,8464,93.11,15.9
04/29/2025 03:15:00 PM,261,0,0,0,293,5.04,7.71,13,0.448,93.14,-0.8,2.1,0,14.5,1.05,0.299,13.7,0.849,0.363,9.8,1.128,-893.7,12.5,16.1,16.71,17.03,13.42,7.97,5.05,100,8472,93.12,15.8
04/29/2025 03:20:00 PM,491.8,0,0,0,297,5.3,9.01,13,0.446,93.14,-1.7,1.2,0,14.5,1.05,0.299,13.6,0.852,0.363,9.8,1.129,-881.9,12.4,17.08,16.95,17.48,13.35,8,5.03,100,8646,93.11,15.7
04/29/2025 03:25:00 PM,445,0,0,0,271,5.48,8.63,13.2,0.44,93.14,-1.1,1.2,0,14.7,1.07,0.299,13.5,0.848,0.363,9.8,1.128,-888.6,12.5,17.9,18.36,19.01,13.47,8.02,5.05,100,8610,93.11,16
04/29/2025 03:30:00 PM,536,0,0,0,303,4.84,8.73,13.7,0.446,93.13,0.2,0.8,0,15,1.12,0.299,13.6,0.849,0.363,9.8,1.126,-883.9,12.7,19.16,18.99,19.88,13.7,8.02,5.04,100,8623,93.11,16.2
04/29/2025 03:35:00 PM,637.4,0,0,0,328,3.68,7.4,14,0.448,93.14,-0.7,0.5,0,15.4,1.15,0.299,13.6,0.851,0.363,9.8,1.124,-883.5,12.9,20.91,19.8,21.02,14.01,8.04,5.05,100,8679,93.11,16.5
04/29/2025 03:40:00 PM,916,0,0,0,313,5.96,9.11,14.5,0.452,93.13,-1.3,1.6,0,16.1,1.19,0.299,13.6,0.851,0.362,9.9,1.119,-881.2,13.1,23.49,21.83,23.34,14.44,8.04,5.06,100,8760,93.11,17
04/29/2025 03:45:00 PM,562.4,0,0,0,312,5.66,8.6,13.7,0.448,93.14,-1.1,0.8,0,16.4,1.12,0.299,13.7,0.839,0.362,9.9,1.124,-872.2,13.5,21.93,21.5,22.94,14.97,8.06,5.07,100,8520,93.11,17.6
04/29/2025 03:50:00 PM,308.6,0,0,0,310,6.1,8.76,13.1,0.438,93.15,0.1,0.9,0,16,1.07,0.299,13.7,0.84,0.363,9.9,1.123,-859.6,13.6,18.31,18.81,19.83,15.11,8.08,5.06,100,8492,93.12,17.4
04/29/2025 03:55:00 PM,303,0,0,0,311,4.17,6.08,13.2,0.436,93.15,-1,0.8,0,15.5,1.08,0.299,13.5,0.85,0.362,9.9,1.127,-857.4,13.4,17.38,17.68,18.46,14.8,8.08,5.07,100,8482,93.12,16.9
04/29/2025 04:00:00 PM,368.8,0,0,0,295,4.72,7.4,13.1,0.434,93.15,-1,0.4,0,15.3,1.07,0.299,13.4,0.856,0.362,10,1.124,-852.3,13.2,17.33,17.61,18.26,14.5,8.09,5.06,100,8516,93.12,16.7
04/29/2025 04:05:00 PM,353,0,0,0,284,4.54,6.77,13.1,0.434,93.15,-1.1,1.4,0,15.2,1.08,0.299,13.4,0.856,0.362,10,1.113,-842.7,13.1,17.47,17.84,18.5,14.38,8.11,5.07,100,8498,93.11,16.6
04/29/2025 04:10:00 PM,329.4,0,0,0,289,4.46,8.99,13.3,0.428,93.14,-0.8,0.7,0,15.1,1.1,0.299,13.4,0.856,0.363,10,1.118,-840.2,13.1,17.33,17.81,18.46,14.34,8.11,5.06,100,8482,93.11,16.6
04/29/2025 04:15:00 PM,293,0,0,0,296,4.62,6.92,13.4,0.43,93.14,-1.8,1.3,0,15.1,1.11,0.299,13.4,0.854,0.362,10,1.124,-838.3,13.1,17.08,17.54,18.22,14.29,8.13,5.06,100,8471,93.11,16.5
04/29/2025 04:20:00 PM,292.2,0,0,0,319,3.88,6.98,13.6,0.432,93.14,-1.3,0.8,0,15,1.13,0.299,13.4,0.856,0.362,10.1,1.121,-841.8,13,17.36,17.45,18.21,14.2,8.14,5.05,100,8469,93.11,16.5
04/29/2025 04:25:00 PM,286.2,0,0,0,292,5.23,8.4,13.4,0.426,93.15,-0.3,2.1,0,15,1.11,0.299,13.4,0.856,0.362,10.1,1.118,-839.6,13,16.87,17.25,17.85,14.12,8.14,5.05,100,8462,93.11,16.4
04/29/2025 04:30:00 PM,285.8,0,0,0,282,5.53,8.55,13.4,0.42,93.14,-1.7,1.4,0,15,1.12,0.299,13.4,0.856,0.362,10.1,1.123,-828.7,12.9,16.61,17.09,17.6,14.05,8.18,5.06,100,8466,93.11,16.3
04/29/2025 04:35:00 PM,271.6,0,0,0,299,4.3,6.16,13.5,0.426,93.15,-1.3,0.9,0,15,1.12,0.299,13.3,0.856,0.362,10.1,1.121,-825.3,12.9,16.79,17.01,17.56,13.97,8.18,5.06,100,8470,93.11,16.2
04/29/2025 04:40:00 PM,314.6,0,0,0,287,4.76,7.67,13.6,0.422,93.14,-1.1,0.5,0,15,1.13,0.299,13.3,0.852,0.362,10.1,1.126,-819,12.8,17.27,17.34,17.89,13.92,8.19,5.07,100,8488,93.11,16.2
04/29/2025 04:45:00 PM,340,0,0,0,307,5.86,10.5,13.6,0.42,93.14,-0.5,0.5,0,15,1.14,0.299,13.2,0.857,0.362,10.1,1.126,-814.5,12.8,17.4,17.46,17.95,13.95,8.2,5.07,100,8504,93.11,16.2
04/29/2025 04:50:00 PM,542.8,0,0,0,312,5.15,9.83,14.1,0.424,93.14,-1.6,1.6,0,15.2,1.19,0.299,13.2,0.861,0.362,10.2,1.123,-817.7,12.8,19.36,18.34,19.02,13.98,8.21,5.07,100,8568,93.11,16.2
04/29/2025 04:55:00 PM,238,0,0,0,303,5.91,9.54,13.6,0.426,93.15,-0.8,1.5,0,15.4,1.13,0.299,13.3,0.855,0.362,10.2,1.128,-809.1,12.8,18.12,18.32,19.03,14.17,8.23,5.06,100,8461,93.12,16.4
04/29/2025 05:00:00 PM,171.8,0,0,0,323,4.77,6.83,13.5,0.42,93.15,-0.9,1.8,0,15.2,1.12,0.299,13.2,0.865,0.362,10.2,1.131,-809.3,12.8,16.66,16.61,17.21,14.13,8.25,5.06,100,8444,93.12,16.1
04/29/2025 05:05:00 PM,160.4,0,0,0,330,3.84,5.61,13.2,0.414,93.16,-1,0.8,0,14.8,1.11,0.299,12.9,0.87,0.362,10.2,1.128,-815.4,12.6,15.92,15.67,15.99,13.9,8.26,5.07,100,8439,93.12,15.7
04/29/2025 05:10:00 PM,187.4,0,0,0,314,3.66,6.43,13.4,0.418,93.16,-0.8,1.1,0,14.5,1.12,0.299,12.8,0.875,0.362,10.2,1.126,-806.3,12.4,15.74,15.67,15.91,13.62,8.28,5.06,100,8441,93.12,15.5
04/29/2025 05:15:00 PM,197.4,0,0,0,307,5.22,9.43,13.4,0.422,93.16,-1.7,1.1,0,14.5,1.12,0.299,12.7,0.872,0.362,10.2,1.129,-806.9,12.4,15.63,15.75,15.97,13.48,8.28,5.07,100,8436,93.13,15.4
04/29/2025 05:20:00 PM,193.6,0,0,0,299,6.44,8.86,13.2,0.42,93.16,-0.6,0.1,0,14.4,1.1,0.299,12.7,0.871,0.362,10.3,1.126,-800.9,12.3,15.32,15.52,15.71,13.39,8.28,5.07,100,8431,93.13,15.3
04/29/2025 05:25:00 PM,217.2,0,0,0,309,5.5,7.37,13.4,0.424,93.16,-1.7,0.1,0,14.3,1.11,0.299,12.7,0.873,0.362,10.3,1.126,-798.7,12.2,15.49,15.58,15.78,13.3,8.32,5.07,100,8437,93.13,15.2
04/29/2025 05:30:00 PM,196.8,0,0,0,298,5.09,7.75,13.2,0.424,93.17,-0.9,1.2,0,14.3,1.1,0.299,12.7,0.875,0.362,10.3,1.128,-798.7,12.2,15.44,15.63,15.82,13.25,8.33,5.07,100,8428,93.13,15.1
04/29/2025 05:35:00 PM,188.4,0,0,0,316,5.04,6.94,13.2,0.424,93.17,-0.2,1.4,0,14.3,1.09,0.299,12.6,0.875,0.362,10.3,1.128,-801.3,12.2,15.31,15.4,15.63,13.18,8.34,5.07,100,8429,93.13,15
04/29/2025 05:40:00 PM,167.6,0,0,0,303,4.81,7.8,13.1,0.42,93.16,-1.5,1.1,0,14.1,1.09,0.299,12.6,0.875,0.362,10.3,1.128,-800.2,12.1,14.93,15.11,15.35,13.11,8.36,5.07,100,8422,93.13,14.9
04/29/2025 05:45:00 PM,138.6,0,0,0,296,4.68,7.83,13.1,0.424,93.17,-0.7,0.5,0,14,1.08,0.299,12.5,0.877,0.362,10.3,1.128,-805.9,12.1,14.63,14.92,15.12,13.01,8.36,5.08,100,8419,93.14,14.8
04/29/2025 05:50:00 PM,122.2,0,0,0,280,5.77,8.68,13,0.42,93.17,-0.7,1.6,0,13.9,1.08,0.299,12.5,0.877,0.362,10.3,1.126,-800.4,12,14.29,14.61,14.7,12.93,8.37,5.07,100,8412,93.14,14.6
04/29/2025 05:55:00 PM,110.2,0,0,0,292,6.3,8.9,12.9,0.418,93.18,-1.1,1.7,0,13.8,1.07,0.299,12.4,0.877,0.362,10.3,1.131,-803.5,11.9,13.99,14.25,14.29,12.8,8.42,5.09,100,8410,93.14,14.5
04/29/2025 06:00:00 PM,119.2,0,0,0,310,4.69,6.73,13,0.422,93.18,-0.4,0.9,0,13.7,1.07,0.299,12.4,0.878,0.362,10.3,1.128,-800.6,11.9,14.09,14.15,14.23,12.65,8.42,5.08,100,8409,93.14,14.3
04/29/2025 06:05:00 PM,124.4,0,0,0,291,4.15,7.38,13,0.418,93.17,-1.4,0.6,0,13.6,1.08,0.299,12.3,0.882,0.362,10.3,1.128,-800,11.8,14.16,14.32,14.34,12.58,8.44,5.08,100,8409,93.14,14.2
04/29/2025 06:10:00 PM,123.6,0,0,0,288,5,7.13,13,0.42,93.17,-1.5,1.5,0,13.5,1.08,0.299,12.2,0.88,0.362,10.3,1.131,-797.4,11.8,14.11,14.32,14.33,12.53,8.46,5.08,100,8407,93.14,14.2
04/29/2025 06:15:00 PM,113.4,0,0,0,294,6.46,8.74,12.8,0.422,93.17,-2.8,2.2,0,13.5,1.06,0.299,12.2,0.88,0.362,10.3,1.128,-796.5,11.7,13.82,14.01,14.07,12.47,8.48,5.08,100,8403,93.14,14.1
04/29/2025 06:20:00 PM,102.8,0,0,0,286,6.71,10.05,12.8,0.422,93.17,0,0.3,0,13.4,1.06,0.299,12.2,0.88,0.362,10.3,1.11,-790.3,11.7,13.59,13.78,13.83,12.4,8.49,5.08,100,8403,93.13,14
04/29/2025 06:25:00 PM,93,0,0,0,290,6.78,9.79,12.8,0.42,93.17,0.3,1.3,0,13.3,1.05,0.299,12.1,0.882,0.362,10.3,1.068,-793.2,11.6,13.44,13.59,13.61,12.31,8.49,5.09,100,8394,93.14,13.9
04/29/2025 06:30:00 PM,82.6,0,0,0,287,6.8,8.72,12.7,0.428,93.17,-0.5,0.5,0,13.2,1.04,0.299,12,0.883,0.362,10.3,1.076,-793.4,11.5,13.26,13.35,13.37,12.2,8.51,5.08,100,8394,93.14,13.7
04/29/2025 06:35:00 PM,78.2,0,0,0,291,5.59,8.37,12.6,0.43,93.17,-1.1,0.4,0,13.1,1.03,0.299,12,0.885,0.362,10.3,1.08,-801.5,11.5,13.19,13.26,13.26,12.11,8.52,5.09,100,8390,93.14,13.6
04/29/2025 06:40:00 PM,75.8,0,0,0,287,5.32,7.87,12.6,0.43,93.17,-1,1.6,0,13.1,1.03,0.299,11.9,0.883,0.362,10.2,1.081,-799.1,11.4,13.14,13.19,13.17,12.02,8.54,5.08,100,8391,93.14,13.5
04/29/2025 06:45:00 PM,73.4,0,0,0,296,5.66,9.11,12.6,0.43,93.18,-2.6,1.5,0,12.9,1.03,0.299,11.8,0.884,0.362,10.2,1.076,-803.1,11.3,13.07,13.11,13.08,11.95,8.55,5.08,100,8388,93.14,13.4
04/29/2025 06:50:00 PM,66.4,0,0,0,291,5.6,8,12.5,0.428,93.18,-1.6,0.8,0,12.9,1.02,0.299,11.8,0.884,0.362,10.2,1.061,-799.5,11.3,12.98,13.03,12.99,11.89,8.55,5.08,100,8385,93.15,13.3
04/29/2025 06:55:00 PM,58.8,0,0,0,294,5.62,10.03,12.5,0.428,93.18,-0.5,0.7,0,12.9,1.02,0.299,11.7,0.888,0.362,10.2,1.066,-797.4,11.2,12.9,12.93,12.87,11.8,8.57,5.09,100,8380,93.15,13.2
04/29/2025 07:00:00 PM,57.8,0,0,0,297,5.2,8.06,12.5,0.428,93.18,-1.4,1.2,0,12.8,1.02,0.299,11.6,0.888,0.362,10.2,1.073,-799.6,11.2,12.83,12.82,12.78,11.71,8.58,5.08,100,8379,93.15,13.1
04/29/2025 07:05:00 PM,56.2,0,0,0,293,6.55,9.88,12.5,0.422,93.18,-2.2,1,0,12.7,1.02,0.299,11.6,0.888,0.362,10.2,1.073,-803.3,11.1,12.78,12.72,12.7,11.65,8.59,5.08,100,8378,93.15,13.1
04/29/2025 07:10:00 PM,62.6,0,0,0,300,5.2,7.65,12.4,0.43,93.19,-1.3,1.6,0,12.7,1.01,0.299,11.5,0.889,0.362,10.2,1.073,-803,11,12.78,12.71,12.67,11.59,8.6,5.08,100,8375,93.15,13
04/29/2025 07:15:00 PM,59.6,0,0,0,292,5.71,10,12.4,0.426,93.19,-1.6,0,0,12.7,1.01,0.299,11.5,0.889,0.362,10.2,1.073,-801.1,11,12.75,12.71,12.66,11.55,8.61,5.1,100,8375,93.16,13
04/29/2025 07:20:00 PM,61.4,0,0,0,290,5.12,7.74,12.4,0.426,93.2,0.4,1,0,12.6,1.01,0.299,11.4,0.889,0.362,10.1,1.071,-790.1,10.9,12.8,12.65,12.59,11.51,8.62,5.09,100,8372,93.16,12.9
04/29/2025 07:25:00 PM,129.2,0,0,0,286,4.82,7.29,12.5,0.43,93.2,-0.9,0.4,0,12.8,1.02,0.299,11.4,0.891,0.362,10.1,1.066,-793,10.9,14.7,13.56,13.44,11.48,8.62,5.08,100,8373,93.17,13
04/29/2025 07:30:00 PM,73.2,0,0,0,295,4.52,8.16,12.4,0.428,93.2,-0.7,0.5,0,12.8,1.01,0.299,11.4,0.891,0.362,10.1,1.074,-794,10.9,13.99,13.73,13.7,11.56,8.63,5.08,100,8368,93.17,13.1
04/29/2025 07:35:00 PM,59.8,0,0,0,298,5.49,7.92,12.3,0.428,93.21,-1.2,0.9,0,12.7,1,0.299,11.4,0.889,0.362,10.1,1.074,-799.6,10.9,13.03,13,12.93,11.56,8.66,5.08,100,8369,93.17,13
04/29/2025 07:40:00 PM,54.4,0,0,0,291,5.52,7.38,12.3,0.42,93.21,-0.6,1.4,0,12.7,1.01,0.299,11.3,0.887,0.362,10.1,1.076,-790.9,10.9,12.71,12.64,12.55,11.46,8.66,5.07,100,8367,93.18,12.8
04/29/2025 07:45:00 PM,55.4,0,0,0,300,4.84,8.23,12.2,0.42,93.21,-0.3,1.1,0,12.6,1,0.299,11.3,0.887,0.362,10.1,1.081,-791.8,10.8,12.66,12.51,12.34,11.36,8.66,5.08,100,8366,93.18,12.7
04/29/2025 07:50:00 PM,94,0,0,0,294,4.63,7.08,12.4,0.422,93.21,-1.6,1.2,0,12.6,1.02,0.299,11.2,0.888,0.362,10.1,1.076,-798.2,10.8,12.86,12.75,12.78,11.28,8.67,5.09,100,8365,93.18,12.7
04/29/2025 07:55:00 PM,86.4,0,0,0,303,5.06,6.8,12.4,0.42,93.21,-1.6,0.9,0,12.6,1.02,0.299,11.2,0.884,0.362,10.1,1.078,-797.6,10.8,13.3,13.02,13.1,11.32,8.68,5.09,100,8363,93.18,12.7
04/29/2025 08:00:00 PM,53.8,0,0,0,299,4.23,6.69,12.2,0.42,93.21,-1,1.2,0,12.6,1,0.299,11.2,0.89,0.362,10.1,1.076,-797.3,10.7,12.95,12.9,12.97,11.31,8.68,5.09,100,8360,93.18,12.7
04/29/2025 08:05:00 PM,31.8,0,0,0,297,3.52,5.68,12,0.418,93.22,-1,0.6,0,12.5,0.98,0.299,11.1,0.888,0.362,10,1.077,-796.2,10.7,12.16,12.06,12.06,11.22,8.69,5.1,100,8361,93.18,12.5
04/29/2025 08:10:00 PM,25.2,0,0,0,290,3.46,4.91,11.8,0.416,93.22,-1.4,1.3,0,12.4,0.97,0.299,10.9,0.891,0.362,10,1.082,-794,10.5,11.63,11.49,11.35,11.05,8.71,5.1,100,8361,93.19,12.2
04/29/2025 08:15:00 PM,19.2,0,0,0,285,4.39,7.29,11.5,0.42,93.23,-0.8,1.2,0,12.1,0.94,0.299,10.8,0.897,0.362,10,1.081,-789.8,10.4,11.17,11,10.75,10.87,8.72,5.09,100,8357,93.19,11.9
04/29/2025 08:20:00 PM,15.8,0,0,0,289,4.58,8.93,11.3,0.42,93.23,0,2,0,11.9,0.92,0.299,10.6,0.898,0.362,10,1.079,-789.8,10.3,10.86,10.65,10.38,10.67,8.73,5.09,100,8355,93.2,11.7
04/29/2025 08:25:00 PM,11.6,0,0,0,287,4.78,7.7,11.1,0.42,93.24,-1.5,0.8,0,11.6,0.9,0.299,10.4,0.905,0.362,10,1.082,-802.6,10.1,10.51,10.26,9.89,10.51,8.73,5.09,100,8355,93.2,11.4
04/29/2025 08:30:00 PM,9,0,0,0,287,4.63,7.43,11,0.42,93.24,-0.5,0.8,0,11.3,0.89,0.299,10.3,0.905,0.362,9.9,1.075,-797.4,10,10.4,10.11,9.75,10.32,8.73,5.09,100,8355,93.21,11.1
04/29/2025 08:35:00 PM,6.2,0,0,0,293,4.77,7.14,11,0.42,93.25,-1.5,0.5,0,11.1,0.89,0.3,10.2,0.91,0.362,9.9,1.077,-794.9,9.9,10.3,9.99,9.65,10.21,8.74,5.09,100,8355,93.21,11
04/29/2025 08:40:00 PM,4.4,0,0,0,291,4.79,8.07,10.9,0.42,93.25,-1.7,0.5,0,11,0.89,0.3,10.1,0.91,0.362,9.9,1.075,-789,9.8,10.23,9.92,9.57,10.09,8.75,5.09,100,8355,93.22,10.8
04/29/2025 08:45:00 PM,2.6,0,0,0,295,4.22,7.68,10.7,0.42,93.26,-1.4,1.1,0,10.8,0.87,0.3,10,0.91,0.362,9.9,1.074,-789.9,9.7,10.06,9.78,9.43,10.01,8.75,5.09,100,8354,93.22,10.7
04/29/2025 08:50:00 PM,1.2,0,0,0,290,4.05,5.9,10.7,0.42,93.26,-1.2,0.8,0,10.7,0.86,0.3,9.9,0.913,0.362,9.8,1.067,-798,9.6,9.83,9.51,9.11,9.88,8.76,5.08,100,8350,93.23,10.4
04/29/2025 08:55:00 PM,0.4,0,0,0,290,4.12,9.5,10.5,0.422,93.27,-1.7,0.9,0,10.5,0.85,0.3,9.8,0.915,0.362,9.8,1.07,-798.4,9.5,9.62,9.29,8.89,9.77,8.75,5.08,100,8352,93.24,10.2
04/29/2025 09:00:00 PM,0,0,0,0,290,4.35,7.48,10.4,0.42,93.28,-1.3,1,0,10.4,0.84,0.3,9.7,0.916,0.362,9.8,1.08,-799.5,9.4,9.44,9.06,8.66,9.64,8.76,5.09,100,8350,93.25,10
04/29/2025 09:05:00 PM,0,0,0,0,289,3.98,6.51,10.2,0.426,93.29,-1.6,1.4,0,10.3,0.82,0.3,9.6,0.918,0.362,9.8,1.073,-799.1,9.4,9.29,8.94,8.52,9.55,8.76,5.1,100,8352,93.25,9.8
04/29/2025 09:10:00 PM,0,0,0,0,295,4.53,8.58,10.3,0.424,93.29,-1.2,0.6,0,10.1,0.83,0.3,9.5,0.92,0.362,9.7,1.08,-794.1,9.3,9.33,8.95,8.55,9.43,8.76,5.09,100,8351,93.26,9.7
04/29/2025 09:15:00 PM,0,0,0,0,294,3.67,5.45,10.2,0.426,93.3,-1.2,1.1,0,10,0.81,0.3,9.4,0.921,0.362,9.7,1.08,-796.7,9.2,9.2,8.87,8.46,9.35,8.77,5.1,100,8348,93.26,9.6
04/29/2025 09:20:00 PM,0,0,0,0,298,3.18,4.7,9.9,0.43,93.3,-1.1,1.4,0,10,0.79,0.3,9.3,0.921,0.362,9.7,1.08,-796.2,9.1,8.9,8.57,8.19,9.27,8.77,5.11,100,8349,93.27,9.4
04/29/2025 09:25:00 PM,0,0,0,0,300,3.18,5.66,9.8,0.43,93.3,-1.3,0.9,0,9.8,0.78,0.3,9.3,0.921,0.362,9.6,1.078,-802,9,8.7,8.33,7.9,9.17,8.78,5.1,100,8345,93.27,9.3
04/29/2025 09:30:00 PM,0,0,0,0,298,3.51,5.64,9.9,0.43,93.3,-0.8,1.1,0,9.7,0.79,0.3,9.2,0.923,0.362,9.6,1.078,-805.9,9,8.75,8.33,7.89,9.07,8.78,5.1,100,8345,93.27,9.1
04/29/2025 09:35:00 PM,0,0,0,0,304,2.3,3.02,9.5,0.43,93.31,-1.1,1,0,9.5,0.76,0.3,9.1,0.924,0.362,9.6,1.08,-801.3,8.9,8.35,7.97,7.51,8.98,8.78,5.1,100,8344,93.27,8.9
04/29/2025 09:40:00 PM,0,0,0,0,301,2.25,3.75,9.5,0.43,93.31,-1.3,1.1,0,9.4,0.75,0.3,9,0.926,0.362,9.6,1.078,-801.1,8.8,8.02,7.64,7.19,8.84,8.79,5.09,100,8343,93.27,8.7
04/29/2025 09:45:00 PM,0,0,0,0,303,1.65,2.26,9,0.426,93.3,-1.3,1.2,0,9.2,0.72,0.3,8.9,0.929,0.362,9.5,1.081,-796.5,8.7,7.29,6.97,6.55,8.71,8.8,5.1,100,8343,93.27,8.4
04/29/2025 09:50:00 PM,0,0,0,0,290,2.24,3.88,9,0.43,93.31,-1.1,1.4,0,8.9,0.71,0.3,8.7,0.929,0.362,9.5,1.081,-794.3,8.6,7.06,6.57,6.15,8.56,8.8,5.1,100,8342,93.27,8
04/29/2025 09:55:00 PM,0,0,0,0,290,2.1,3.38,8.9,0.43,93.31,-1,1,0,8.7,0.71,0.3,8.6,0.931,0.362,9.4,1.079,-798.4,8.5,7.18,6.63,6.2,8.4,8.81,5.09,100,8342,93.27,7.7
04/29/2025 10:00:00 PM,0,0,0,0,291,2.1,3.69,8.8,0.43,93.31,-1.4,1.4,0,8.5,0.7,0.3,8.5,0.934,0.362,9.4,1.079,-800.2,8.4,7.04,6.52,6.05,8.3,8.81,5.1,100,8342,93.27,7.5
04/29/2025 10:05:00 PM,0,0,0,0,296,2.47,4.13,8.9,0.43,93.31,-1.4,1.3,0,8.5,0.71,0.3,8.4,0.934,0.362,9.4,1.078,-794.9,8.3,7.24,6.72,6.21,8.22,8.82,5.1,100,8342,93.27,7.4
04/29/2025 10:10:00 PM,0,0,0,0,292,2.57,3.67,8.8,0.43,93.31,-1.3,1.1,0,8.4,0.7,0.3,8.4,0.932,0.362,9.3,1.079,-789.2,8.3,7.33,6.8,6.3,8.16,8.81,5.1,100,8340,93.28,7.4
04/29/2025 10:15:00 PM,0,0,0,0,293,2.31,3.07,8.6,0.43,93.31,-1,1.1,0,8.3,0.69,0.301,8.3,0.932,0.362,9.3,1.079,-788.7,8.2,7,6.5,6.04,8.1,8.81,5.09,100,8339,93.27,7.2
04/29/2025 10:20:00 PM,0,0,0,0,292,2.34,3.38,8.5,0.43,93.31,-1.5,1.1,0,8.2,0.68,0.3,8.2,0.935,0.362,9.3,1.076,-790.5,8.1,6.88,6.39,5.89,8,8.82,5.1,100,8339,93.28,7.1
04/29/2025 10:25:00 PM,0,0,0,0,295,2.3,3.61,8.5,0.43,93.31,-1.4,1.3,0,8.1,0.68,0.301,8.2,0.93,0.362,9.2,1.079,-791.8,8.1,6.74,6.23,5.76,7.9,8.83,5.1,100,8339,93.27,6.9
04/29/2025 10:30:00 PM,0,0,0,0,290,1.99,2.62,8.2,0.43,93.31,-1.3,1.3,0,8,0.66,0.301,8.1,0.927,0.362,9.2,1.079,-791.4,8,6.51,6.05,5.58,7.83,8.82,5.1,100,8338,93.27,6.8
04/29/2025 10:35:00 PM,0,0,0,0,295,1.89,2.74,8.2,0.43,93.31,-1.5,1.1,0,7.8,0.65,0.301,8,0.927,0.362,9.2,1.079,-787,7.9,6.26,5.78,5.31,7.73,8.82,5.1,100,8335,93.27,6.6
04/29/2025 10:40:00 PM,0,0,0,0,315,1.59,2.26,8.1,0.43,93.31,-1.5,1.2,0,7.7,0.65,0.301,8,0.933,0.363,9.1,1.076,-784.1,7.9,5.97,5.59,5.15,7.64,8.83,5.1,100,8336,93.27,6.5
04/29/2025 10:45:00 PM,0,0,0,0,328,1.55,2.47,8.2,0.43,93.31,-1.4,1.1,0,7.6,0.66,0.301,7.9,0.938,0.362,9.1,1.079,-780.7,7.8,5.9,5.58,5.16,7.56,8.82,5.11,100,8336,93.27,6.4
04/29/2025 10:50:00 PM,0,0,0,0,339,1.22,2.21,8.1,0.43,93.31,-1.4,1.1,0,7.6,0.65,0.301,7.9,0.934,0.362,9.1,1.074,-782.2,7.7,5.8,5.6,5.12,7.45,8.83,5.1,100,8333,93.28,6.4
04/29/2025 10:55:00 PM,0,0,0,0,335,1.13,1.73,8,0.43,93.32,-1.5,1.1,0,7.5,0.64,0.301,7.9,0.937,0.363,9,1.077,-783.6,7.7,5.98,5.74,5.29,7.41,8.82,5.1,100,8334,93.28,6.4
04/29/2025 11:00:00 PM,0,0,0,0,335,0.92,1.75,7.9,0.43,93.32,-1.3,1.1,0,7.4,0.63,0.301,7.9,0.935,0.362,9,1.078,-786,7.7,6.16,5.96,5.53,7.38,8.83,5.1,100,8334,93.28,6.4
04/29/2025 11:05:00 PM,0,0,0,0,333,0.98,2.15,7.9,0.43,93.31,-1.5,1.2,0,7.4,0.64,0.301,7.9,0.933,0.363,9,1.075,-782.5,7.7,6.32,6.11,5.78,7.41,8.81,5.1,100,8333,93.28,6.4
04/29/2025 11:10:00 PM,0,0,0,0,320,1.33,3.17,8,0.432,93.32,-1.4,1,0,7.4,0.64,0.301,8,0.933,0.363,8.9,1.077,-775,7.7,6.57,6.35,6.05,7.44,8.81,5.1,100,8334,93.28,6.5
04/29/2025 11:15:00 PM,0,0,0,0,335,1.34,2.47,7.9,0.438,93.32,-1.4,1,0,7.4,0.63,0.301,8,0.931,0.362,8.9,1.075,-773.4,7.8,6.71,6.49,6.24,7.49,8.81,5.1,100,8333,93.29,6.6
04/29/2025 11:20:00 PM,0,0,0,0,323,1.19,2.48,8,0.44,93.32,-1.3,1.1,0,7.5,0.63,0.301,8,0.929,0.363,8.9,1.073,-768.1,7.8,6.8,6.62,6.4,7.56,8.8,5.11,100,8333,93.29,6.7
04/29/2025 11:25:00 PM,0,0,0,0,315,1.34,3.03,8.1,0.444,93.32,-1.5,1.2,0,7.5,0.63,0.301,8.1,0.926,0.363,8.8,1.073,-768.6,7.8,7.06,6.81,6.56,7.59,8.81,5.12,100,8331,93.29,6.8
04/29/2025 11:30:00 PM,0,0,0,0,310,1.61,2.6,8.4,0.448,93.32,-1.4,1.1,0,7.6,0.65,0.301,8.1,0.924,0.363,8.8,1.075,-762.1,7.8,7.47,7.16,6.93,7.63,8.79,5.11,100,8330,93.29,7
04/29/2025 11:35:00 PM,0,0,0,0,299,2.73,4.71,8.8,0.45,93.33,-1.4,1.4,0,7.8,0.69,0.301,8.1,0.926,0.363,8.8,1.075,-755.4,7.8,7.99,7.62,7.35,7.68,8.79,5.11,100,8333,93.3,7.2
04/29/2025 11:40:00 PM,0,0,0,0,299,2.2,3.71,8.9,0.452,93.33,-1.2,0.8,0,8,0.69,0.301,8.2,0.921,0.363,8.8,1.078,-757.5,7.9,8.28,7.94,7.67,7.75,8.78,5.1,100,8330,93.3,7.4
04/29/2025 11:45:00 PM,0,0,0,0,290,2.42,4.15,9,0.45,93.33,-1.2,1.2,0,8.3,0.69,0.301,8.2,0.923,0.363,8.7,1.073,-750.4,7.9,8.3,7.98,7.73,7.81,8.78,5.1,100,8329,93.3,7.6
04/29/2025 11:50:00 PM,0,0,0,0,296,2.29,3.74,8.9,0.452,93.33,-1,1.2,0,8.4,0.68,0.301,8.2,0.921,0.363,8.7,1.071,-747.1,7.9,8.3,7.99,7.69,7.82,8.79,5.1,100,8329,93.3,7.7
04/29/2025 11:55:00 PM,0,0,0,0,290,2.48,3.69,9,0.454,93.33,-1.3,1,0,8.5,0.69,0.301,8.2,0.921,0.363,8.7,1.071,-749.5,7.9,8.35,8.05,7.74,7.85,8.77,5.12,100,8330,93.3,7.8
04/30/2025 12:00:00 AM,0,0,0,0,298,2.34,3.73,9,0.45,93.32,-1.1,1.1,0,8.5,0.69,0.301,8.2,0.919,0.363,8.7,1.073,-749,7.9,8.4,8.13,7.8,7.86,8.76,5.12,100,8328,93.29,7.8
04/30/2025 12:05:00 AM,0,0,0,0,293,2.79,4.71,9.1,0.45,93.33,-1.3,1.5,0,8.6,0.7,0.301,8.3,0.917,0.363,8.7,1.091,-739.3,7.9,8.52,8.21,7.95,7.88,8.77,5.11,100,8260,93.29,8
04/30/2025 12:10:00 AM,0,0,0,0,292,3.26,4.94,9.1,0.45,93.32,-1.6,1.3,0,8.7,0.71,0.301,8.3,0.917,0.363,8.6,1.078,-748.5,7.9,8.57,8.27,7.99,7.89,8.76,5.12,100,8250,93.3,8.2
04/30/2025 12:15:00 AM,0,0,0,0,286,3.07,4.35,9,0.45,93.33,-1.6,0.7,0,8.8,0.7,0.301,8.3,0.919,0.363,8.6,1.079,-736.9,7.9,8.52,8.24,7.97,7.91,8.76,5.11,100,8241,93.29,8.3
04/30/2025 12:20:00 AM,0,0,0,0,286,3.15,4.95,9,0.454,93.33,-1.3,1,0,8.8,0.69,0.301,8.3,0.919,0.363,8.6,1.079,-738.4,7.9,8.4,8.11,7.82,7.92,8.76,5.12,100,8306,93.3,8.3
04/30/2025 12:25:00 AM,0,0,0,0,291,2.89,4.1,9,0.452,93.34,-1.5,1.2,0,8.8,0.69,0.301,8.3,0.915,0.363,8.6,1.076,-737.4,7.9,8.4,8.1,7.78,7.9,8.75,5.13,100,8308,93.31,8.2
04/30/2025 12:30:00 AM,0,0,0,0,286,3.34,5.27,9,0.45,93.34,-1.2,1.4,0,8.8,0.7,0.301,8.3,0.915,0.363,8.6,1.076,-729.1,7.9,8.41,8.1,7.77,7.88,8.75,5.12,100,8309,93.31,8.2
04/30/2025 12:35:00 AM,0,0,0,0,289,3.33,5.4,8.9,0.45,93.34,-0.7,1.1,0,8.7,0.69,0.301,8.2,0.917,0.363,8.6,1.078,-725.8,7.9,8.36,8.01,7.7,7.87,8.74,5.12,100,8308,93.31,8.2
04/30/2025 12:40:00 AM,0,0,0,0,291,3.55,5.21,9,0.45,93.34,-1.1,1.4,0,8.8,0.7,0.301,8.2,0.915,0.363,8.5,1.076,-718.9,7.9,8.39,8.04,7.71,7.86,8.73,5.13,100,8308,93.31,8.2
04/30/2025 12:45:00 AM,0,0,0,0,294,2.71,4.03,8.8,0.448,93.34,-1,1,0,8.7,0.68,0.301,8.2,0.917,0.363,8.5,1.074,-709.7,7.8,8.13,7.81,7.47,7.83,8.73,5.13,100,8308,93.31,8.1
04/30/2025 12:50:00 AM,0,0,0,0,290,2.98,4.34,8.6,0.446,93.34,-1.3,1.3,0,8.6,0.67,0.301,8.1,0.92,0.363,8.5,1.069,-712.4,7.8,7.72,7.4,7.05,7.76,8.72,5.14,100,8308,93.31,8
04/30/2025 12:55:00 AM,0,0,0,0,297,2.64,4.51,8.3,0.442,93.34,-1.4,1.2,0,8.4,0.65,0.301,8,0.924,0.363,8.5,1.076,-711.7,7.7,7.34,7.01,6.6,7.67,8.73,5.12,100,8309,93.3,7.8
04/30/2025 01:00:00 AM,0,0,0,0,294,2.58,4.23,8.3,0.442,93.33,-1.1,1,0,8.3,0.65,0.301,7.9,0.923,0.363,8.5,1.076,-708.3,7.6,7.13,6.72,6.31,7.54,8.71,5.12,100,8310,93.3,7.5
04/30/2025 01:05:00 AM,0,0,0,0,284,3.24,4.66,8.1,0.44,93.33,-1.3,1.1,0,8,0.64,0.301,7.8,0.925,0.363,8.4,1.074,-701.3,7.5,6.96,6.5,6.09,7.41,8.71,5.12,100,8308,93.3,7.3
04/30/2025 01:10:00 AM,0,0,0,0,285,3.65,6.51,8.1,0.44,93.33,-1.4,1.3,0,7.9,0.64,0.301,7.7,0.926,0.363,8.4,1.074,-702.3,7.4,6.87,6.38,5.96,7.32,8.7,5.12,100,8308,93.3,7.1
04/30/2025 01:15:00 AM,0,0,0,0,284,3.35,4.74,8,0.44,93.33,-1.3,1,0,7.8,0.63,0.301,7.6,0.928,0.363,8.4,1.074,-699.8,7.4,6.83,6.36,5.93,7.23,8.69,5.14,100,8308,93.29,7
04/30/2025 01:20:00 AM,0,0,0,0,282,3.57,5.51,7.8,0.44,93.32,-1.3,1.4,0,7.7,0.62,0.301,7.5,0.933,0.363,8.4,1.074,-697.9,7.3,6.63,6.15,5.71,7.15,8.68,5.12,100,8308,93.29,6.8
04/30/2025 01:25:00 AM,0,0,0,0,281,3.3,5.22,7.8,0.44,93.32,-1.5,1.5,0,7.5,0.61,0.301,7.5,0.933,0.363,8.4,1.074,-689.3,7.2,6.52,6.01,5.58,7.06,8.68,5.14,100,8305,93.29,6.7
04/30/2025 01:30:00 AM,0,0,0,0,275,2.98,5.2,7.5,0.44,93.32,-1.7,1.2,0,7.4,0.6,0.301,7.4,0.933,0.363,8.3,1.074,-686,7.2,6.36,5.83,5.39,6.97,8.67,5.14,100,8308,93.29,6.5
04/30/2025 01:35:00 AM,0,0,0,0,280,3.44,4.95,7.6,0.44,93.32,-1.3,1.2,0,7.3,0.6,0.301,7.3,0.933,0.363,8.3,1.072,-685.5,7.1,6.39,5.85,5.41,6.89,8.68,5.13,100,8305,93.29,6.4
04/30/2025 01:40:00 AM,0,0,0,0,281,3.7,5.74,7.5,0.44,93.32,-1.3,1.1,0,7.2,0.6,0.301,7.3,0.933,0.363,8.3,1.072,-684.5,7.1,6.46,5.96,5.56,6.86,8.67,5.14,100,8305,93.29,6.3
04/30/2025 01:45:00 AM,0,0,0,0,282,3.63,6.37,7.5,0.44,93.33,-1.5,1.2,0,7.2,0.59,0.301,7.2,0.933,0.363,8.3,1.074,-688.5,7,6.44,5.99,5.58,6.81,8.66,5.14,100,8304,93.3,6.3
04/30/2025 01:50:00 AM,0,0,0,0,282,3.58,5.46,7.4,0.44,93.33,-1.4,1.4,0,7.1,0.59,0.301,7.2,0.934,0.363,8.2,1.074,-676.7,7,6.33,5.89,5.48,6.78,8.66,5.14,100,8303,93.3,6.2
04/30/2025 01:55:00 AM,0,0,0,0,283,2.93,4.18,7.1,0.44,93.33,-1.7,1.2,0,7,0.57,0.301,7.2,0.931,0.363,8.2,1.074,-676.9,7,6.05,5.64,5.24,6.74,8.66,5.13,100,8303,93.3,6.1
04/30/2025 02:00:00 AM,0,0,0,0,281,3.18,5.02,7.1,0.44,93.33,-1.3,1.1,0,6.9,0.57,0.301,7.1,0.934,0.363,8.2,1.072,-673.7,6.9,6.03,5.56,5.18,6.67,8.65,5.14,100,8302,93.3,6
04/30/2025 02:05:00 AM,0,0,0,0,278,2.99,3.99,7.1,0.442,93.33,-0.7,1.3,0,6.8,0.56,0.301,7.1,0.934,0.363,8.2,1.067,-677.3,6.9,6.07,5.59,5.22,6.63,8.64,5.13,100,8302,93.3,5.9
04/30/2025 02:10:00 AM,0,0,0,0,279,3.2,4.95,7.1,0.444,93.34,-1.8,1.5,0,6.8,0.57,0.301,7.1,0.934,0.363,8.1,1.072,-676.5,6.9,6.16,5.7,5.32,6.62,8.62,5.14,100,8304,93.31,5.9
04/30/2025 02:15:00 AM,0,0,0,0,280,3.11,4.56,7,0.442,93.34,-1.4,0.9,0,6.7,0.56,0.301,7,0.932,0.363,8.1,1.072,-671.6,6.8,6.03,5.59,5.22,6.59,8.62,5.13,100,8301,93.31,5.8
04/30/2025 02:20:00 AM,0,0,0,0,285,3.37,6.47,6.9,0.444,93.34,-1.7,1.2,0,6.7,0.55,0.301,7,0.932,0.363,8.1,1.072,-672.8,6.8,6,5.56,5.19,6.53,8.61,5.14,100,8302,93.31,5.8
04/30/2025 02:25:00 AM,0,0,0,0,283,4.22,7.58,7.1,0.448,93.34,-1.5,1,0,6.6,0.56,0.301,7,0.934,0.363,8.1,1.072,-665.7,6.8,6.26,5.78,5.42,6.49,8.6,5.13,100,8301,93.31,5.8
04/30/2025 02:30:00 AM,0,0,0,0,288,3.83,6.58,7.1,0.448,93.34,-1.7,1.2,0,6.7,0.56,0.301,7,0.925,0.363,8.1,1.069,-661.9,6.8,6.33,5.92,5.55,6.5,8.6,5.14,100,8302,93.31,5.9
04/30/2025 02:35:00 AM,0,0,0,0,288,4.19,6.46,7.1,0.45,93.35,-2.1,1.7,0,6.7,0.56,0.301,7,0.927,0.363,8,1.072,-656,6.8,6.34,5.93,5.59,6.5,8.59,5.14,100,8298,93.32,5.9
04/30/2025 02:40:00 AM,0,0,0,0,291,3.78,7.84,7,0.45,93.35,-1.6,1.3,0,6.7,0.55,0.301,7,0.927,0.363,8,1.068,-654,6.8,6.22,5.84,5.49,6.48,8.58,5.14,100,8301,93.32,6
04/30/2025 02:45:00 AM,0,0,0,0,289,3.37,5.17,6.8,0.45,93.35,-1.9,1.4,0,6.7,0.54,0.301,7,0.925,0.363,8,1.07,-656.1,6.7,6.01,5.63,5.26,6.45,8.59,5.14,100,8299,93.32,5.9
04/30/2025 02:50:00 AM,0,0,0,0,289,4.02,7.13,7,0.448,93.35,-1.6,0.9,0,6.6,0.55,0.301,6.9,0.928,0.363,8,1.072,-649.2,6.7,6.13,5.7,5.33,6.42,8.57,5.14,100,8301,93.32,5.9
04/30/2025 02:55:00 AM,0,0,0,0,289,3.26,5.3,6.8,0.45,93.35,-1.6,1,0,6.5,0.54,0.301,6.9,0.925,0.363,8,1.07,-652.8,6.7,6.01,5.62,5.26,6.41,8.56,5.14,100,8298,93.32,5.8
04/30/2025 03:00:00 AM,0,0,0,0,299,2.6,4.02,6.7,0.448,93.35,-1.5,0.9,0,6.5,0.53,0.301,6.9,0.926,0.363,8,1.07,-645.5,6.7,5.81,5.46,5.1,6.37,8.55,5.14,100,8300,93.32,5.8
04/30/2025 03:05:00 AM,0,0,0,0,297,3.06,4.65,6.7,0.448,93.35,-1.3,0.5,0,6.5,0.54,0.301,6.9,0.93,0.363,7.9,1.068,-642.1,6.6,5.75,5.37,5.01,6.32,8.55,5.14,100,8298,93.32,5.7
04/30/2025 03:10:00 AM,0,0,0,0,298,3.02,4.65,6.5,0.448,93.35,-1.8,1,0,6.4,0.52,0.301,6.8,0.926,0.363,7.9,1.063,-640.9,6.6,5.57,5.22,4.86,6.28,8.55,5.15,100,8299,93.32,5.6
04/30/2025 03:15:00 AM,0,0,0,0,294,3.18,5.14,6.5,0.45,93.36,-1,1.1,0,6.3,0.52,0.301,6.8,0.928,0.363,7.9,1.068,-639,6.5,5.53,5.13,4.77,6.24,8.53,5.14,100,8298,93.33,5.6
04/30/2025 03:20:00 AM,0,0,0,0,302,3.17,4.55,6.5,0.45,93.35,-1.4,1.1,0,6.2,0.52,0.301,6.7,0.928,0.363,7.9,1.063,-635.6,6.5,5.55,5.16,4.78,6.2,8.52,5.15,100,8299,93.32,5.5
04/30/2025 03:25:00 AM,0,0,0,0,290,2.78,3.99,6.5,0.45,93.35,-1.7,1,0,6.1,0.51,0.301,6.7,0.922,0.363,7.8,1.068,-638.4,6.5,5.41,5.02,4.64,6.17,8.51,5.16,100,8298,93.33,5.4
04/30/2025 03:30:00 AM,0,0,0,0,293,3.55,6.71,6.5,0.45,93.35,-1.6,1.1,0,6.1,0.52,0.301,6.7,0.928,0.363,7.8,1.066,-637.7,6.4,5.59,5.13,4.75,6.12,8.51,5.16,100,8298,93.32,5.4
04/30/2025 03:35:00 AM,0,0,0,0,295,3.25,6.15,6.5,0.45,93.35,-1.4,0.9,0,6.2,0.52,0.302,6.6,0.926,0.363,7.8,1.068,-639.7,6.4,5.65,5.27,4.88,6.12,8.51,5.15,100,8297,93.33,5.4
04/30/2025 03:40:00 AM,0,0,0,0,298,3.03,4.09,6.4,0.45,93.35,-1.2,1.2,0,6.1,0.51,0.301,6.6,0.931,0.363,7.8,1.063,-635.3,6.4,5.54,5.19,4.81,6.08,8.5,5.16,100,8296,93.32,5.4
04/30/2025 03:45:00 AM,0,0,0,0,291,3.21,5.2,6.4,0.45,93.35,-1.3,1.5,0,6.1,0.51,0.301,6.6,0.933,0.363,7.8,1.066,-634.3,6.4,5.57,5.2,4.88,6.06,8.49,5.15,100,8298,93.32,5.4
04/30/2025 03:50:00 AM,0,0,0,0,291,3.51,5.38,6.4,0.45,93.36,-1.2,0.7,0,6.1,0.51,0.301,6.6,0.933,0.363,7.7,1.058,-630.8,6.4,5.65,5.26,4.94,6.06,8.48,5.16,100,8297,93.33,5.4
04/30/2025 03:55:00 AM,0,0,0,0,291,3.81,4.89,6.6,0.452,93.36,-1.6,1.2,0,6.1,0.52,0.302,6.6,0.926,0.363,7.7,1.068,-625.5,6.4,5.94,5.55,5.22,6.07,8.47,5.16,100,8296,93.33,5.5
04/30/2025 04:00:00 AM,0,0,0,0,291,3.37,4.85,6.5,0.45,93.35,-1.8,0.7,0,6.2,0.52,0.302,6.7,0.928,0.363,7.7,1.068,-625.5,6.4,5.94,5.58,5.27,6.1,8.47,5.16,100,8295,93.33,5.6
04/30/2025 04:05:00 AM,0,0,0,0,296,3.02,4.41,6.4,0.45,93.36,-1.5,0.8,0,6.2,0.51,0.302,6.7,0.924,0.363,7.7,1.059,-621,6.4,5.84,5.53,5.22,6.13,8.45,5.17,100,8295,93.33,5.6
04/30/2025 04:10:00 AM,0,0,0,0,305,2.53,4.69,6.4,0.45,93.36,-1.6,1.2,0,6.1,0.51,0.301,6.7,0.924,0.363,7.7,1.066,-617.7,6.4,5.72,5.46,5.15,6.11,8.45,5.16,100,8295,93.33,5.6
04/30/2025 04:15:00 AM,0,0,0,0,293,2.98,4.38,6.4,0.45,93.36,-1.4,0.8,0,6.1,0.51,0.302,6.7,0.924,0.363,7.6,1.066,-612.9,6.4,5.75,5.45,5.15,6.1,8.46,5.17,100,8296,93.34,5.6
04/30/2025 04:20:00 AM,0,0,0,0,292,3.63,5.22,6.5,0.454,93.37,-1.2,1.1,0,6.2,0.51,0.302,6.7,0.924,0.363,7.6,1.064,-614.3,6.4,5.85,5.52,5.24,6.1,8.43,5.16,100,8294,93.35,5.7
04/30/2025 04:25:00 AM,0,0,0,0,294,3.58,5.67,6.5,0.452,93.38,-1.9,0.9,0,6.2,0.51,0.302,6.7,0.924,0.363,7.6,1.064,-612.5,6.4,6.04,5.7,5.45,6.13,8.43,5.17,100,8292,93.36,5.8
04/30/2025 04:30:00 AM,0,0,0,0,290,2.96,4.38,6.3,0.454,93.4,-2,1.5,0,6.2,0.5,0.302,6.7,0.922,0.364,7.6,1.068,-609.4,6.4,5.96,5.65,5.43,6.14,8.4,5.17,100,8293,93.38,5.8
04/30/2025 04:35:00 AM,0,0,0,0,288,4.23,6.71,6.5,0.458,93.41,-1.5,0.4,0,6.2,0.51,0.302,6.8,0.921,0.363,7.6,1.056,-609.2,6.4,6.08,5.75,5.56,6.16,8.4,5.17,100,8293,93.38,5.8
04/30/2025 04:40:00 AM,0,0,0,0,288,3.96,5.36,6.5,0.458,93.41,-1.2,1.2,0,6.2,0.51,0.301,6.8,0.919,0.363,7.6,1.056,-606.6,6.4,6.16,5.86,5.69,6.19,8.37,5.17,100,8293,93.38,5.9
04/30/2025 04:45:00 AM,0,0,0,0,287,3.92,6.11,6.5,0.46,93.41,-1.1,1.2,0,6.3,0.51,0.302,6.8,0.919,0.364,7.5,1.061,-604.1,6.5,6.21,5.9,5.73,6.21,8.36,5.17,100,8292,93.38,5.9
04/30/2025 04:50:00 AM,0,0,0,0,289,3.68,5.9,6.5,0.456,93.41,-1.3,1.6,0,6.3,0.51,0.301,6.8,0.919,0.364,7.5,1.054,-603.7,6.5,6.16,5.87,5.69,6.22,8.34,5.17,100,8293,93.38,6
04/30/2025 04:55:00 AM,0,0,0,0,295,3.76,5.25,6.5,0.456,93.39,-1.4,1.2,0,6.3,0.51,0.302,6.8,0.917,0.364,7.5,1.054,-601.3,6.5,6.08,5.79,5.61,6.21,8.36,5.16,100,8292,93.37,6
04/30/2025 05:00:00 AM,0,0,0,0,291,3.13,4.21,6.4,0.454,93.39,-1.9,1.1,0,6.3,0.5,0.301,6.8,0.917,0.364,7.5,1.054,-598.7,6.4,5.92,5.63,5.37,6.19,8.34,5.17,100,8291,93.36,5.9
04/30/2025 05:05:00 AM,0,0,0,0,294,3.21,4.75,6.3,0.45,93.39,-1.3,1.5,0,6.2,0.51,0.302,6.7,0.919,0.364,7.5,1.064,-594.3,6.4,5.72,5.45,5.16,6.16,8.32,5.16,100,8291,93.36,5.8
04/30/2025 05:10:00 AM,0.6,0,0,0,302,2.72,4.54,6.1,0.45,93.39,-1.2,1,0,6.1,0.49,0.301,6.7,0.924,0.364,7.5,1.061,-593.3,6.4,5.41,5.14,4.84,6.09,8.32,5.17,100,8290,93.36,5.7
04/30/2025 05:15:00 AM,1.4,0,0,0,292,2.29,3.25,5.9,0.45,93.38,-1.2,1.2,0,6,0.48,0.302,6.6,0.922,0.364,7.5,1.061,-593.1,6.3,4.98,4.69,4.36,5.99,8.31,5.17,100,8292,93.35,5.5
04/30/2025 05:20:00 AM,2.4,0,0,0,293,1.96,3.07,5.6,0.448,93.38,-1.4,1.2,0,5.8,0.46,0.301,6.5,0.925,0.364,7.4,1.066,-595.7,6.2,4.44,4.12,3.75,5.86,8.32,5.17,100,8288,93.36,5.1
04/30/2025 05:25:00 AM,3.6,0,0,0,291,2.31,4.79,5.6,0.442,93.38,-1.6,1,0,5.5,0.47,0.302,6.4,0.927,0.364,7.4,1.066,-594.7,6.1,4.18,3.73,3.34,5.72,8.32,5.17,100,8289,93.35,4.8
04/30/2025 05:30:00 AM,5.4,0,0,0,285,1.82,2.49,5.2,0.44,93.38,-1.5,0.9,0,5.3,0.44,0.301,6.3,0.932,0.364,7.4,1.057,-594.4,6,3.62,3.31,2.9,5.58,8.29,5.17,100,8292,93.35,4.5
04/30/2025 05:35:00 AM,8,0,0,0,287,1.98,2.84,4.8,0.44,93.37,-1.6,0.9,0,5,0.42,0.302,6.2,0.937,0.364,7.4,1.066,-592,5.9,3.19,2.81,2.44,5.43,8.27,5.16,100,8289,93.35,4.1
04/30/2025 05:40:00 AM,10.6,0,0,0,297,1.92,2.94,5,0.44,93.38,-1.3,0.9,0,4.8,0.43,0.302,6.1,0.939,0.364,7.4,1.064,-590.5,5.8,3.31,2.89,2.53,5.3,8.27,5.17,100,8286,93.35,3.8
04/30/2025 05:45:00 AM,12,0,0,0,317,1.66,2.67,5.1,0.44,93.38,-1.6,1,0,4.7,0.44,0.302,6,0.937,0.364,7.4,1.066,-590.6,5.7,3.47,3.08,2.76,5.23,8.26,5.17,100,8287,93.36,3.8
04/30/2025 05:50:00 AM,13.2,0,0,0,336,1.57,2.91,5.3,0.44,93.39,-1.6,1.1,0,4.7,0.45,0.302,5.9,0.937,0.364,7.3,1.066,-586.8,5.7,3.48,3.24,2.87,5.18,8.26,5.18,100,8285,93.37,3.7
04/30/2025 05:55:00 AM,17,0,0,0,317,1.75,2.52,5,0.442,93.39,-1.5,1.2,0,4.6,0.43,0.302,5.9,0.937,0.364,7.3,1.069,-587.5,5.6,3.6,3.37,3,5.15,8.25,5.17,100,8286,93.37,3.7
04/30/2025 06:00:00 AM,24.8,0,0,0,306,2.03,3.6,5,0.446,93.39,-1.5,1.1,0,4.6,0.42,0.302,5.9,0.937,0.364,7.3,1.067,-584.4,5.6,3.6,3.32,3.01,5.11,8.24,5.17,100,8286,93.37,3.6
04/30/2025 06:05:00 AM,29.8,0,0,0,309,2.06,3.88,5,0.45,93.4,-1.7,1.2,0,4.6,0.42,0.302,5.9,0.935,0.364,7.3,1.067,-584,5.6,3.99,3.69,3.44,5.08,8.23,5.18,100,8283,93.37,3.6
04/30/2025 06:10:00 AM,34.4,0,0,0,302,1.75,2.88,4.9,0.45,93.4,-1.6,1.1,0,4.7,0.42,0.302,5.9,0.933,0.364,7.3,1.066,-582.4,5.6,4.12,3.9,3.7,5.12,8.21,5.18,100,8282,93.37,3.6
04/30/2025 06:15:00 AM,43.8,0,0,0,301,2.93,4.77,5.3,0.45,93.4,-1.6,0.9,0,4.7,0.44,0.302,5.9,0.93,0.364,7.2,1.069,-578,5.6,4.51,4.46,4.32,5.15,8.21,5.18,100,8284,93.38,3.7
04/30/2025 06:20:00 AM,50.4,0,0,0,307,2.29,3.03,5.3,0.46,93.41,-1.7,1.6,0,5,0.43,0.302,5.9,0.933,0.364,7.2,1.067,-577.6,5.6,5.11,5.33,5.44,5.2,8.2,5.17,100,8287,93.39,4
04/30/2025 06:25:00 AM,40.8,0,0,0,308,2.81,4.83,5.5,0.46,93.42,-1.7,1.2,0,5.2,0.44,0.302,5.9,0.932,0.364,7.2,1.064,-572.3,5.6,5.48,5.61,5.67,5.27,8.2,5.17,100,8289,93.41,4.2
04/30/2025 06:30:00 AM,45.4,0,0,0,308,3.29,5.41,5.7,0.46,93.44,-1.8,1.2,0,5.3,0.46,0.302,6,0.93,0.364,7.2,1.066,-572.3,5.6,5.69,5.68,5.69,5.35,8.18,5.17,100,8293,93.42,4.4
04/30/2025 06:35:00 AM,73.4,0,0,0,292,2.93,4.16,5.8,0.462,93.43,-1.8,0.9,0,5.6,0.46,0.302,6,0.93,0.364,7.2,1.064,-569.8,5.7,5.9,5.94,5.92,5.4,8.17,5.17,100,8302,93.42,4.6
04/30/2025 06:40:00 AM,119.8,0,0,0,301,3.76,6.12,6,0.47,93.43,-1.4,1,0,6.2,0.46,0.302,6,0.928,0.364,7.1,1.06,-568.6,5.7,6.32,6.69,6.87,5.46,8.17,5.18,100,8308,93.42,4.8
04/30/2025 06:45:00 AM,133,0,0,0,300,3.14,6,6.1,0.472,93.43,-1.3,1.1,0,6.9,0.47,0.302,6.1,0.925,0.364,7.1,1.067,-571.5,5.7,7.49,9.14,10.44,5.61,8.16,5.18,100,8320,93.43,5.4
04/30/2025 06:50:00 AM,147.4,0,0,0,300,3.42,4.76,6.2,0.472,93.44,-0.9,1.1,0,7.4,0.48,0.302,6.2,0.921,0.364,7.1,1.067,-566.5,5.8,8.65,10.96,12.66,5.88,8.14,5.17,100,8330,93.44,6.1
04/30/2025 06:55:00 AM,145.2,0,0,0,297,3.53,5.81,6.4,0.472,93.44,-1,1.1,0,7.8,0.49,0.302,6.3,0.918,0.364,7.1,1.065,-564.9,5.9,9.14,11.45,13.05,6.18,8.13,5.19,100,8337,93.43,6.6
04/30/2025 07:00:00 AM,179,0,0,0,292,3.5,5.43,6.6,0.478,93.43,-1.2,1.3,0,8.3,0.49,0.302,6.4,0.916,0.364,7.1,1.067,-562.1,5.9,9.77,12.54,14.45,6.39,8.13,5.19,100,8345,93.44,7
04/30/2025 07:05:00 AM,202.2,0,0,0,290,4.02,5.52,6.7,0.48,93.44,-1.1,1.6,0,8.8,0.5,0.302,6.5,0.913,0.364,7.1,1.067,-559.5,6,10.22,13.13,15.17,6.67,8.12,5.17,100,8349,93.44,7.5
04/30/2025 07:10:00 AM,206.2,0,0,0,293,3.49,5.64,6.9,0.48,93.45,-0.9,1.4,0,9.1,0.52,0.302,6.6,0.909,0.364,7.1,1.067,-557.1,6.1,10.48,13.33,15.27,6.88,8.12,5.19,100,8353,93.45,7.8
04/30/2025 07:15:00 AM,215,0,0,0,289,4.8,7.46,7,0.478,93.45,-1.5,1.4,0,9.4,0.53,0.302,6.8,0.906,0.364,7,1.067,-559.4,6.2,10.64,13.58,15.45,7.1,8.11,5.18,100,8358,93.45,8.2
04/30/2025 07:20:00 AM,207.2,0,0,0,302,4.26,6.27,7.2,0.476,93.45,-1.7,1.5,0,9.4,0.54,0.302,6.9,0.904,0.364,7,1.065,-558.6,6.3,10.63,12.95,14.84,7.25,8.09,5.19,100,8362,93.46,8.3
04/30/2025 07:25:00 AM,243.4,0,0,0,290,4.05,5.61,7.4,0.48,93.46,-1.2,1.5,0,9.8,0.55,0.302,7.1,0.901,0.364,7,1.065,-554.9,6.4,11.03,13.81,16,7.38,8.1,5.18,100,8368,93.47,8.6
04/30/2025 07:30:00 AM,229.2,0,0,0,293,3.94,5.48,7.5,0.48,93.47,-1.1,1.3,0,10,0.56,0.301,7.3,0.894,0.364,7,1.067,-554.9,6.4,11.28,14.07,16.19,7.59,8.08,5.19,100,8352,93.47,8.9
04/30/2025 07:35:00 AM,268,0,0,0,295,4.24,6.4,7.6,0.48,93.47,-1,1.2,0,10.3,0.57,0.302,7.5,0.889,0.364,7,1.065,-558.5,6.5,11.45,14.43,16.8,7.75,8.08,5.2,100,8376,93.48,9.1
04/30/2025 07:40:00 AM,282.6,0,0,0,295,3.69,5.05,7.9,0.482,93.47,-0.9,1.4,0,10.7,0.58,0.301,7.7,0.883,0.364,7,1.065,-554.6,6.6,12.2,15.33,18.14,7.96,8.06,5.2,100,8385,93.48,9.5
04/30/2025 07:45:00 AM,285.8,0,0,0,299,3.38,4.94,8.2,0.484,93.47,-0.8,1.2,0,11.1,0.6,0.301,8,0.878,0.364,7,1.067,-551.2,6.7,12.79,16.09,18.99,8.2,8.08,5.19,100,8393,93.48,9.8
04/30/2025 07:50:00 AM,288.4,0,0,0,298,4.35,5.63,8.1,0.48,93.48,-1.5,1.5,0,11.4,0.6,0.301,8.2,0.875,0.364,7,1.065,-548.7,6.8,12.79,15.95,18.91,8.45,8.04,5.2,100,8403,93.49,10
04/30/2025 07:55:00 AM,294,0,0,0,306,4.69,6.99,8.2,0.476,93.48,-1.3,1,0,11.6,0.61,0.301,8.4,0.871,0.364,7,1.067,-548.5,6.8,12.61,15.36,18.44,8.58,8.04,5.19,100,8411,93.49,10.1
04/30/2025 08:00:00 AM,304.8,0,0,0,295,4.75,7.51,8.2,0.476,93.48,-1.6,1,0,11.7,0.61,0.301,8.5,0.866,0.364,7,1.065,-546.6,6.9,12.74,15.74,18.66,8.69,8.03,5.19,100,8420,93.49,10.2
04/30/2025 08:05:00 AM,319,0,0,0,290,5.67,8.3,8.2,0.47,93.49,-1.1,0.8,0,11.8,0.62,0.301,8.7,0.862,0.364,7,1.065,-545.1,7,12.36,15.27,18.02,8.79,8.02,5.21,100,8434,93.5,10.3
04/30/2025 08:10:00 AM,328.2,0,0,0,306,4.1,6.17,8.5,0.47,93.5,-0.7,1.4,0,11.9,0.64,0.301,8.9,0.861,0.364,7.1,1.064,-542.9,7.1,13.08,15.62,18.77,8.88,8.01,5.19,100,8441,93.51,10.5
04/30/2025 08:15:00 AM,338.8,0,0,0,297,3.81,5.19,8.7,0.472,93.51,-1.1,1.7,0,12,0.66,0.301,9,0.859,0.364,7.1,1.064,-545.2,7.2,13.52,16.35,19.6,9.07,8.01,5.2,100,8451,93.52,10.6
04/30/2025 08:20:00 AM,343.4,0,0,0,299,4.36,7.44,8.7,0.472,93.51,-1.8,2,0,12.4,0.65,0.301,9.2,0.858,0.364,7.1,1.064,-540.5,7.3,13.74,16.45,19.63,9.25,7.99,5.19,100,8463,93.53,10.8
04/30/2025 08:25:00 AM,359,0,0,0,308,4.34,7.1,8.8,0.47,93.52,-0.9,0.9,0,12.5,0.66,0.301,9.4,0.857,0.364,7.1,1.057,-541.6,7.3,13.87,16.5,19.8,9.42,7.97,5.2,100,8474,93.53,11
04/30/2025 08:30:00 AM,373.6,0,0,0,293,3.74,6.26,9.1,0.476,93.52,-0.8,1.3,0,12.7,0.68,0.301,9.6,0.853,0.364,7.1,1.065,-540.3,7.4,14.24,17.18,20.4,9.57,7.97,5.2,100,8485,93.53,11.2
04/30/2025 08:35:00 AM,380,0,0,0,270,3.67,5.06,9.4,0.482,93.52,-0.6,1.1,0,13,0.7,0.301,9.9,0.85,0.364,7.1,1.062,-539.6,7.5,14.69,18.05,20.88,9.77,7.98,5.21,100,8489,93.53,11.6
04/30/2025 08:40:00 AM,394,0,0,0,275,3.8,5.77,9.4,0.48,93.52,-0.7,0.7,0,13.2,0.7,0.3,10.2,0.843,0.364,7.1,1.065,-538.3,7.6,14.72,18.14,20.81,9.99,7.97,5.2,100,8503,93.54,11.9
04/30/2025 08:45:00 AM,408.4,0,0,0,294,3.91,7,9.8,0.482,93.53,-0.8,1.1,0,13.5,0.73,0.3,10.5,0.839,0.364,7.2,1.064,-534.1,7.8,15.07,18.18,21.24,10.18,7.95,5.2,100,8515,93.54,12.2
04/30/2025 08:50:00 AM,426.6,0,0,0,304,4.62,6.61,9.7,0.472,93.52,-0.9,1.2,0,13.7,0.73,0.3,10.7,0.836,0.364,7.2,1.064,-533.1,7.9,15.07,17.74,21.12,10.35,7.94,5.2,100,8528,93.54,12.4
04/30/2025 08:55:00 AM,436.6,0,0,0,307,3.98,5.9,10,0.472,93.52,-1.1,1.1,0,13.9,0.75,0.3,10.9,0.834,0.364,7.2,1.064,-532.6,8,15.71,18.07,21.72,10.52,7.95,5.2,100,8539,93.54,12.5
04/30/2025 09:00:00 AM,446.2,0,0,0,294,4.44,7.79,10.2,0.474,93.53,-1.3,0.8,0,14.1,0.77,0.3,11,0.834,0.364,7.2,1.064,-528.6,8.1,15.64,18.37,21.67,10.71,7.94,5.2,100,8556,93.54,12.7
04/30/2025 09:05:00 AM,470.2,0,0,0,303,4.4,8.88,10.1,0.47,93.53,-0.2,1.4,0,14.2,0.76,0.3,11.2,0.833,0.364,7.3,1.062,-524.8,8.2,15.51,18.07,21.47,10.86,7.93,5.2,100,8560,93.54,12.9
04/30/2025 09:10:00 AM,473,0,0,0,306,3.73,5.4,10.6,0.472,93.53,-0.2,1.3,0,14.3,0.81,0.3,11.4,0.829,0.364,7.3,1.089,-523.5,8.3,16.35,18.47,22.26,11.01,7.93,5.2,100,8573,93.54,13.1
04/30/2025 09:15:00 AM,478.6,0,0,0,307,4.58,6.47,10.5,0.472,93.53,-0.7,2.2,0,14.5,0.8,0.3,11.6,0.826,0.364,7.3,1.109,-523.5,8.4,16.44,18.55,22.14,11.22,7.93,5.2,100,8588,93.55,13.4
04/30/2025 09:20:00 AM,492.4,0,0,0,327,3.19,4.63,10.7,0.47,93.53,-1.2,1.8,0,14.7,0.82,0.299,11.7,0.827,0.364,7.3,1.109,-524.8,8.5,17.25,18.64,22.79,11.43,7.92,5.21,100,8604,93.55,13.5
04/30/2025 09:25:00 AM,497.4,0,0,0,331,3.41,6.17,11.1,0.46,93.54,-1,1.5,0,14.9,0.86,0.298,11.7,0.829,0.364,7.4,1.099,-527.6,8.7,16.85,18.33,22.81,11.63,7.92,5.2,100,8611,93.55,13.8
04/30/2025 09:30:00 AM,514.2,0,0,0,332,2.91,6.21,11.2,0.462,93.55,-1.3,1.5,0,15.2,0.87,0.298,11.9,0.828,0.364,7.4,1.109,-524.9,8.8,17.17,18.79,23.47,11.86,7.91,5.2,100,8627,93.56,14.1
04/30/2025 09:35:00 AM,522.8,0,0,0,329,2.67,3.93,11.1,0.452,93.55,-0.7,1.6,0,15.5,0.87,0.298,12.1,0.826,0.364,7.5,1.106,-525,9,17.4,19.24,23.62,12.08,7.92,5.21,100,8635,93.56,14.3
04/30/2025 09:40:00 AM,541.6,0,0,0,289,4.78,7.11,11.1,0.454,93.55,-0.1,1.2,0,15.6,0.87,0.298,12.3,0.821,0.363,7.5,1.106,-521.3,9.1,17.17,19.48,22.96,12.3,7.9,5.21,100,8647,93.56,14.5
04/30/2025 09:45:00 AM,549.2,0,0,0,285,3.31,5.11,11.1,0.45,93.55,-0.6,0.9,0,15.7,0.87,0.3,12.5,0.825,0.361,7.5,1.11,-521.4,10.3,17.19,19.83,23.26,12.48,7.91,5.2,100,8656,93.56,14.9
04/30/2025 09:50:00 AM,556,0,0,0,313,3.13,5.76,11.6,0.452,93.56,-0.8,1.5,0,15.8,0.91,0.3,12.7,0.825,0.361,7.6,1.111,-521.7,12.7,17.68,19.81,23.85,12.67,7.89,5.2,100,8664,93.57,15.1
04/30/2025 09:55:00 AM,573.2,0,0,0,287,4.16,6.98,11.8,0.454,93.56,-1,1.2,0,16,0.93,0.3,13,0.82,0.361,7.6,1.104,-531.5,14.6,18.08,20.36,23.94,12.91,7.89,5.21,100,8669,93.57,15.4
04/30/2025 10:00:00 AM,580.4,0,0,0,286,5.02,8.25,12.3,0.456,93.56,-0.4,1,0,16.2,0.97,0.3,13.3,0.818,0.361,7.7,1.106,-541.2,15.9,18.03,20.25,23.44,13.09,7.89,5.21,100,8673,93.57,15.6
04/30/2025 10:05:00 AM,592.4,0,0,0,286,3.27,4.72,12,0.452,93.57,-0.3,1.9,0,16.3,0.95,0.3,13.6,0.815,0.361,7.7,1.103,-554.6,16.9,18.8,20.71,24.22,13.29,7.87,5.21,100,8671,93.57,15.9
04/30/2025 10:10:00 AM,602.8,0,0,0,321,3.29,6.57,12.4,0.46,93.57,-1,1.5,0,16.5,0.98,0.296,13.7,0.79,0.361,7.8,1.101,-567.3,17.8,19.1,20.63,24.27,13.51,7.87,5.22,100,8681,93.57,16.2
04/30/2025 10:15:00 AM,621,0,0,0,320,3.24,5.01,12.5,0.46,93.56,-1.4,1.4,0,16.6,0.99,0.294,13.3,0.792,0.361,7.8,1.091,-595.2,17.8,18.5,20.02,23.4,13.67,7.89,5.22,100,8662,93.57,16.3
04/30/2025 10:20:00 AM,639.2,0,0,0,310,3.92,5.5,12.4,0.448,93.57,-2.2,2.3,0,16.8,0.99,0.292,13.1,0.805,0.361,7.9,1.098,-616.9,17.6,18.71,19.95,23.42,13.79,7.88,5.24,100,8665,93.58,16.5
04/30/2025 10:25:00 AM,657.6,0,0,0,337,3.23,7.5,12.6,0.452,93.57,-1.5,2.6,0,17,1,0.291,13.1,0.803,0.36,8,1.096,-626.2,18,20.41,20.67,24.12,13.95,7.88,5.22,100,8675,93.58,16.6
04/30/2025 10:30:00 AM,628,0,0,0,336,2.98,7.87,12.1,0.442,93.58,-1.6,2.5,0,17,0.97,0.291,13.1,0.804,0.36,8,1.104,-648.2,18.6,20.15,20.18,22.32,14.15,7.88,5.24,100,8671,93.58,16.7
04/30/2025 10:35:00 AM,679.8,0,0,0,311,3.51,6.56,12.9,0.448,93.57,-1.9,2.7,0,17.2,1.03,0.291,13.6,0.788,0.36,8.1,1.094,-668.2,19.3,19.27,20.32,23.34,14.21,7.9,5.23,100,8675,93.58,16.8
04/30/2025 10:40:00 AM,690,0,0,0,334,3.52,7.84,12.7,0.448,93.58,-1.4,2.2,0,17.3,1.02,0.296,14.2,0.806,0.361,8.1,1.062,-693.9,20,19.61,20.67,24.17,14.44,7.9,5.24,100,8679,93.58,17
04/30/2025 10:45:00 AM,675.2,0,0,0,316,3.49,6.36,12.9,0.442,93.58,-1.8,2.4,0,17.3,1.04,0.296,14.3,0.811,0.361,8.2,1.059,-710.1,20.8,19.86,21.25,25.07,14.71,7.91,5.23,100,8681,93.58,17.2
04/30/2025 10:50:00 AM,721.2,0,0,0,295,3.2,5.86,12.6,0.438,93.58,-1.3,1.9,0,17.4,1.02,0.295,14.5,0.805,0.361,8.2,1.066,-732,21,19.72,21.49,25.51,15,7.89,5.24,100,8679,93.58,17.5
04/30/2025 10:55:00 AM,643.6,0,0,0,295,4.36,8.6,13,0.444,93.59,-1.2,2.8,0,17.4,1.05,0.295,15,0.794,0.361,8.3,1.062,-763.1,21.5,19.69,21.37,25.29,15.34,7.9,5.24,100,8673,93.58,17.8
04/30/2025 11:00:00 AM,677,0,0,0,309,3.73,6.04,13.2,0.442,93.59,-2.6,2.3,0,17.3,1.08,0.294,15.2,0.795,0.361,8.4,1.061,-802,21.2,19.48,20.57,24.38,15.47,7.91,5.24,100,8627,93.58,17.9
04/30/2025 11:05:00 AM,322.8,0,0,0,313,3.78,7.05,12.2,0.432,93.62,-2.1,3.2,0,16.4,0.99,0.294,15.2,0.801,0.361,8.4,1.06,-844.7,20.3,17.41,18.3,20.69,15.4,7.91,5.24,100,8652,93.59,17.6
04/30/2025 11:10:00 AM,554.8,0,0,0,336,2.16,4.88,13.3,0.444,93.6,-1.7,2.3,0,16.4,1.08,0.294,14.9,0.808,0.361,8.5,1.05,-886.9,19.6,18.53,19.01,22.26,15.06,7.92,5.22,100,8505,93.59,17.3
04/30/2025 11:15:00 AM,595.4,0,0,0,356,2.96,4.48,13.7,0.45,93.61,-1.4,2.6,0,16.5,1.12,0.294,15.1,0.805,0.361,8.6,1.054,-923.4,19.7,19.33,19.57,22.86,15.09,7.92,5.24,100,8706,93.59,17.5
04/30/2025 11:20:00 AM,614,0,0,0,341,2.59,3.76,14.2,0.46,93.59,-1.9,2,0,17.1,1.16,0.294,15.4,0.803,0.361,8.7,1.062,-959.2,20.2,20.52,20.98,24.33,15.24,7.91,5.24,100,8583,93.59,17.9
04/30/2025 11:25:00 AM,291.4,0,0,0,306,4.21,7.27,12.6,0.432,93.62,-2.4,2.9,0,16.6,1.02,0.294,15.6,0.802,0.361,8.7,1.064,-1002.5,19.9,18,19.26,21.08,15.37,7.93,5.24,100,8475,93.58,17.8
04/30/2025 11:30:00 AM,416.8,0,0,0,328,3.21,7.32,12.7,0.422,93.62,-1.8,2.6,0,15.8,1.05,0.294,15.2,0.811,0.361,8.8,1.059,-1068.3,18.6,16.71,17.5,19.17,15.03,7.93,5.24,100,8684,93.58,17.3
04/30/2025 11:35:00 AM,439.2,0,0,0,297,4.43,6.87,12.7,0.424,93.6,-2.6,2.8,0,16,1.04,0.294,15.1,0.816,0.361,8.9,1.064,-1129.5,18.6,17.34,18.41,20.49,14.79,7.94,5.24,100,8470,93.59,17.2
04/30/2025 11:40:00 AM,328.2,0,0,0,312,4.15,5.68,12.4,0.416,93.62,-2.2,2.2,0,15.4,1.02,0.294,15,0.816,0.361,8.9,1.061,-1188.2,18.1,16.46,17.4,18.75,14.69,7.94,5.24,100,8477,93.59,17
04/30/2025 11:45:00 AM,385,0,0,0,349,2.44,3.97,12.9,0.422,93.61,-1,0.9,0,15.1,1.06,0.294,14.8,0.822,0.361,9,1.064,-1248.8,17.7,17.08,17.47,19.07,14.45,7.94,5.24,100,8510,93.58,16.7
04/30/2025 11:50:00 AM,589.6,0,0,0,324,3.25,5.32,13.3,0.43,93.6,-1.1,1.2,0,15.3,1.09,0.294,14.9,0.822,0.36,9,1.064,-1311,17.9,17.93,18.51,20.52,14.42,7.96,5.24,100,8680,93.58,16.8
04/30/2025 11:55:00 AM,595.4,0,0,0,298,4.84,7.1,13.7,0.436,93.6,-1.1,2.2,0,16.1,1.13,0.294,15.3,0.813,0.36,9.1,1.066,-1377.2,19.3,19.26,20.28,22.66,14.68,7.96,5.24,100,8547,93.57,17.2
04/30/2025 12:00:00 PM,793.4,0,0,0,323,4.86,8.58,13.9,0.44,93.59,-0.8,1.6,0,16.5,1.15,0.294,15.8,0.8,0.36,9.2,1.063,-1463.8,20.2,19.8,20.43,23.29,15.08,7.98,5.24,100,8624,93.57,17.5
04/30/2025 12:05:00 PM,750,0,0,0,319,4.61,8.58,14,0.446,93.59,-1.3,2.5,0,16.8,1.16,0.294,16.4,0.791,0.36,9.2,1.068,-1552,21,20.21,20.65,23.57,15.43,7.98,5.24,100,8567,93.57,17.7
04/30/2025 12:10:00 PM,699.8,0,0,0,359,3.22,4.52,14,0.454,93.6,-1.4,2.1,0,17,1.14,0.293,16.9,0.786,0.36,9.3,1.067,-1683.8,21.6,21.07,20.9,24.08,15.72,8,5.25,100,8546,93.58,18.1
04/30/2025 12:15:00 PM,752.4,0,0,0,5,2.66,4.44,14.2,0.462,93.61,-1.3,2,0,17.3,1.15,0.293,17.4,0.781,0.36,9.3,1.07,-1836.1,22,21.82,21.1,24.99,16.02,8.01,5.25,100,8757,93.58,18.4
04/30/2025 12:20:00 PM,505.8,0,0,0,10,1.94,3.06,14,0.466,93.6,-1.1,1.9,0,17.8,1.13,0.293,18,0.774,0.36,9.4,1.065,-2067.3,22.7,22.08,21.36,25.39,16.41,8.03,5.25,100,8495,93.58,18.8
04/30/2025 12:25:00 PM,282.2,0,0,0,349,2.37,3.79,13.3,0.458,93.61,-1.2,2,0,17.3,1.07,0.293,18,0.777,0.36,9.5,1.067,-2398.3,21.6,19.5,19.64,22.42,16.48,8.04,5.25,100,8483,93.58,18.7
04/30/2025 12:30:00 PM,247.4,0,0,0,355,2.6,3.62,13,0.448,93.62,-1,1.7,0,16.7,1.05,0.293,17.4,0.792,0.36,9.6,1.067,-2756.7,19.9,17.8,17.79,20.05,16.12,8.04,5.25,100,8469,93.58,18.2
04/30/2025 12:35:00 PM,644.2,0,0,0,346,1.86,3.51,14.1,0.45,93.61,-1.1,1.8,0,16.5,1.16,0.293,16.9,0.805,0.36,9.6,1.07,-3079.6,19,18.74,18.4,21.02,15.7,8.05,5.25,100,8679,93.59,17.9
04/30/2025 12:40:00 PM,896.2,0,0,0,22,2.73,4.78,14.9,0.474,93.59,-0.8,2,0,17.4,1.22,0.293,17.3,0.795,0.36,9.7,1.069,-3171,20.8,22.87,21.14,24.78,15.92,8.07,5.25,100,8665,93.58,18.5
04/30/2025 12:45:00 PM,861.2,0,0,0,351,2.8,4.73,14.6,0.46,93.6,-1.1,2.3,0,18.1,1.2,0.293,18.3,0.77,0.36,9.8,1.054,-3371.3,22.4,23.18,22.57,26.86,16.59,8.08,5.25,100,8687,93.57,19.2
04/30/2025 12:50:00 PM,870.2,0,0,0,307,3.38,6.46,14.2,0.452,93.6,-1.4,2.2,0,18.4,1.17,0.292,19.1,0.766,0.36,9.8,1.074,-3752.3,23.5,22.69,23.28,27.27,17.15,8.09,5.25,100,8671,93.57,19.7
04/30/2025 12:55:00 PM,884,0,0,0,253,1.24,4.43,14.5,0.45,93.59,-0.8,1.8,0,18.6,1.2,0.292,19.6,0.761,0.36,9.9,1.069,-3983.8,24.9,24.53,24.9,27.94,17.56,8.11,5.26,100,8662,93.56,20.2
04/30/2025 01:00:00 PM,921,0,0,0,154,1.45,2.76,15.2,0.46,93.58,-0.9,1.6,0,19.3,1.26,0.292,20.3,0.752,0.36,10,1.068,-4196.6,26.8,27.12,26.23,28.1,18.08,8.11,5.25,100,8650,93.55,20.9
04/30/2025 01:05:00 PM,899.4,0,0,0,348,3.15,5.49,15,0.48,93.58,-1.3,1.5,0,19.7,1.23,0.291,21,0.738,0.36,10.1,1.071,-4702.1,27.6,25.56,24.8,29.06,18.65,8.13,5.24,100,8652,93.54,21.5
04/30/2025 01:10:00 PM,961,0,0,0,348,2.87,4.69,16,0.486,93.57,-1,1.9,0,20,1.33,0.291,21.5,0.771,0.36,10.2,1.066,-5265,27.7,25.87,24.87,29.84,19.03,8.14,5.25,100,8624,93.54,21.8
04/30/2025 01:15:00 PM,876.8,0,0,0,351,2.79,4.3,15.3,0.48,93.58,-0.3,1.3,0,20.1,1.26,0.291,22,0.741,0.36,10.3,1.063,-6119.2,27.7,25.3,24.36,29.37,19.32,8.16,5.25,100,8612,93.54,22.1
04/30/2025 01:20:00 PM,388.2,0,0,0,352,2.59,3.88,14.7,0.466,93.59,-1.1,1.6,0,19.6,1.21,0.291,22.2,0.74,0.36,10.3,1.065,-6853.2,27,23.14,23.03,27.16,19.42,8.16,5.26,100,8456,93.53,22
04/30/2025 01:25:00 PM,779.8,0,0,0,12,2.3,4.19,14.8,0.464,93.57,-1,1.7,0,19.1,1.21,0.291,21.6,0.756,0.359,10.4,1.068,-7418.1,25,22.65,21.28,24.59,19,8.18,5.26,100,8616,93.53,21.4
04/30/2025 01:30:00 PM,816.8,0,0,0,357,2.13,3.93,14.9,0.47,93.57,-1,1.1,0,19.2,1.22,0.291,21.6,0.758,0.359,10.5,1.065,-8538.8,25.5,24.34,22.95,26.95,18.86,8.19,5.27,100,8498,93.53,21.6
04/30/2025 01:35:00 PM,697,0,0,0,19,1.97,3.06,15.1,0.474,93.58,-0.6,1.8,0,19.1,1.24,0.291,21.9,0.756,0.359,10.6,1.064,-9758.8,25.5,24.36,22.53,26.18,19.08,8.2,5.25,100,8593,93.53,21.7
04/30/2025 01:40:00 PM,870.2,0,0,0,3,2.86,4.27,15.6,0.478,93.57,-0.9,1.9,0,19.3,1.29,0.29,22.1,0.755,0.359,10.7,1.064,-10722.5,25.8,25.18,23.34,27.37,19.2,8.23,5.26,100,8602,93.52,21.9
04/30/2025 01:45:00 PM,378.6,0,0,0,12,1.89,3.17,14.7,0.466,93.57,-0.9,1.6,0,19,1.2,0.29,22.3,0.755,0.359,10.8,1.063,-12826.1,25.5,23.1,22.13,25.51,19.33,8.25,5.26,100,8447,93.52,21.9
04/30/2025 01:50:00 PM,347.2,0,0,0,358,2.03,2.87,14.7,0.464,93.58,-1.3,1.6,0,18.5,1.21,0.29,21.8,0.767,0.359,10.9,1.066,-15746.9,23.8,20.93,20.24,22.82,19.02,8.25,5.27,100,8442,93.52,21.4
04/30/2025 01:55:00 PM,370.6,0,0,0,10,2.63,4.53,14.4,0.478,93.58,-0.6,1.4,0,17.9,1.16,0.29,21,0.784,0.359,10.9,1.071,-20239.3,22.2,19.74,18.96,21,18.49,8.27,5.27,100,8571,93.53,20.8
04/30/2025 02:00:00 PM,819.6,0,0,0,14,3.09,4.36,15.3,0.492,93.57,-1.2,1.5,0,18,1.25,0.29,20.5,0.793,0.359,11,1.071,-22682.7,22,22.81,20.63,23.31,18.13,8.3,5.26,100,8504,93.53,20.6
04/30/2025 02:05:00 PM,816.8,0,0,0,21,2.48,4.52,15.2,0.484,93.57,-1,1.9,0,18.1,1.25,0.29,21,0.784,0.359,11.1,1.073,-24344.2,23.2,24.63,22.01,25.12,18.34,8.31,5.27,100,8603,93.53,20.9
04/30/2025 02:10:00 PM,823.6,0,0,0,346,2.58,4.1,15.4,0.488,93.57,-1.4,1.6,0,18.5,1.26,0.29,21.7,0.774,0.359,11.1,1.073,-30492.7,24.3,24.96,23.61,27.2,18.76,8.33,5.27,100,8599,93.52,21.3
04/30/2025 02:15:00 PM,837.8,0,0,0,9,1.23,2.31,15.6,0.486,93.57,-0.8,1.4,0,18.9,1.28,0.29,22.2,0.766,0.359,11.2,1.071,-30817.4,25.5,26.8,24.68,27.78,19.17,8.35,5.27,100,8599,93.52,21.8
04/30/2025 02:20:00 PM,886.2,0,0,0,317,1.47,2.56,16,0.482,93.56,-0.9,2.1,0,19.4,1.33,0.29,22.8,0.757,0.359,11.3,1.072,-29268.2,27,28.13,26.56,28.85,19.65,8.38,5.26,100,8595,93.52,22.4
04/30/2025 02:25:00 PM,895.4,0,0,0,33,2.44,3.99,16,0.508,93.56,-0.6,1.9,0,19.9,1.3,0.29,22.5,0.759,0.359,11.4,1.063,-25858,27.6,28.2,25.4,27.97,20.11,8.41,5.27,100,8589,93.51,22.8
04/30/2025 02:30:00 PM,730.6,0,0,0,30,2.68,4.61,16.3,0.512,93.56,-0.9,2,0,20,1.34,0.291,21.3,0.786,0.359,11.5,1.07,-28294.1,27.6,27.56,24.78,27.25,20.28,8.42,5.28,100,8462,93.51,23
04/30/2025 02:35:00 PM,824.8,0,0,0,324,2.79,4.72,16.1,0.478,93.56,-0.6,1.6,0,20,1.36,0.291,20.1,0.804,0.359,11.5,1.07,-28099.3,27.2,25.54,24.55,26.59,20.28,8.45,5.27,100,8568,93.51,23.1
04/30/2025 02:40:00 PM,817.2,0,0,0,345,2.7,4.43,16.1,0.476,93.56,-1.3,2.2,0,20,1.35,0.291,19.4,0.818,0.359,11.6,1.065,-26013.3,27.2,25.67,23.87,25.92,20.05,8.49,5.27,100,8559,93.51,23
04/30/2025 02:45:00 PM,792.2,0,0,0,2,2.35,3.75,16.1,0.468,93.55,-1.2,2.5,0,19.9,1.36,0.291,18.8,0.827,0.359,11.7,1.069,-27504,27.2,26.6,24.22,26.68,20.05,8.51,5.27,100,8552,93.5,23
04/30/2025 02:50:00 PM,778.2,0,0,0,11,1.35,3.36,16.6,0.468,93.55,-0.6,1.7,0,20.1,1.42,0.291,18.4,0.833,0.359,11.8,1.072,-26466.4,27,28.51,25.88,27.56,20.19,8.52,5.27,100,8543,93.49,23.1
04/30/2025 02:55:00 PM,773,0,0,0,7,2.93,5.87,16.6,0.48,93.54,-1.2,1.4,0,20.3,1.41,0.291,18.1,0.835,0.359,11.9,1.077,-27905.9,26.7,28.41,25.49,27.51,20.42,8.54,5.28,100,8539,93.49,23.4
04/30/2025 03:00:00 PM,777.2,0,0,0,345,3.06,6.47,16.7,0.472,93.53,-1.2,2.2,0,20.3,1.42,0.292,17.8,0.836,0.359,12,1.077,-25881.9,26.5,28.15,25.39,26.65,20.4,8.55,5.27,100,8539,93.48,23.4
04/30/2025 03:05:00 PM,787,0,0,0,45,1.92,3.86,16.3,0.51,93.55,-1.1,1.2,0,20.2,1.34,0.292,17.7,0.842,0.359,12,1.08,-24355.4,26.7,29.15,25.44,26.21,19.84,8.58,5.27,100,8533,93.5,23.5
04/30/2025 03:10:00 PM,781.4,0,0,0,65,2.03,3.79,16.3,0.522,93.54,-1.4,2,0,20.4,1.33,0.292,17.6,0.845,0.358,12.1,1.08,-25503.2,27.6,29.89,26.08,26.15,19.11,8.61,5.28,100,8380,93.49,23.6
04/30/2025 03:15:00 PM,766,0,0,0,63,2.06,3.34,16.4,0.492,93.55,-1.1,2.1,0,20.3,1.37,0.292,17.4,0.845,0.359,12.2,1.074,-26686.7,28,29.59,25.47,26.06,18.81,8.63,5.27,100,8529,93.5,23.6
04/30/2025 03:20:00 PM,756,0,0,0,27,2.09,3.81,16.4,0.536,93.55,-1.1,1.9,0,20.4,1.33,0.292,17.3,0.845,0.359,12.3,1.079,-48898.5,26.6,29.8,25.68,27.13,19.11,8.65,5.27,100,8520,93.5,23.7
04/30/2025 03:25:00 PM,630.4,0,0,0,41,2.17,3.89,16.5,0.524,93.55,-1.2,1.6,0,20.4,1.35,0.292,17.2,0.845,0.358,12.4,1.076,-68864.5,25.7,29.61,25.52,26.85,19.52,8.67,5.29,100,8438,93.49,23.7
04/30/2025 03:30:00 PM,290,0,0,0,25,1.94,3.6,16,0.516,93.56,-1.1,1.8,0,19.9,1.3,0.292,17.1,0.848,0.358,12.4,1.076,-57583.2,24.7,25.41,23.74,25.3,19.63,8.69,5.28,100,8443,93.49,23.4
04/30/2025 03:35:00 PM,500.8,0,0,0,78,1.82,3.76,15.6,0.504,93.55,-1.4,1.9,0,19.4,1.26,0.292,16.8,0.847,0.358,12.5,1.079,-48864.7,22.9,24.68,21.97,22.5,19.28,8.73,5.28,100,8515,93.5,22.7
04/30/2025 03:40:00 PM,703.2,0,0,0,31,1.37,2.59,16.4,0.5,93.56,-1.4,1.7,0,19.3,1.36,0.292,16.6,0.851,0.358,12.6,1.079,-60925,22.7,27.67,23.85,24.7,19.06,8.74,5.29,100,8525,93.5,22.4
04/30/2025 03:45:00 PM,641.4,0,0,0,59,1.53,2.68,16.5,0.504,93.55,-1.3,1.8,0,19.6,1.37,0.292,16.5,0.849,0.358,12.6,1.081,-61616.3,23.6,29.7,25.71,26.34,19.3,8.76,5.28,100,8430,93.5,22.7
04/30/2025 03:50:00 PM,445.8,0,0,0,16,1.52,3.84,16.2,0.49,93.56,-1.3,1.9,0,19.5,1.35,0.293,16.5,0.853,0.358,12.7,1.081,-52179,23.5,26.68,24.4,25.83,19.51,8.77,5.29,100,8517,93.5,22.7
04/30/2025 03:55:00 PM,674,0,0,0,340,1.53,2.89,16.4,0.464,93.55,-1.2,2.1,0,19.7,1.4,0.292,16.4,0.856,0.358,12.7,1.083,-55092.9,23.4,28.01,25.18,26.76,19.53,8.82,5.29,100,8518,93.5,22.7
04/30/2025 04:00:00 PM,660.8,0,0,0,282,2.59,4.29,16.6,0.46,93.54,-1.2,2,0,20,1.43,0.292,16.4,0.854,0.358,12.8,1.08,-48988.7,23.9,27.32,26.28,27.22,19.68,8.85,5.29,100,8516,93.49,22.9
04/30/2025 04:05:00 PM,642.8,0,0,0,283,2.64,4.97,17.1,0.454,93.54,-1.6,2,0,20,1.49,0.292,16.4,0.853,0.358,12.8,1.078,-48461.3,24.1,26.97,26.27,27.12,19.72,8.88,5.29,100,8507,93.49,23
04/30/2025 04:10:00 PM,612.2,0,0,0,278,3.11,7,16.9,0.43,93.54,-1.4,1.8,0,20.1,1.49,0.292,16.5,0.851,0.358,12.9,1.08,-45498.3,23.9,26.3,25.91,26.52,19.69,8.89,5.31,100,8496,93.49,23.1
04/30/2025 04:15:00 PM,582,0,0,0,345,2.36,4.99,17.5,0.47,93.54,-1.3,2.3,0,20.1,1.52,0.292,16.5,0.851,0.358,12.9,1.077,-43771.9,23.7,27.25,25.12,26.33,19.64,8.92,5.28,100,8486,93.49,23.1
04/30/2025 04:20:00 PM,601.8,0,0,0,332,1.59,3.08,17.1,0.488,93.54,-1.3,2.1,0,20.3,1.46,0.293,16.5,0.851,0.358,13,1.082,-46708.5,23.7,28.1,25.82,27.12,19.7,8.95,5.29,100,8495,93.49,23
04/30/2025 04:25:00 PM,512.2,0,0,0,340,2.78,4.58,17.1,0.482,93.54,-1.2,2.1,0,20.3,1.47,0.293,16.4,0.847,0.358,13,1.082,-41409.1,23.6,27.23,25.14,26.67,19.81,8.97,5.31,100,8466,93.49,22.9
04/30/2025 04:30:00 PM,565.2,0,0,0,284,3.63,7.38,16.9,0.424,93.55,-1.1,2.2,0,20.2,1.5,0.293,16.4,0.848,0.358,13,1.082,-40243.5,23.1,25.63,25.13,25.88,19.76,8.99,5.29,100,8494,93.5,22.8
04/30/2025 04:35:00 PM,536.4,0,0,0,285,3.26,5.95,16.9,0.416,93.55,-1.1,2.2,0,20,1.51,0.293,16.4,0.851,0.358,13,1.085,-42765.7,22.7,25.41,24.88,25.55,19.61,9.02,5.29,100,8464,93.5,22.7
04/30/2025 04:40:00 PM,534.8,0,0,0,296,3.21,6.16,16.9,0.414,93.55,-1.2,2.1,0,19.9,1.51,0.293,16.3,0.852,0.358,13,1.085,-39718.7,22.4,25.14,24.34,25.09,19.45,9.05,5.3,100,8492,93.49,22.5
04/30/2025 04:45:00 PM,528.2,0,0,0,280,4.4,7.03,17.1,0.412,93.55,-1.3,2.3,0,19.9,1.53,0.293,16.3,0.848,0.358,13.1,1.084,-40709.5,22.3,25.25,24.71,25.23,19.36,9.07,5.29,100,8460,93.49,22.4
04/30/2025 04:50:00 PM,439,0,0,0,308,2.83,5.29,16.8,0.408,93.54,-2.2,2.4,0,19.7,1.5,0.293,16.3,0.85,0.358,13.1,1.085,-37462.4,22.1,24.3,23.53,24.33,19.25,9.1,5.3,100,8447,93.49,22.1
04/30/2025 04:55:00 PM,473.2,0,0,0,289,4.04,5.55,17.1,0.41,93.54,-0.8,2.2,0,19.5,1.53,0.293,16.2,0.852,0.358,13.1,1.085,-37376.2,21.6,24.35,23.66,24.07,19.09,9.12,5.3,100,8468,93.49,21.8
04/30/2025 05:00:00 PM,461,0,0,0,280,4.68,7.61,16.9,0.406,93.55,-1.4,2.1,0,19.5,1.51,0.293,16.2,0.85,0.358,13.1,1.085,-38246.8,21.3,24.18,23.64,23.87,18.94,9.16,5.3,100,8452,93.5,21.7
04/30/2025 05:05:00 PM,453.6,0,0,0,268,5.24,7.53,17,0.406,93.54,-2.3,1.6,0,19.4,1.53,0.293,16.1,0.85,0.358,13,1.085,-35391.2,20.9,23.75,23.33,23.27,18.79,9.17,5.3,100,8462,93.49,21.5
04/30/2025 05:10:00 PM,410.6,0,0,0,282,4.65,6.62,17.4,0.412,93.54,-1,2.6,0,19.3,1.58,0.293,16.1,0.852,0.358,13,1.086,-35423.8,20.6,23.68,23.24,23.26,18.62,9.19,5.3,100,8444,93.5,21.3
04/30/2025 05:15:00 PM,406.2,0,0,0,269,4.36,7.47,17.2,0.408,93.55,-1.4,2.9,0,19.3,1.56,0.293,16,0.853,0.358,13,1.086,-41124,20.2,23.55,23.13,23.02,18.47,9.23,5.3,100,8450,93.5,21.2
04/30/2025 05:20:00 PM,395,0,0,0,273,3.44,5.83,17.5,0.412,93.54,-1.3,1.8,0,19.4,1.59,0.293,16,0.851,0.358,13,1.085,-39718.7,20,24.13,23.71,23.53,18.35,9.25,5.31,100,8444,93.5,21.2
04/30/2025 05:25:00 PM,404.8,0,0,0,274,4.94,7.8,17.3,0.402,93.55,-0.9,2.2,0,19.4,1.58,0.293,15.9,0.851,0.358,13,1.086,-39282.2,19.8,23.91,23.58,23.31,18.29,9.27,5.3,100,8450,93.5,21.1
04/30/2025 05:30:00 PM,293.8,0,0,0,285,4.59,7.07,17.3,0.402,93.55,-0.4,2.2,0,19.3,1.57,0.293,15.9,0.845,0.357,13,1.089,-35825.8,19.6,22.91,22.87,22.81,18.21,9.3,5.31,100,8439,93.5,21
04/30/2025 05:35:00 PM,417.6,0,0,0,289,6.48,9.5,17.2,0.4,93.55,-3.3,4,0,19.3,1.56,0.293,15.8,0.851,0.358,12.9,1.086,-35883.6,19,22.75,22.11,22,18.05,9.32,5.29,100,8451,93.51,20.7
04/30/2025 05:40:00 PM,404,0,0,0,269,5.74,8.29,17.2,0.396,93.55,-1.6,1.5,0,19.2,1.56,0.293,15.8,0.852,0.358,12.9,1.088,-36324.2,18.7,23.2,22.68,22.37,17.9,9.34,5.31,100,8447,93.51,20.5
04/30/2025 05:45:00 PM,388.4,0,0,0,289,6.87,10.84,17.1,0.4,93.56,-2.8,2.1,0,19.2,1.55,0.293,15.8,0.856,0.358,12.9,1.086,-35342.4,18.7,22.99,22.55,22.33,17.84,9.39,5.31,100,8443,93.52,20.5
04/30/2025 05:50:00 PM,352.4,0,0,0,270,6.75,9.47,16.9,0.398,93.57,-3.1,1.5,0,19.1,1.52,0.293,15.8,0.856,0.358,12.9,1.086,-37583.4,18.3,22.42,22.08,21.71,17.75,9.42,5.31,100,8435,93.52,20.2
04/30/2025 05:55:00 PM,349,0,0,0,280,5.94,8.52,17,0.402,93.57,-1.2,1.3,0,19,1.53,0.293,15.7,0.858,0.358,12.8,1.086,-36182.2,18,22.49,21.97,21.56,17.61,9.45,5.3,100,8437,93.53,20
04/30/2025 06:00:00 PM,340.8,0,0,0,279,5.49,8.53,17.1,0.404,93.58,-2,1.5,0,19,1.54,0.293,15.7,0.85,0.358,12.8,1.082,-35636.5,17.6,22.85,22.32,21.84,17.49,9.48,5.31,100,8435,93.54,20
04/30/2025 06:05:00 PM,336.2,0,0,0,289,5.46,8.32,16.9,0.402,93.58,-1.2,2.1,0,18.9,1.52,0.293,15.6,0.854,0.358,12.8,1.084,-34825.4,17.4,22.75,22.2,21.7,17.43,9.49,5.31,100,8432,93.54,19.8
04/30/2025 06:10:00 PM,323,0,0,0,277,5.15,7.79,17,0.406,93.58,-1.9,2.6,0,18.8,1.53,0.293,15.6,0.854,0.358,12.8,1.082,-33319.3,17,22.83,22.3,21.71,17.36,9.53,5.31,100,8429,93.53,19.7
04/30/2025 06:15:00 PM,290.8,0,0,0,272,5.24,8.35,16.9,0.404,93.57,-2,2.3,0,18.8,1.52,0.293,15.5,0.859,0.358,12.8,1.084,-34721.3,16.8,22.61,22.26,21.56,17.29,9.55,5.31,100,8421,93.53,19.6
04/30/2025 06:20:00 PM,268,0,0,0,280,6.01,8.47,16.7,0.402,93.57,-1.8,2.4,0,18.6,1.5,0.293,15.5,0.857,0.358,12.7,1.084,-34506.1,16.4,21.78,21.47,20.74,17.19,9.57,5.3,100,8420,93.53,19.3
04/30/2025 06:25:00 PM,264,0,0,0,263,6.27,8.93,16.6,0.404,93.57,-1.4,2.5,0,18.5,1.49,0.293,15.4,0.859,0.358,12.7,1.087,-32299.5,16.1,21.58,21.27,20.35,17,9.6,5.31,100,8415,93.53,19.1
04/30/2025 06:30:00 PM,255.4,0,0,0,283,6.63,8.94,16.6,0.406,93.58,-1.3,1.5,0,18.3,1.48,0.293,15.4,0.857,0.358,12.7,1.084,-35562.8,15.8,21.24,20.81,20.03,16.84,9.61,5.31,100,8412,93.54,18.9
04/30/2025 06:35:00 PM,189,0,0,0,280,5.7,9.43,16.5,0.404,93.58,-1.1,2.9,0,18.1,1.47,0.293,15.3,0.857,0.358,12.7,1.084,-32922.7,15.5,20.39,20.23,19.5,16.69,9.65,5.32,100,8399,93.54,18.7
04/30/2025 06:40:00 PM,154,0,0,0,286,3.86,7.58,16.5,0.404,93.58,-1.6,2.3,0,17.7,1.47,0.293,15.2,0.86,0.358,12.6,1.085,-34817.3,15.2,19.69,19.5,18.88,16.48,9.67,5.31,100,8401,93.54,18.4
04/30/2025 06:45:00 PM,207.2,0,0,0,274,5.58,7.89,16.4,0.408,93.58,-1.7,3.5,0,17.7,1.45,0.293,15.1,0.868,0.358,12.6,1.083,-32748.8,14.9,20.32,19.87,18.91,16.27,9.68,5.32,100,8398,93.54,18.2
04/30/2025 06:50:00 PM,183.4,0,0,0,285,5.5,7.83,16.3,0.408,93.59,-1.7,1.6,0,17.6,1.44,0.293,15.1,0.868,0.358,12.6,1.079,-32786.5,14.8,20.04,19.73,18.85,16.15,9.71,5.31,100,8394,93.55,18
04/30/2025 06:55:00 PM,159.8,0,0,0,280,5.63,8.05,16.2,0.404,93.59,-2.3,2.1,0,17.4,1.44,0.293,15,0.867,0.358,12.6,1.082,-32960.6,14.7,19.4,19.26,18.43,16,9.72,5.3,100,8393,93.54,17.8
04/30/2025 07:00:00 PM,183.6,0,0,0,282,4.53,6.87,16.3,0.4,93.58,-1.7,2.3,0,17.3,1.45,0.293,14.9,0.871,0.358,12.6,1.1,-31761.1,14.5,19.8,19.35,18.38,15.85,9.76,5.32,100,8393,93.55,17.6
04/30/2025 07:05:00 PM,175,0,0,0,274,4.08,8.46,16.3,0.402,93.59,-1.5,1.8,0,17.3,1.45,0.293,14.9,0.871,0.358,12.5,1.133,-31783,14.5,20.39,20.07,18.92,15.76,9.79,5.32,100,8384,93.55,17.5
04/30/2025 07:10:00 PM,162.4,0,0,0,278,4.67,7.44,16.2,0.4,93.59,-1.4,1.9,0,17.2,1.44,0.293,14.9,0.865,0.358,12.5,1.123,-31768.4,14.4,20.05,19.91,18.79,15.7,9.79,5.32,100,8384,93.55,17.4
04/30/2025 07:15:00 PM,144.2,0,0,0,280,4.7,7.31,16.2,0.402,93.59,-1.4,2.2,0,17.2,1.44,0.293,14.8,0.869,0.358,12.5,1.131,-32158.5,14.4,19.67,19.63,18.55,15.61,9.82,5.32,100,8378,93.55,17.3
04/30/2025 07:20:00 PM,105.8,0,0,0,283,4.42,7.31,16,0.4,93.59,-1.7,3.1,0,17,1.42,0.293,14.8,0.865,0.358,12.5,1.131,-32726.2,14.3,18.36,18.46,17.64,15.49,9.83,5.32,100,8374,93.55,17.1
04/30/2025 07:25:00 PM,126.8,0,0,0,276,5.1,6.68,15.9,0.4,93.6,-2.1,1.4,0,16.8,1.41,0.293,14.7,0.87,0.358,12.4,1.129,-31615.2,14.2,18.23,18.1,17.13,15.32,9.85,5.32,100,8374,93.56,16.8
04/30/2025 07:30:00 PM,130.2,0,0,0,284,3.99,5.86,16,0.4,93.61,-2.2,2,0,16.7,1.41,0.293,14.6,0.87,0.358,12.4,1.131,-31016.7,14.1,18.75,18.51,17.42,15.15,9.87,5.32,100,8369,93.57,16.7
04/30/2025 07:35:00 PM,118,0,0,0,273,5.07,8.76,15.8,0.402,93.61,-1.3,2.2,0,16.7,1.4,0.293,14.6,0.876,0.358,12.4,1.129,-30143.6,14.1,18.55,18.5,17.36,15.07,9.89,5.32,100,8368,93.57,16.6
04/30/2025 07:40:00 PM,115.6,0,0,0,279,5.52,8.83,15.8,0.4,93.61,-1.4,2.7,0,16.5,1.39,0.293,14.5,0.872,0.358,12.4,1.134,-29053.3,14,18.18,18.11,16.98,14.96,9.9,5.32,100,8368,93.58,16.4
04/30/2025 07:45:00 PM,110,0,0,0,282,5.37,9.04,15.7,0.4,93.62,-2.6,1.8,0,16.4,1.38,0.293,14.4,0.869,0.358,12.4,1.135,-27058,13.9,17.94,17.93,16.82,14.84,9.92,5.32,100,8364,93.58,16.3
04/30/2025 07:50:00 PM,87.2,0,0,0,277,4.78,6.78,15.6,0.402,93.63,-1.4,2.1,0,16.3,1.37,0.293,14.4,0.875,0.358,12.3,1.132,-29949.9,13.8,17.33,17.41,16.48,14.72,9.92,5.33,100,8360,93.6,16.2
04/30/2025 07:55:00 PM,73.4,0,0,0,280,4.4,6.33,15.5,0.4,93.64,-2.4,2,0,16.1,1.36,0.293,14.3,0.877,0.358,12.3,1.13,-30338.6,13.7,16.75,16.78,15.91,14.56,9.95,5.34,100,8358,93.6,16
04/30/2025 08:00:00 PM,54.6,0,0,0,278,3.9,5.84,15.3,0.4,93.65,-1.8,1.9,0,15.9,1.33,0.293,14.2,0.877,0.358,12.3,1.132,-27214.2,13.5,16.09,16.12,15.35,14.4,9.97,5.32,100,8355,93.61,15.7
04/30/2025 08:05:00 PM,43.8,0,0,0,280,3.29,5.23,15,0.4,93.65,-1.7,2.4,0,15.7,1.31,0.293,14,0.88,0.358,12.3,1.122,-27580.1,13.2,15.22,15.24,14.6,14.2,9.98,5.34,100,8354,93.61,15.4
04/30/2025 08:10:00 PM,33.8,0,0,0,277,3.42,5.58,14.8,0.398,93.65,-1.2,2.1,0,15.4,1.29,0.293,13.9,0.881,0.358,12.2,1.132,-27089.2,13,14.65,14.52,13.96,13.98,9.98,5.32,100,8353,93.61,15
04/30/2025 08:15:00 PM,33,0,0,0,281,2.99,5.63,14.6,0.398,93.66,-1.8,2,0,15.1,1.26,0.293,13.7,0.885,0.358,12.2,1.133,-26668.3,12.7,14.22,14.02,13.45,13.76,10.01,5.33,100,8352,93.62,14.7
04/30/2025 08:20:00 PM,30,0,0,0,285,3.33,5.16,14.6,0.396,93.67,-1.5,1.9,0,14.9,1.27,0.293,13.6,0.888,0.358,12.2,1.12,-28760.4,12.5,14.03,13.75,13.19,13.56,10.03,5.33,100,8350,93.63,14.4
04/30/2025 08:25:00 PM,22.6,0,0,0,286,2.84,3.9,14.5,0.394,93.68,-1.7,1.9,0,14.7,1.25,0.293,13.4,0.89,0.358,12.2,1.128,-25567.9,12.3,13.69,13.43,12.88,13.38,10.04,5.33,100,8349,93.64,14.2
04/30/2025 08:30:00 PM,15.8,0,0,0,289,3.08,4.64,14.5,0.39,93.68,-2,2.3,0,14.4,1.26,0.293,13.3,0.89,0.358,12.1,1.122,-25971.4,12.1,13.44,13.14,12.55,13.23,10.05,5.33,100,8348,93.64,14
04/30/2025 08:35:00 PM,10,0,0,0,288,2.6,4.3,14.2,0.39,93.68,-1.2,1.9,0,14.3,1.23,0.293,13.2,0.891,0.358,12.1,1.123,-23697.1,11.9,13.09,12.75,12.15,13.07,10.06,5.34,100,8344,93.65,13.7
04/30/2025 08:40:00 PM,6.4,0,0,0,335,1.57,2.49,13.9,0.39,93.7,-1.8,2.1,0,14,1.2,0.293,13,0.893,0.358,12.1,1.127,-22620.2,11.7,12.43,12.15,11.52,12.88,10.07,5.33,100,8347,93.66,13.4
04/30/2025 08:45:00 PM,3.2,0,0,0,354,1.06,1.66,13.6,0.39,93.71,-1.8,2.2,0,13.7,1.17,0.293,12.9,0.896,0.358,12,1.123,-21721.8,11.3,11.79,11.48,10.81,12.65,10.09,5.33,100,8345,93.67,13
04/30/2025 08:50:00 PM,1.6,0,0,0,291,1.71,4.64,13.3,0.39,93.71,-1.6,2.1,0,13.4,1.14,0.293,12.7,0.899,0.358,12,1.109,-20974.7,10.9,11.11,10.7,10.01,12.43,10.09,5.33,100,8344,93.67,12.5
04/30/2025 08:55:00 PM,0.8,0,0,0,298,2.65,3.89,13.7,0.396,93.71,-1.7,2.2,0,13.1,1.17,0.293,12.5,0.901,0.358,11.9,1.073,-20384.3,10.6,11.58,11.01,10.29,12.18,10.12,5.33,100,8346,93.67,12.2
04/30/2025 09:00:00 PM,0,0,0,0,347,1.35,2.94,13,0.4,93.72,-1.9,2.2,0,13,1.09,0.293,12.4,0.902,0.358,11.9,1.075,-19098.3,10.5,11.22,10.86,10.13,12.04,10.12,5.33,100,8342,93.68,12.1
04/30/2025 09:05:00 PM,0,0,0,0,52,0.84,1.46,11.9,0.408,93.73,-1.9,2.2,0,12.6,0.99,0.293,12.3,0.904,0.358,11.8,1.078,-17349.8,10.2,9.92,9.55,8.73,11.85,10.14,5.34,100,8342,93.69,11.6
04/30/2025 09:10:00 PM,0,0,0,0,32,0.95,2.12,11.5,0.422,93.74,-1.8,2.2,0,12.1,0.93,0.293,12.1,0.903,0.358,11.8,1.07,-16753.1,9.7,8.66,8.26,7.41,11.57,10.14,5.33,100,8342,93.7,11.1
04/30/2025 09:15:00 PM,0,0,0,0,14,0.64,1.46,11,0.43,93.75,-1.9,2.1,0,11.6,0.88,0.294,11.8,0.91,0.358,11.7,1.075,-15177.3,9.3,7.58,7.13,6.44,11.26,10.16,5.34,100,8341,93.7,10.4
04/30/2025 09:20:00 PM,0,0,0,0,48,0.8,1.07,11.6,0.444,93.74,-1.9,2.2,0,11.1,0.92,0.294,11.6,0.915,0.358,11.7,1.078,-14886.6,9,7.16,6.72,5.8,10.98,10.16,5.34,100,8342,93.7,9.9
04/30/2025 09:25:00 PM,0,0,0,0,59,0.98,1.42,11.4,0.482,93.74,-1.9,2.2,0,10.8,0.87,0.294,11.4,0.92,0.358,11.7,1.081,-13551.8,8.7,6.66,6.18,5.27,10.73,10.16,5.34,100,8339,93.7,9.6
04/30/2025 09:30:00 PM,0,0,0,0,26,1.33,2.45,9.5,0.46,93.74,-2,2.1,0,10.4,0.73,0.294,11.1,0.923,0.358,11.6,1.081,-12832,8.5,5.49,5.03,4.67,10.51,10.18,5.34,100,8338,93.7,8.8
04/30/2025 09:35:00 PM,0,0,0,0,79,1.07,1.62,8.7,0.47,93.74,-2,2.2,0,9.9,0.65,0.294,10.9,0.926,0.358,11.5,1.079,-11975.6,8.2,4.89,4.66,4.37,10.27,10.18,5.34,100,8337,93.7,8.1
04/30/2025 09:40:00 PM,0,0,0,0,38,1.27,2.6,8.3,0.462,93.74,-2.1,2.1,0,9.2,0.63,0.294,10.7,0.929,0.358,11.5,1.079,-11447.1,8.1,4.29,3.96,3.83,10.07,10.2,5.36,100,8339,93.7,7.5
04/30/2025 09:45:00 PM,0,0,0,0,35,1.56,2.33,7.7,0.478,93.74,-2.2,2.1,0,8.6,0.57,0.294,10.5,0.931,0.358,11.4,1.074,-10804.3,7.9,3.58,3.33,3.35,9.88,10.2,5.35,100,8337,93.69,6.8
04/30/2025 09:50:00 PM,0,0,0,0,85,1.05,1.82,7.7,0.474,93.74,-2.1,2.1,0,8.1,0.58,0.294,10.3,0.934,0.358,11.4,1.079,-10495.3,7.7,3.18,3.03,3.01,9.68,10.21,5.34,100,8335,93.7,6.1
04/30/2025 09:55:00 PM,0,0,0,0,132,0.68,1.12,7.2,0.438,93.75,-2.2,2.2,0,7.6,0.58,0.294,10.1,0.937,0.358,11.3,1.082,-9903.7,7.5,3.07,2.86,2.79,9.51,10.22,5.34,100,8336,93.7,5.7
04/30/2025 10:00:00 PM,0,0,0,0,63,1.08,2.14,7.2,0.462,93.74,-2.2,2.2,0,7.3,0.55,0.294,10,0.937,0.358,11.3,1.079,-9251.1,7.3,3.1,2.92,2.63,9.31,10.21,5.35,100,8336,93.7,5.4
04/30/2025 10:05:00 PM,0,0,0,0,31,2.59,3.07,5.2,0.454,93.74,-2.2,2.1,0,6.7,0.43,0.294,9.9,0.94,0.358,11.2,1.08,-8755.8,7.2,2.48,2.2,2.24,9.17,10.23,5.35,100,8335,93.69,4.8
04/30/2025 10:10:00 PM,0,0,0,0,40,1.58,2.1,7.2,0.486,93.73,-2.2,2,0,6.3,0.53,0.294,9.6,0.943,0.358,11.2,1.075,-8528.9,7,2.33,2.21,2.25,9.01,10.23,5.35,100,8336,93.69,4.4
04/30/2025 10:15:00 PM,0,0,0,0,51,2.16,3.16,5.6,0.474,93.73,-2.1,2.2,0,6.1,0.43,0.295,9.5,0.945,0.358,11.1,1.072,-7850.5,6.9,1.87,1.71,1.86,8.85,10.23,5.35,100,8333,93.69,3.9
04/30/2025 10:20:00 PM,0,0,0,0,110,1.03,2.13,5.3,0.464,93.74,-2.2,2.1,0,5.9,0.43,0.295,9.3,0.946,0.358,11.1,1.07,-7650.6,6.8,1.63,1.55,1.68,8.72,10.24,5.34,100,8333,93.7,3.5
04/30/2025 10:25:00 PM,0,0,0,0,100,1.35,2.21,5,0.45,93.75,-2.2,2.2,0,5.5,0.42,0.295,9.2,0.948,0.358,11,1.07,-7164.7,6.7,1.61,1.58,1.67,8.6,10.24,5.35,100,8330,93.7,3.2
04/30/2025 10:30:00 PM,0,0,0,0,122,0.68,1.36,5.2,0.444,93.75,-2.3,2.2,0,5.2,0.44,0.295,9.2,0.942,0.359,10.9,1.068,-7191.1,6.6,2.09,1.96,1.96,8.47,10.23,5.36,100,8333,93.71,3.1
04/30/2025 10:35:00 PM,0,0,0,0,107,0.93,1.25,5.6,0.44,93.75,-2.3,2,0,4.9,0.47,0.295,9.1,0.948,0.358,10.9,1.071,-6740.6,6.5,2.34,2.19,1.76,8.37,10.23,5.34,100,8333,93.71,3
04/30/2025 10:40:00 PM,0,0,0,0,119,0.81,1.11,6,0.444,93.76,-2.3,2.2,0,4.8,0.49,0.295,9,0.946,0.358,10.8,1.073,-6463.9,6.4,2.62,2.38,1.79,8.27,10.24,5.35,100,8332,93.73,3
04/30/2025 10:45:00 PM,0,0,0,0,107,0.97,1.55,6.6,0.452,93.76,-2.3,2.1,0,4.8,0.52,0.295,9,0.946,0.359,10.8,1.074,-5989.6,6.3,2.97,2.76,2.19,8.16,10.24,5.35,100,8332,93.73,3
04/30/2025 10:50:00 PM,0,0,0,0,37,1.1,1.58,6.4,0.462,93.77,-2.3,2.2,0,5,0.5,0.295,9,0.946,0.359,10.8,1.064,-5837.1,6.3,3.04,2.73,2.22,8.1,10.24,5.35,100,8332,93.73,3.1
04/30/2025 10:55:00 PM,0,0,0,0,44,1.02,1.48,7.1,0.476,93.78,-2.2,2.1,0,5.1,0.53,0.295,8.9,0.944,0.359,10.7,1.061,-5625.9,6.3,2.89,2.62,2.3,8.04,10.24,5.35,100,8330,93.74,3
04/30/2025 11:00:00 PM,0,0,0,0,57,1.03,1.48,7.1,0.486,93.77,-2.3,2.2,0,5.3,0.52,0.295,8.8,0.945,0.359,10.6,1.065,-5406.2,6.3,2.98,2.84,2.55,7.96,10.24,5.35,100,8330,93.73,3
04/30/2025 11:05:00 PM,0,0,0,0,86,1.07,2,6.9,0.496,93.78,-2.4,2.2,0,5.5,0.5,0.295,8.8,0.944,0.359,10.6,1.072,-5161.7,6.3,3.31,3.2,2.82,7.92,10.23,5.34,100,8329,93.73,3.1
04/30/2025 11:10:00 PM,0,0,0,0,94,1.7,2.63,7,0.504,93.77,-2.3,2.2,0,5.6,0.49,0.295,8.7,0.943,0.359,10.5,1.072,-4892.1,6.3,3.62,3.51,3.08,7.89,10.23,5.34,100,8329,93.73,3.4
04/30/2025 11:15:00 PM,0,0,0,0,96,1.75,2.52,6.8,0.514,93.76,-2.3,2,0,5.7,0.47,0.295,8.7,0.94,0.359,10.5,1.067,-4805,6.3,3.63,3.41,3.05,7.85,10.23,5.36,100,8331,93.72,3.5
04/30/2025 11:20:00 PM,0,0,0,0,103,1.63,2.31,6.9,0.52,93.76,-2.3,2.2,0,5.8,0.47,0.295,8.7,0.94,0.359,10.4,1.07,-4619.5,6.3,3.49,3.35,3,7.81,10.23,5.35,100,8329,93.72,3.5
04/30/2025 11:25:00 PM,0,0,0,0,110,1.6,2.16,6.7,0.528,93.76,-2.2,2.1,0,5.9,0.45,0.295,8.6,0.94,0.359,10.4,1.069,-4332.1,6.3,3.61,3.53,3.26,7.76,10.22,5.35,100,8329,93.72,3.5
04/30/2025 11:30:00 PM,0,0,0,0,104,1.74,2.28,6.6,0.53,93.76,-2.2,2,0,5.9,0.44,0.295,8.7,0.94,0.359,10.3,1.07,-4228.6,6.3,3.95,3.86,3.6,7.73,10.22,5.36,100,8330,93.73,3.6
04/30/2025 11:35:00 PM,0,0,0,0,121,1.35,2.46,6,0.53,93.77,-2.4,2.2,0,5.9,0.4,0.295,8.7,0.936,0.359,10.3,1.067,-4138,6.3,3.82,3.64,3.43,7.71,10.22,5.37,100,8329,93.73,3.6
04/30/2025 11:40:00 PM,0,0,0,0,109,1.46,1.99,6.3,0.536,93.77,-2.2,2.2,0,5.6,0.42,0.295,8.6,0.94,0.359,10.2,1.073,-3965.5,6.2,3.73,3.62,3.35,7.67,10.22,5.36,100,8330,93.73,3.5
04/30/2025 11:45:00 PM,0,0,0,0,102,1.39,2.57,6.5,0.54,93.76,-2.2,2.2,0,5.6,0.43,0.296,8.6,0.938,0.359,10.2,1.07,-3780,6.1,3.81,3.75,3.33,7.62,10.21,5.36,100,8327,93.73,3.6
04/30/2025 11:50:00 PM,0,0,0,0,106,1.84,2.73,6.8,0.546,93.76,-2.1,2.2,0,5.6,0.44,0.296,8.6,0.929,0.359,10.1,1.071,-3694.8,6.1,4.1,4.01,3.71,7.57,10.21,5.39,100,8326,93.73,3.7
04/30/2025 11:55:00 PM,0,0,0,0,114,1.6,2.16,6.9,0.558,93.77,-2.4,2.2,0,5.8,0.44,0.296,8.6,0.931,0.359,10.1,1.075,-3578.5,6.1,4.37,4.25,3.96,7.54,10.2,5.36,100,8328,93.73,3.8
05/01/2025 00:00,0,0,0,0,104,1.57,2.11,6.5,0.554,93.77,-2.4,2.1,0,5.8,0.41,0.296,8.6,0.932,0.359,10.1,1.07,-3436.3,6.1,4.25,4.12,3.73,7.51,10.2,5.38,100,8327,93.73,3.8
05/01/2025 00:05,0,0,0,0,112,1.41,1.71,6.2,0.55,93.78,-2.3,2.1,0,5.7,0.4,0.296,8.5,0.934,0.359,10,1.085,-3318.1,6,4.03,3.87,3.52,7.44,10.19,5.37,100,8254,93.74,3.9
05/01/2025 00:10,0,0,0,0,109,1.48,1.76,6,0.552,93.78,-2.3,2.1,0,5.6,0.39,0.296,8.5,0.929,0.359,10,1.073,-3195.2,5.9,3.8,3.68,3.3,7.38,10.18,5.38,100,8319,93.75,3.8
05/01/2025 00:15,0,0,0,0,108,1.59,1.94,6,0.552,93.78,-2.3,2.1,0,5.5,0.38,0.296,8.4,0.934,0.359,9.9,1.071,-3168.1,5.8,3.64,3.52,3.11,7.29,10.18,5.37,100,8318,93.75,3.7
05/01/2025 00:20,0,0,0,0,109,1.87,2.39,5.6,0.552,93.78,-2.3,2.1,0,5.4,0.36,0.296,8.4,0.934,0.359,9.9,1.071,-3016.4,5.7,3.53,3.41,3.08,7.23,10.17,5.39,100,8317,93.74,3.7
05/01/2025 00:25,0,0,0,0,107,1.31,1.88,5.3,0.55,93.78,-2.2,2.1,0,5.2,0.34,0.296,8.3,0.932,0.359,9.8,1.071,-2971.6,5.7,3.25,3.05,2.8,7.17,10.15,5.39,100,8318,93.75,3.5
05/01/2025 00:30,0,0,0,0,171,0.63,1.06,4.7,0.542,93.79,-2.3,2.1,0,4.9,0.31,0.296,8.3,0.933,0.359,9.8,1.071,-2904.7,5.6,2.74,2.39,2.08,7.09,10.14,5.39,100,8317,93.75,3.2
05/01/2025 00:35,0,0,0,0,149,0.51,0.91,4.6,0.54,93.78,-2.3,2.1,0,4.6,0.31,0.296,8.2,0.933,0.359,9.8,1.069,-2723.9,5.4,2.38,1.98,1.63,6.95,10.15,5.4,100,8315,93.75,2.9
05/01/2025 00:40,0,0,0,0,116,1.29,2.08,4.6,0.54,93.78,-2.4,2.1,0,4.3,0.31,0.296,8.1,0.935,0.359,9.7,1.069,-2692.1,5.2,2.12,1.86,1.43,6.84,10.14,5.37,100,8315,93.75,2.6
05/01/2025 00:45,0,0,0,0,189,1.07,1.4,4.1,0.54,93.78,-2.3,2.1,0,4.1,0.28,0.296,8.1,0.938,0.359,9.7,1.071,-2617.6,5.2,1.89,1.41,1.18,6.73,10.14,5.39,100,8314,93.75,2.4
05/01/2025 00:50,0,0,0,0,103,0.84,1.68,4.5,0.542,93.78,-2.3,2,0,3.9,0.3,0.296,8,0.936,0.359,9.6,1.069,-2572.1,5.1,1.92,1.57,1.28,6.65,10.12,5.38,100,8314,93.75,2.2
05/01/2025 00:55,0,0,0,0,28,0.74,1.4,5,0.552,93.78,-2.4,2.1,0,3.8,0.32,0.296,7.9,0.936,0.359,9.6,1.07,-2441.2,5.1,2.1,1.83,1.38,6.56,10.09,5.39,100,8316,93.75,2.2
05/01/2025 01:00,0,0,0,0,104,1.74,2.47,5.4,0.562,93.78,-2.3,2.1,0,3.8,0.33,0.296,7.9,0.938,0.359,9.6,1.064,-2391.6,5,2.24,2.07,1.75,6.48,10.09,5.4,100,8315,93.75,2.3
05/01/2025 01:05,0,0,0,0,116,1.83,2.42,5.2,0.562,93.78,-2.4,2.1,0,3.9,0.32,0.296,7.8,0.936,0.359,9.5,1.067,-2331.8,5.1,2.47,2.34,2.17,6.45,10.08,5.38,100,8315,93.75,2.4
05/01/2025 01:10,0,0,0,0,109,1.63,1.97,4.8,0.564,93.79,-2.3,2,0,4.1,0.29,0.296,7.8,0.937,0.359,9.5,1.067,-2242.3,5.2,2.54,2.4,2.23,6.45,10.07,5.4,100,8314,93.76,2.4
05/01/2025 01:15,0,0,0,0,102,1.16,1.75,4.8,0.56,93.79,-2.3,2,0,4.1,0.3,0.296,7.8,0.936,0.359,9.4,1.067,-2199.9,5.1,2.56,2.41,2.06,6.42,10.06,5.39,100,8316,93.76,2.4
05/01/2025 01:20,0,0,0,0,113,0.99,1.27,4.6,0.56,93.79,-2.4,2.1,0,4,0.29,0.296,7.7,0.933,0.359,9.4,1.065,-2166.7,5,2.28,1.97,1.46,6.37,10.05,5.39,100,8314,93.76,2.3
05/01/2025 01:25,0,0,0,0,104,1.25,1.63,4.9,0.56,93.78,-2.4,2,0,3.9,0.31,0.296,7.7,0.937,0.36,9.3,1.067,-2067.3,4.9,2.11,1.84,1.19,6.29,10.04,5.41,100,8314,93.76,2.3
05/01/2025 01:30,0,0,0,0,107,1.34,1.89,4.7,0.56,93.78,-2.3,2.2,0,3.9,0.29,0.296,7.6,0.937,0.36,9.3,1.06,-2025.8,4.8,2.02,1.73,1.2,6.23,10.04,5.41,100,8313,93.75,2.3
05/01/2025 01:35,0,0,0,0,129,0.66,1.12,3.9,0.552,93.78,-2.3,2.1,0,3.8,0.26,0.296,7.5,0.933,0.36,9.3,1.062,-1981.1,4.8,2.06,1.64,1.26,6.16,10.03,5.41,100,8315,93.75,2.2
05/01/2025 01:40,0,0,0,0,130,0.95,1.38,3.9,0.55,93.78,-2.4,2.1,0,3.6,0.26,0.296,7.5,0.938,0.36,9.2,1.063,-1900.2,4.8,1.9,1.48,1.18,6.12,10.01,5.41,100,8313,93.75,1.9
05/01/2025 01:45,0,0,0,0,114,1.51,1.86,4.2,0.556,93.77,-2.4,2.1,0,3.6,0.27,0.296,7.5,0.935,0.36,9.2,1.068,-1885.4,4.7,1.81,1.63,1.4,6.07,9.99,5.41,100,8315,93.75,1.8
05/01/2025 01:50,0,0,0,0,118,1.28,1.62,3.9,0.56,93.78,-2.3,2.2,0,3.5,0.25,0.296,7.4,0.937,0.36,9.2,1.063,-1821.8,4.8,1.87,1.68,1.42,6.03,9.98,5.41,100,8312,93.76,1.9
05/01/2025 01:55,0,0,0,0,108,1.32,1.67,3.8,0.554,93.77,-2.3,2.1,0,3.4,0.25,0.296,7.4,0.933,0.36,9.1,1.053,-1767.2,4.7,1.68,1.49,1.23,5.99,9.98,5.42,100,8314,93.75,1.8
05/01/2025 02:00,0,0,0,0,109,1.39,1.79,4.2,0.558,93.77,-2.4,2.2,0,3.3,0.27,0.296,7.4,0.933,0.36,9.1,1.066,-1746.2,4.7,1.65,1.5,1.12,5.94,9.96,5.43,100,8311,93.74,1.8
05/01/2025 02:05,0,0,0,0,100,1.78,2.14,3.9,0.558,93.76,-2.3,2,0,3.3,0.25,0.296,7.3,0.936,0.36,9,1.059,-1692,4.6,1.61,1.43,1.08,5.89,9.95,5.43,100,8311,93.74,1.8
05/01/2025 02:10,0,0,0,0,106,1.09,1.51,3.6,0.554,93.76,-2.4,2,0,3.2,0.24,0.296,7.2,0.934,0.36,9,1.068,-1668.4,4.6,1.45,1.24,0.88,5.83,9.93,5.43,100,8312,93.73,1.8
05/01/2025 02:15,0,0,0,0,123,0.74,0.99,3.3,0.552,93.76,-2.5,2.1,0,3.1,0.22,0.296,7.2,0.934,0.36,9,1.066,-1650.4,4.5,1.13,0.8,0.36,5.78,9.92,5.42,100,8311,93.73,1.6
05/01/2025 02:20,0,0,0,0,165,1.39,1.67,3.5,0.552,93.75,-2.4,2.1,0,2.9,0.23,0.296,7.1,0.937,0.36,8.9,1.066,-1602.9,4.4,0.95,0.57,0.25,5.7,9.91,5.44,100,8311,93.73,1.4
05/01/2025 02:25,0,0,0,0,117,1.85,2.24,3.4,0.554,93.75,-2.5,2.1,0,2.9,0.23,0.296,7,0.939,0.36,8.9,1.061,-1554.9,4.3,0.8,0.59,0.42,5.62,9.9,5.43,100,8307,93.73,1.2
05/01/2025 02:30,0,0,0,0,135,0.79,1.2,3.1,0.552,93.76,-2.3,2.1,0,2.8,0.21,0.296,7,0.939,0.36,8.9,1.066,-1497.9,4.3,0.87,0.48,0.25,5.53,9.89,5.42,100,8308,93.74,1.1
05/01/2025 02:35,0,0,0,0,112,1.46,2.06,3.2,0.55,93.75,-2.4,2.1,0,2.7,0.22,0.296,6.9,0.939,0.36,8.8,1.064,-1481.5,4.2,0.55,0.3,0.07,5.49,9.88,5.43,100,8308,93.73,1
05/01/2025 02:40,0,0,0,0,104,1.9,2.44,4,0.564,93.74,-2.3,2.2,0,2.7,0.25,0.296,6.9,0.937,0.36,8.8,1.064,-1458.5,4.2,0.93,0.85,0.71,5.43,9.87,5.41,100,8305,93.72,1
05/01/2025 02:45,0,0,0,0,118,1.3,1.9,3.1,0.556,93.74,-2.4,2,0,2.8,0.21,0.296,6.9,0.935,0.36,8.7,1.064,-1412.8,4.2,1.03,0.75,0.57,5.42,9.85,5.43,100,8306,93.71,1
05/01/2025 02:50,0,0,0,0,105,1.55,1.85,3.1,0.554,93.73,-2.5,2.1,0,2.7,0.21,0.296,6.8,0.931,0.36,8.7,1.064,-1385.5,4.2,1.05,0.89,0.69,5.39,9.85,5.43,100,8309,93.71,1
05/01/2025 02:55,0,0,0,0,99,1.25,1.82,3,0.554,93.73,-2.4,2.1,0,2.6,0.2,0.296,6.8,0.935,0.36,8.7,1.064,-1355.2,4.2,1,0.76,0.58,5.38,9.82,5.43,100,8308,93.71,1
05/01/2025 03:00,0,0,0,0,110,1.6,1.92,3.4,0.56,93.72,-2.5,2.1,0,2.6,0.22,0.296,6.8,0.931,0.36,8.7,1.062,-1332.3,4.2,0.98,0.85,0.76,5.36,9.82,5.43,100,8305,93.7,1
05/01/2025 03:05,0,0,0,0,115,0.91,1.5,2.8,0.56,93.72,-2.3,2.2,0,2.6,0.19,0.296,6.8,0.929,0.36,8.6,1.059,-1294.5,4.3,1.05,0.79,0.7,5.34,9.81,5.43,100,8306,93.7,1
05/01/2025 03:10,0,0,0,0,115,1,1.76,2.6,0.552,93.71,-2.5,2.1,0,2.5,0.18,0.296,6.8,0.929,0.36,8.6,1.061,-1277,4.3,0.8,0.56,0.45,5.32,9.79,5.43,100,8305,93.69,0.8
05/01/2025 03:15,0,0,0,0,109,1.61,1.89,3.2,0.56,93.71,-2.4,2.1,0,2.4,0.21,0.296,6.8,0.931,0.36,8.5,1.064,-1263.6,4.2,0.83,0.73,0.69,5.29,9.78,5.43,100,8306,93.69,0.8
05/01/2025 03:20,0,0,0,0,107,1.76,2.18,3.3,0.56,93.7,-2.4,2.1,0,2.4,0.21,0.296,6.7,0.935,0.36,8.5,1.06,-1232.8,4.2,1.05,0.95,0.89,5.26,9.77,5.44,100,8305,93.68,0.9
05/01/2025 03:25,0,0,0,0,109,1.78,2.3,3,0.564,93.7,-2.5,2,0,2.5,0.2,0.296,6.7,0.927,0.36,8.5,1.062,-1203.4,4.2,1.11,0.96,0.88,5.24,9.74,5.43,100,8304,93.68,0.9
05/01/2025 03:30,0,0,0,0,112,1.95,2.53,2.8,0.562,93.7,-2.5,2.2,0,2.5,0.19,0.296,6.7,0.927,0.36,8.4,1.057,-1186.3,4.2,1.05,0.89,0.81,5.23,9.74,5.44,100,8304,93.68,0.9
05/01/2025 03:35,0,0,0,0,112,2.11,2.69,2.6,0.56,93.69,-2.4,2.1,0,2.4,0.18,0.296,6.6,0.932,0.36,8.4,1.06,-1179.2,4.2,0.92,0.78,0.71,5.19,9.73,5.45,100,8304,93.67,0.8
05/01/2025 03:40,0,0,0,0,109,1.75,2.08,2.5,0.56,93.69,-2.5,2.1,0,2.3,0.17,0.296,6.6,0.934,0.36,8.4,1.06,-1143.7,4.1,0.83,0.7,0.63,5.16,9.71,5.44,100,8304,93.67,0.8
05/01/2025 03:45,0,0,0,0,106,1.97,2.47,2.5,0.56,93.69,-2.5,2.1,0,2.2,0.17,0.296,6.5,0.936,0.36,8.4,1.055,-1126.7,4.1,0.86,0.77,0.7,5.1,9.7,5.44,100,8303,93.67,0.8
05/01/2025 03:50,0,0,0,0,107,1.55,2.03,2.4,0.554,93.69,-2.3,2.1,0,2.2,0.17,0.296,6.5,0.934,0.36,8.3,1.055,-1118.1,4.1,0.84,0.71,0.61,5.05,9.68,5.44,100,8304,93.67,0.8
05/01/2025 03:55,0,0,0,0,117,1.67,2.03,2.1,0.554,93.68,-2.5,2.1,0,2,0.16,0.296,6.5,0.932,0.36,8.3,1.053,-1115.8,4,0.72,0.5,0.45,5.02,9.66,5.44,100,8303,93.67,0.7
05/01/2025 04:00,0,0,0,0,111,1.47,2.02,1.9,0.55,93.69,-2.5,2.1,0,1.9,0.15,0.296,6.5,0.928,0.36,8.3,1.055,-1101.3,4,0.59,0.4,0.4,5,9.65,5.44,100,8302,93.67,0.6
05/01/2025 04:05,0,0,0,0,119,1.49,1.94,1.9,0.55,93.69,-2.5,2.2,0,1.8,0.15,0.296,6.4,0.935,0.36,8.2,1.056,-1068.1,4,0.46,0.25,0.27,4.97,9.63,5.44,100,8305,93.67,0.5
05/01/2025 04:10,0,0,0,0,119,1.81,2.26,2.2,0.55,93.69,-2.5,2.2,0,1.7,0.17,0.296,6.4,0.933,0.36,8.2,1.058,-1057.5,4,0.34,0.18,0.22,4.95,9.62,5.45,100,8301,93.67,0.5
05/01/2025 04:15,0,0,0,0,116,1.95,2.34,2.5,0.56,93.68,-2.5,2.2,0,1.8,0.17,0.296,6.4,0.935,0.36,8.2,1.058,-1046.6,4,0.37,0.26,0.32,4.93,9.61,5.44,100,8301,93.67,0.5
05/01/2025 04:20,0,0,0,0,118,1.97,2.75,2.6,0.56,93.68,-2.5,2.1,0,1.8,0.18,0.296,6.3,0.935,0.36,8.1,1.058,-1027.8,4,0.53,0.46,0.51,4.9,9.58,5.44,100,8300,93.67,0.5
05/01/2025 04:25,0,0,0,0,125,1.64,2.25,2.3,0.56,93.68,-2.5,2.2,0,1.9,0.16,0.296,6.3,0.935,0.361,8.1,1.06,-1012.3,4,0.56,0.39,0.38,4.88,9.57,5.46,100,8307,93.67,0.6
05/01/2025 04:30,0,0,0,0,129,1.44,1.78,1.9,0.554,93.68,-2.5,2,0,1.9,0.15,0.296,6.2,0.935,0.361,8.1,1.053,-998.1,3.9,0.32,0.09,0.05,4.85,9.56,5.46,100,8303,93.67,0.5
05/01/2025 04:35,0,0,0,0,120,1.8,2.22,1.7,0.55,93.67,-2.5,2,0,1.7,0.14,0.296,6.2,0.938,0.36,8.1,1.053,-992.6,3.8,-0.01,-0.22,-0.28,4.79,9.56,5.46,100,8301,93.66,0.4
05/01/2025 04:40,0,0,0,0,109,2,2.46,1.8,0.546,93.67,-2.5,2.1,0,1.6,0.15,0.296,6.1,0.938,0.36,8,1.058,-993.1,3.7,-0.17,-0.25,-0.25,4.7,9.53,5.47,100,8298,93.65,0.3
05/01/2025 04:45,0,0,0,0,115,1.74,2.17,1.9,0.55,93.67,-2.5,2.1,0,1.5,0.15,0.296,6.1,0.934,0.361,8,1.051,-973,3.7,-0.08,-0.19,-0.19,4.64,9.52,5.46,100,8298,93.65,0.2
05/01/2025 04:50,0,0,0,0,113,2.04,2.56,1.8,0.546,93.66,-2.4,2,0,1.5,0.15,0.296,6,0.938,0.361,8,1.06,-960.9,3.6,-0.28,-0.39,-0.42,4.58,9.5,5.47,100,8296,93.64,0.1
05/01/2025 04:55,0,0,0,0,109,2.25,3.36,2,0.548,93.65,-2.5,2,0,1.5,0.16,0.296,6,0.938,0.361,8,1.051,-957.4,3.6,-0.16,-0.18,-0.16,4.53,9.48,5.46,100,8298,93.64,0.1
05/01/2025 05:00,0,0,0,0,111,2.32,2.99,2,0.548,93.65,-2.5,2.1,0,1.5,0.16,0.296,6,0.939,0.361,8,1.051,-939.1,3.5,-0.02,-0.11,-0.1,4.48,9.48,5.46,100,8296,93.64,0.1
05/01/2025 05:05,0.2,0,0,0,114,2.3,3.19,2,0.55,93.65,-2.5,1.9,0,1.5,0.16,0.296,5.9,0.937,0.361,7.9,1.053,-927.7,3.5,-0.08,-0.19,-0.21,4.46,9.46,5.48,100,8298,93.64,0.1
05/01/2025 05:10,1,0,0,0,121,1.76,2.33,1.5,0.544,93.65,-2.6,2.2,0,1.5,0.14,0.296,5.9,0.939,0.361,7.9,1.051,-918.7,3.4,-0.33,-0.47,-0.53,4.41,9.43,5.47,100,8297,93.63,-0.1
05/01/2025 05:15,2,0,0,0,118,1.85,2.12,1.4,0.538,93.64,-2.5,2,0,1.4,0.14,0.296,5.8,0.939,0.361,7.9,1.053,-916.2,3.3,-0.6,-0.75,-0.8,4.35,9.43,5.48,100,8296,93.63,-0.2
05/01/2025 05:20,3,0,0,0,117,1.81,2.19,1.4,0.534,93.63,-2.4,2.1,0,1.2,0.14,0.296,5.7,0.939,0.361,7.8,1.054,-919,3.2,-0.66,-0.76,-0.79,4.3,9.41,5.48,100,8295,93.62,-0.4
05/01/2025 05:25,4.4,0,0,0,115,1.53,2.01,1,0.528,93.63,-2.5,2.1,0,1,0.13,0.296,5.7,0.937,0.361,7.8,1.059,-892.7,3.1,-0.86,-1.01,-1.05,4.22,9.38,5.47,100,8295,93.62,-0.5
05/01/2025 05:30,6,0,0,0,121,1.57,1.99,0.9,0.526,93.63,-2.4,2,0,0.9,0.13,0.296,5.6,0.938,0.361,7.8,1.051,-892.1,3.1,-1.05,-1.25,-1.27,4.14,9.37,5.47,100,8295,93.62,-0.7
05/01/2025 05:35,7.8,0,0,0,117,1.33,1.83,0.5,0.516,93.63,-2.6,2.1,0,0.6,0.12,0.296,5.6,0.938,0.361,7.7,1.056,-884.5,3,-1.35,-1.6,-1.61,4.07,9.34,5.48,100,8298,93.61,-0.9
05/01/2025 05:40,10.4,0,0,0,115,1.8,2.18,0.9,0.52,93.62,-2.5,2.1,0,0.5,0.13,0.296,5.5,0.94,0.361,7.7,1.049,-877.4,2.9,-1.4,-1.58,-1.56,3.99,9.32,5.48,100,8301,93.61,-1.1
05/01/2025 05:45,13.4,0,0,0,118,1.8,2.42,0.9,0.52,93.62,-2.5,2.1,0,0.5,0.13,0.296,5.5,0.94,0.361,7.7,1.052,-869.4,2.9,-1.3,-1.46,-1.48,3.95,9.3,5.49,100,8295,93.61,-1.1
05/01/2025 05:50,17.6,0,0,0,114,2.12,2.39,1,0.526,93.61,-2.5,2.1,0,0.5,0.13,0.296,5.5,0.94,0.361,7.7,1.056,-866.6,2.9,-1.1,-1.22,-1.16,3.91,9.29,5.48,100,8293,93.6,-1.2
05/01/2025 05:55,22,0,0,0,111,2.04,2.53,0.7,0.528,93.6,-2.6,2.2,0,0.6,0.12,0.296,5.4,0.938,0.361,7.6,1.054,-856,2.9,-0.71,-0.82,-0.75,3.9,9.27,5.48,100,8292,93.6,-1.1
05/01/2025 06:00,27.6,0,0,0,119,1.95,2.31,0.8,0.53,93.61,-2.6,2.1,0,0.6,0.12,0.296,5.4,0.94,0.361,7.6,1.054,-842.9,3.1,-0.55,-0.69,-0.66,3.91,9.25,5.48,100,8292,93.6,-1
05/01/2025 06:05,36,0,0,0,108,1.99,2.23,0.8,0.53,93.6,-2.5,2,0,0.6,0.12,0.296,5.4,0.94,0.361,7.6,1.057,-836.7,3.1,-0.19,-0.23,-0.16,3.92,9.26,5.48,100,8292,93.59,-0.9
05/01/2025 06:10,41.2,0,0,0,112,1.88,2.18,1,0.538,93.6,-2.5,2.1,0,0.7,0.12,0.296,5.4,0.938,0.361,7.5,1.059,-827.2,3.3,0.31,0.32,0.34,3.98,9.22,5.48,100,8290,93.59,-0.7
05/01/2025 06:15,45.8,0,0,0,108,1.9,2.32,1.2,0.542,93.6,-2.6,1.9,0,0.9,0.12,0.296,5.5,0.933,0.361,7.5,1.059,-818.6,3.4,0.93,1.12,1.27,4.04,9.2,5.5,100,8291,93.59,-0.5
05/01/2025 06:20,51.6,0,0,0,121,1.91,2.51,1.6,0.554,93.59,-2.5,2.2,0,1.2,0.13,0.296,5.5,0.929,0.361,7.5,1.059,-809.8,3.5,1.56,1.92,2.27,4.12,9.2,5.49,100,8297,93.59,-0.1
05/01/2025 06:25,39,0,0,0,127,2.07,2.51,2.1,0.562,93.59,-2.6,1.8,0,1.4,0.15,0.296,5.6,0.927,0.361,7.5,1.057,-801.3,3.6,2.23,2.38,2.6,4.28,9.19,5.5,100,8291,93.59,0.2
05/01/2025 06:30,42.2,0,0,0,122,2.11,2.92,2.2,0.57,93.6,-2.4,2.2,0,1.6,0.15,0.296,5.6,0.925,0.361,7.4,1.057,-797.1,3.7,2.34,2.32,2.43,4.38,9.17,5.49,100,8293,93.6,0.4
05/01/2025 06:35,78,0,0,0,119,1.88,2.87,2.6,0.574,93.59,-2.6,2.1,0,2.1,0.16,0.296,5.7,0.924,0.361,7.4,1.057,-789.4,3.8,2.56,2.65,2.81,4.45,9.17,5.5,100,8292,93.59,0.6
05/01/2025 06:40,53.4,0,0,0,126,1.73,2.73,2.8,0.574,93.6,-2.4,2,0,2.5,0.17,0.296,5.8,0.924,0.361,7.4,1.06,-783.4,3.9,2.94,3.03,3.13,4.51,9.15,5.49,100,8290,93.59,0.8
05/01/2025 06:45,48.8,0,0,0,132,1.5,2.36,2.7,0.572,93.6,-2.4,2.2,0,2.7,0.17,0.296,5.8,0.924,0.361,7.4,1.057,-776.1,3.9,3,3.07,3.18,4.57,9.14,5.5,100,8293,93.59,1
05/01/2025 06:50,58.4,0,0,0,103,1.04,1.58,2.5,0.564,93.59,-2.4,2.1,0,2.8,0.17,0.296,5.9,0.92,0.361,7.4,1.057,-771.6,4,3.36,3.54,4.04,4.6,9.12,5.5,100,8292,93.59,1.2
05/01/2025 06:55,119.4,0,0,0,110,1.01,1.52,2.6,0.574,93.58,-2.4,2.2,0,3.1,0.16,0.296,5.9,0.917,0.361,7.3,1.055,-767.7,4.1,4.38,5.24,6.67,4.75,9.09,5.5,100,8311,93.59,1.6
05/01/2025 07:00,111,0,0,0,110,1.41,1.79,3.3,0.58,93.59,-2.3,2.3,0,3.9,0.19,0.296,6.1,0.912,0.361,7.3,1.057,-755.3,4.4,6.68,7.64,9.16,5.09,9.08,5.5,100,8298,93.6,2.5
05/01/2025 07:05,132.8,0,0,0,123,1.36,1.92,3.6,0.586,93.59,-2.3,2.1,0,4.3,0.21,0.296,6.2,0.91,0.361,7.3,1.057,-759.4,4.8,7.41,8.25,9.33,5.45,9.06,5.49,100,8314,93.6,2.9
05/01/2025 07:10,169.8,0,0,0,116,1.37,1.93,4.1,0.594,93.59,-2.2,2.2,0,5.2,0.23,0.296,6.2,0.908,0.361,7.3,1.057,-754.2,5.3,9.05,10.35,12.13,5.8,9.05,5.5,100,8317,93.61,3.8
05/01/2025 07:15,170.4,0,0,0,121,1.53,2.35,4.6,0.604,93.59,-2.3,2.3,0,6,0.25,0.296,6.4,0.903,0.361,7.3,1.052,-741.6,5.9,10.37,11.54,13.07,6.22,9.03,5.51,100,8314,93.61,4.6
05/01/2025 07:20,173.8,0,0,0,124,1.81,2.36,5.1,0.594,93.59,-2.2,2.2,0,6.6,0.29,0.296,6.6,0.898,0.361,7.3,1.055,-740.3,6.1,10.77,11.82,12.97,6.57,9.01,5.51,100,8317,93.61,5.2
05/01/2025 07:25,199.4,0,0,0,146,1.69,2.74,5.5,0.594,93.59,-2.2,2.3,0,7.2,0.31,0.296,6.9,0.893,0.361,7.3,1.052,-737.7,6.5,11.23,12.83,13.99,6.86,9.01,5.51,100,8320,93.61,5.8
05/01/2025 07:30,204.6,0,0,0,137,1.77,2.75,6,0.594,93.59,-2.1,2.3,0,7.8,0.34,0.296,7.3,0.884,0.361,7.3,1.055,-733,7.2,11.84,13.4,14.54,7.16,8.99,5.5,100,8325,93.61,6.5
05/01/2025 07:35,179.2,0,0,0,124,1.8,2.57,6.2,0.594,93.6,-2,2.1,0,8.3,0.36,0.296,7.6,0.872,0.361,7.3,1.055,-733.2,7.8,12.3,13.25,14.35,7.44,8.97,5.51,100,8323,93.61,6.9
05/01/2025 07:40,225.6,0,0,0,131,1.54,2.23,6.8,0.596,93.59,-2.1,2.2,0,8.7,0.39,0.296,7.9,0.868,0.361,7.3,1.055,-734.2,8.2,12.49,13.66,14.95,7.67,8.97,5.51,100,8331,93.6,7.3
05/01/2025 07:45,238.2,0,0,0,137,1.87,2.54,6.9,0.588,93.58,-1.9,2.2,0,9.4,0.41,0.296,8.2,0.861,0.361,7.3,1.054,-722.1,8.8,13.07,14.47,15.85,7.93,8.93,5.51,100,8340,93.6,7.8
05/01/2025 07:50,252.8,0,0,0,140,1.81,3.27,7.3,0.58,93.58,-2,2.3,0,9.9,0.44,0.295,8.6,0.856,0.361,7.3,1.052,-723.3,9.3,13.58,15.02,16.46,8.21,8.92,5.52,100,8346,93.6,8.3
05/01/2025 07:55,274.4,0,0,0,136,1.92,2.68,7.6,0.576,93.57,-2,2.4,0,10.5,0.47,0.295,8.9,0.849,0.361,7.3,1.052,-718.8,9.9,14.27,15.7,17.35,8.5,8.92,5.52,100,8352,93.59,8.8
05/01/2025 08:00,290.4,0,0,0,136,1.86,2.66,8,0.574,93.57,-2.1,2.4,0,11,0.5,0.295,9.3,0.844,0.361,7.3,1.052,-713.8,10.5,14.85,16.14,17.79,8.78,8.9,5.52,100,8357,93.59,9.2
05/01/2025 08:05,308.6,0,0,0,137,1.88,2.79,8.2,0.572,93.57,-1.9,2.2,0,11.6,0.51,0.295,9.6,0.835,0.361,7.3,1.052,-707.1,11,15.32,16.69,18.48,9.08,8.89,5.52,100,8361,93.59,9.7
05/01/2025 08:10,321,0,0,0,148,1.89,2.71,8.5,0.574,93.57,-1.7,2.1,0,12,0.54,0.295,9.9,0.829,0.361,7.3,1.052,-706.8,11.5,15.78,17.36,19.11,9.4,8.87,5.53,100,8366,93.59,10.1
05/01/2025 08:15,335.2,0,0,0,153,2.08,2.73,8.6,0.57,93.57,-1.9,2.2,0,12.5,0.55,0.295,10.3,0.826,0.361,7.3,1.052,-715.6,12,16.01,17.73,19.23,9.68,8.85,5.51,100,8369,93.58,10.6
05/01/2025 08:20,349.8,0,0,0,181,1.81,2.75,9,0.574,93.56,-1.9,2.3,0,12.9,0.57,0.294,10.6,0.821,0.361,7.3,1.055,-705.3,12.5,16.15,18.6,20.67,9.93,8.84,5.52,100,8380,93.58,11
05/01/2025 08:25,364.6,0,0,0,170,1.78,3.4,9.2,0.564,93.56,-1.8,2.4,0,13.3,0.6,0.294,10.9,0.817,0.361,7.4,1.052,-702.1,12.9,16.74,19.08,20.99,10.19,8.83,5.53,100,8384,93.58,11.4
05/01/2025 08:30,381.2,0,0,0,159,2.07,4.23,9.6,0.566,93.55,-1.8,2.3,0,13.8,0.63,0.294,11.2,0.812,0.361,7.4,1.057,-702.7,13.3,17.34,19.11,20.84,10.49,8.81,5.51,100,8399,93.57,11.8
05/01/2025 08:35,399.4,0,0,0,164,1.98,3.73,10.1,0.568,93.55,-1.8,2.4,0,14.2,0.67,0.294,11.5,0.809,0.361,7.4,1.074,-701.4,13.8,17.98,19.94,21.69,10.77,8.78,5.53,100,8377,93.57,12.2
05/01/2025 08:40,418.6,0,0,0,148,1.98,3.22,10.3,0.558,93.55,-1.6,2.3,0,14.6,0.69,0.294,11.8,0.807,0.361,7.5,1.111,-702.6,14.2,18.27,19.74,21.41,11.06,8.78,5.52,100,8434,93.58,12.6
05/01/2025 08:45,423.6,0,0,0,161,1.88,2.85,10.5,0.556,93.55,-1.7,2.1,0,15,0.72,0.294,12.1,0.801,0.361,7.5,1.101,-706.3,14.6,18.63,20.3,22.14,11.37,8.76,5.53,100,8463,93.57,12.9
05/01/2025 08:50,435.8,0,0,0,165,2.07,3.49,11,0.548,93.55,-1.6,2.1,0,15.3,0.76,0.293,12.4,0.793,0.361,7.6,1.106,-709.6,15,18.99,20.67,22.42,11.65,8.75,5.53,100,8482,93.57,13.3
05/01/2025 08:55,436.2,0,0,0,140,1.33,3.26,11.6,0.55,93.54,-1.6,2.2,0,15.8,0.82,0.294,12.7,0.795,0.361,7.6,1.106,-707.3,15.4,19.82,21.05,23.23,11.95,8.74,5.54,100,8491,93.56,13.6
05/01/2025 09:00,456.2,0,0,0,200,1.26,2.22,11.8,0.542,93.54,-1.5,2.5,0,16.3,0.84,0.293,13,0.793,0.361,7.7,1.103,-714.5,15.7,19.81,22.28,25.29,12.29,8.73,5.53,100,8502,93.56,14.1
05/01/2025 09:05,464.2,0,0,0,191,1.12,2.23,12.4,0.534,93.53,-1.4,2.3,0,16.8,0.91,0.292,13.4,0.791,0.361,7.7,1.098,-719.8,16.1,20.86,23.09,25.8,12.63,8.73,5.55,100,8510,93.55,14.6
05/01/2025 09:10,478.4,0,0,0,185,1.91,2.94,12.8,0.534,93.52,-1.3,2.4,0,17.4,0.94,0.291,13.6,0.791,0.361,7.8,1.103,-726.1,16.5,21.11,23.44,25.71,12.98,8.73,5.53,100,8517,93.54,15.2
05/01/2025 09:15,478.6,0,0,0,216,1.95,3.67,13.3,0.526,93.52,-1.6,2,0,17.7,1,0.291,13.8,0.788,0.361,7.9,1.1,-728.1,16.8,20.73,23.46,26.02,13.22,8.69,5.55,100,8529,93.54,15.7
05/01/2025 09:20,523.2,0,0,0,214,2.27,3.23,13.6,0.516,93.52,-1.1,2.5,0,18,1.04,0.291,14,0.787,0.361,7.9,1.065,-735.2,17.2,20.77,23.55,26.11,13.42,8.69,5.55,100,8539,93.53,16.1
05/01/2025 09:25,539.6,0,0,0,213,2.85,4.57,13.7,0.504,93.51,-1.5,2.3,0,18.3,1.06,0.291,14.2,0.785,0.361,8,1.061,-744.7,17.7,20.58,23.36,25.86,13.61,8.68,5.53,100,8554,93.53,16.6
05/01/2025 09:30,528.4,0,0,0,211,2.34,3.76,14,0.498,93.51,-1.7,2,0,18.5,1.1,0.291,14.5,0.781,0.361,8,1.06,-745.8,18,20.94,23.74,26.35,13.79,8.68,5.54,100,8519,93.52,16.9
05/01/2025 09:35,427.8,0,0,0,211,2.96,5.27,14,0.492,93.51,-1.4,2.2,0,18.3,1.1,0.291,14.7,0.782,0.361,8.1,1.056,-731.1,18.4,20.28,22.59,24.22,13.99,8.67,5.55,100,8539,93.51,17.1
05/01/2025 09:40,530.4,0,0,0,238,1.84,3.45,14.2,0.492,93.5,-1.2,2.5,0,18.5,1.12,0.291,14.7,0.784,0.36,8.2,1.059,-748.9,18.9,20.27,22.95,25.8,13.94,8.66,5.55,100,8539,93.51,17.2
05/01/2025 09:45,563.2,0,0,0,255,3.7,5.61,14.8,0.494,93.49,-1.9,2.1,0,18.9,1.19,0.291,14.9,0.783,0.36,8.3,1.054,-794.9,19.9,20.72,23.47,26.34,14.03,8.65,5.55,100,8576,93.5,17.7
05/01/2025 09:50,535.2,0,0,0,223,2.53,4.44,15.1,0.496,93.49,-1,2.5,0,19.2,1.22,0.291,15.2,0.775,0.36,8.3,1.051,-846.6,20.8,21.41,23.96,26.47,14.2,8.66,5.54,100,8515,93.5,18.1
05/01/2025 09:55,529.6,0,0,0,256,4.5,7.75,15.1,0.474,93.5,-1.4,3.6,0,19.1,1.24,0.29,15.3,0.781,0.359,8.4,1.062,-902.2,21.1,20.61,22.73,24.51,14.33,8.64,5.56,100,8629,93.49,18.3
05/01/2025 10:00,557,0,0,0,181,4.98,8.51,15.6,0.458,93.49,-2,1.1,0,18.9,1.32,0.289,15.2,0.776,0.36,8.5,1.064,-959.2,18.5,20.68,22.7,25.24,14.29,8.63,5.56,100,8426,93.49,18.6
05/01/2025 10:05,563.6,0,0,0,216,5.2,7.31,15.5,0.46,93.48,-2.7,1.5,0,19,1.3,0.289,15.4,0.788,0.36,8.5,1.063,-1010.2,15,20.37,22.09,24.13,14.45,8.65,5.55,100,8416,93.48,19.3
05/01/2025 10:10,611.4,0,0,0,235,4.19,6.32,15.7,0.458,93.48,-3.4,0.6,0,19.1,1.33,0.296,15.4,0.796,0.36,8.6,1.054,-1054.9,13.7,20.34,21.72,23.31,14.52,8.64,5.55,100,8646,93.47,19.7
05/01/2025 10:15,646,0,0,0,285,3.84,5.6,16.4,0.468,93.47,0.1,-0.2,0,19.4,1.4,0.296,15.4,0.815,0.359,8.7,1.064,-1118.1,13,21.6,23.08,25.19,14.56,8.64,5.56,100,8669,93.47,19.5
05/01/2025 10:20,649.6,0,0,0,307,6.15,8.21,16.3,0.46,93.47,-0.7,1.4,0,19.8,1.39,0.297,15.6,0.806,0.359,8.7,1.067,-1163.3,12.6,21.5,23.2,25.41,14.56,8.62,5.56,100,8668,93.47,19.5
05/01/2025 10:25,651.4,0,0,0,291,5.41,9.3,16.5,0.45,93.47,-0.2,0.2,0,19.9,1.42,0.296,15.9,0.804,0.359,8.8,1.066,-1192.1,12.3,21.86,23.45,25.49,14.58,8.62,5.56,100,8655,93.47,19.7
05/01/2025 10:30,649.4,0,0,0,294,5.78,9.1,16.5,0.452,93.46,0.4,1.8,0,20,1.43,0.296,16.1,0.802,0.359,8.9,1.065,-1227.1,12.1,22.01,23.13,24.93,14.63,8.62,5.56,100,8664,93.46,20
05/01/2025 10:35,666,0,0,0,294,5.43,9.79,16.9,0.452,93.46,0.8,0.3,0,20.1,1.47,0.296,16.2,0.801,0.358,8.9,1.065,-1291.5,12.1,22.7,23.61,25.63,14.75,8.63,5.56,100,8656,93.45,20.3
05/01/2025 10:40,670,0,0,0,278,5.12,8.03,17,0.456,93.46,-1.4,0.9,0,20.3,1.48,0.296,16.5,0.801,0.358,9,1.063,-1302.6,12.1,22.58,24.11,26.21,14.94,8.63,5.56,100,8652,93.45,20.6
05/01/2025 10:45,661.8,0,0,0,287,5.71,7.79,17,0.444,93.46,0.3,-0.7,0,20.4,1.49,0.296,16.7,0.793,0.358,9,1.06,-1345.5,12.2,22.35,23.96,25.81,15.09,8.64,5.56,100,8643,93.45,20.9
05/01/2025 10:50,677.2,0,0,0,292,4.98,6.86,17,0.446,93.46,0.1,0.7,0,20.5,1.5,0.296,17,0.79,0.358,9.1,1.072,-1396.7,12.4,22.38,23.99,25.92,15.2,8.63,5.58,100,8554,93.45,21.1
05/01/2025 10:55,676.8,0,0,0,280,4.36,6.96,17.3,0.452,93.45,0.7,-0.8,0,20.5,1.52,0.296,17.2,0.804,0.359,9.1,1.069,-1432.2,12.6,23.07,24.68,26.67,15.37,8.63,5.56,100,8642,93.43,21.4
05/01/2025 11:00,680.4,0,0,0,286,5.52,8.51,17.5,0.438,93.45,-0.4,0.1,0,20.8,1.56,0.295,17.5,0.785,0.359,9.2,1.066,-1461.5,12.8,23.2,24.74,26.46,15.57,8.64,5.57,100,8630,93.43,21.7
05/01/2025 11:05,674.2,0,0,0,301,5.4,8.78,17.3,0.418,93.44,0.4,-0.4,0,20.7,1.56,0.296,17.8,0.788,0.358,9.2,1.074,-1495.9,13,22.95,24.39,26.22,15.7,8.64,5.57,100,8627,93.42,21.8
05/01/2025 11:10,702.4,0,0,0,299,5.32,7.1,17.8,0.412,93.43,0.1,0,0,20.8,1.62,0.295,18,0.787,0.358,9.3,1.074,-1532.8,13.2,23.26,24.66,25.93,15.78,8.65,5.57,100,8630,93.41,21.9
05/01/2025 11:15,715,0,0,0,296,5.85,11.81,17.9,0.404,93.43,0.2,-0.9,0,21,1.64,0.296,18.2,0.786,0.358,9.3,1.074,-1570,13.4,23.44,24.97,26.2,15.84,8.64,5.57,100,8628,93.4,22.2
05/01/2025 11:20,739.8,0,0,0,288,6.95,11.33,18.4,0.394,93.42,0,2.8,0,21.2,1.73,0.295,18.5,0.786,0.358,9.4,1.073,-1606.6,13.6,23.72,24.98,26.43,15.98,8.66,5.58,100,8604,93.4,22.4
05/01/2025 11:25,767.4,0,0,0,283,5.49,7.85,18.8,0.392,93.42,-3.2,-0.3,0,21.4,1.77,0.295,18.5,0.79,0.359,9.4,1.072,-1662.6,13.7,24.22,25.65,26.96,16.14,8.66,5.58,100,8611,93.4,22.6
05/01/2025 11:30,745.8,0,0,0,289,5.48,7.14,18.6,0.384,93.42,-1.7,0.2,0,21.6,1.76,0.295,18.8,0.779,0.359,9.5,1.074,-1696.7,13.6,24.61,25.88,27.4,16.32,8.66,5.58,100,8599,93.38,22.9
05/01/2025 11:35,751.4,0,0,0,289,6.25,9.9,18.7,0.37,93.41,-0.8,0.5,0,21.7,1.78,0.294,19.1,0.78,0.359,9.5,1.075,-1745,13.7,24.16,25.74,27.03,16.44,8.67,5.57,100,8599,93.38,23.1
05/01/2025 11:40,761.4,0,0,0,294,6.32,10.13,18.8,0.36,93.41,-1.6,1.3,0,21.7,1.81,0.294,19.2,0.78,0.359,9.6,1.074,-1796.8,13.8,23.96,25.45,26.69,16.44,8.68,5.58,100,8596,93.37,23.2
05/01/2025 11:45,769.4,0,0,0,291,6.27,9.12,19.3,0.36,93.4,-0.2,0.2,0,21.9,1.87,0.294,19.4,0.78,0.359,9.6,1.072,-1844.1,13.9,24.46,25.86,27.19,16.48,8.69,5.58,100,8595,93.37,23.4
05/01/2025 11:50,772.4,0,0,0,292,7.37,11.7,18.9,0.352,93.4,-1.6,0.1,0,21.9,1.84,0.294,19.6,0.779,0.358,9.7,1.074,-1889.3,14,24.22,25.65,26.87,16.63,8.69,5.59,100,8586,93.37,23.5
05/01/2025 11:55,762.8,0,0,0,306,6.26,8.9,19.5,0.358,93.39,-0.7,0.5,0,21.9,1.91,0.294,19.8,0.777,0.359,9.7,1.074,-1894.1,14.2,24.53,25.73,26.99,16.76,8.7,5.59,100,8582,93.36,23.6
05/01/2025 12:00,768.8,0,0,0,286,6.58,10.6,19.2,0.352,93.4,-1.2,-0.1,0,22,1.87,0.293,20,0.777,0.358,9.8,1.066,-1971.9,14.3,24.52,25.72,26.9,16.84,8.71,5.58,100,8575,93.36,23.7
05/01/2025 12:05,769.4,0,0,0,291,6.49,10.87,19.4,0.352,93.4,-0.6,0.5,0,22.1,1.9,0.293,20.1,0.775,0.358,9.8,1.074,-1956.6,14.5,24.61,25.78,26.7,16.93,8.73,5.59,100,8569,93.36,23.9
05/01/2025 12:10,775.8,0,0,0,315,6.51,9.95,19.6,0.348,93.39,-1,0,0,22.1,1.94,0.293,20.3,0.776,0.358,9.9,1.068,-2039.8,14.6,24.83,25.86,27.07,16.95,8.72,5.59,100,8569,93.35,24
05/01/2025 12:15,775.6,0,0,0,285,6.72,9.95,19.4,0.344,93.39,-1.4,0.1,0,22.2,1.91,0.293,20.5,0.777,0.358,9.9,1.07,-2060.6,14.8,24.84,25.46,25.69,16.88,8.74,5.59,100,8563,93.35,24
05/01/2025 12:20,775.8,0,0,0,295,7.99,11.03,19.6,0.338,93.38,-0.8,-0.3,0,22.2,1.94,0.293,20.7,0.773,0.358,10,1.07,-2088.3,15,24.63,24.7,25.07,16.93,8.75,5.59,100,8563,93.35,24.2
05/01/2025 12:25,767.6,0,0,0,292,7.27,10.42,19.2,0.33,93.39,-0.6,0,0,22.1,1.89,0.293,20.7,0.777,0.359,10,1.066,-2101.3,15.1,24.29,24.5,25.55,16.99,8.75,5.6,100,8561,93.36,24.1
05/01/2025 12:30,769.2,0,0,0,306,5.1,7.93,19.7,0.33,93.38,-1.1,0.6,0,22,1.96,0.292,20.7,0.767,0.362,10.1,1.055,-2113,15.2,24.89,25.37,26.63,17.11,8.76,5.59,100,8545,93.34,24.1
